{"train_loss": 0.01170424185693264, "train_grad": 0.03663566708564758, "test_loss": 0.011931480839848518, "test_grad": 0.03643620386719704, "_timestamp": 1717629856.3984625, "_runtime": 68.84808850288391, "_step": 9, "gradients/linear.bias": {"_type": "histogram", "values": [1.0, 0.0, 0.0, 0.0, 0.0, 0.0, 0.0, 0.0, 0.0, 0.0, 0.0, 0.0, 1.0, 0.0, 0.0, 0.0, 1.0, 0.0, 1.0, 0.0, 0.0, 0.0, 0.0, 0.0, 1.0, 1.0, 0.0, 0.0, 1.0, 0.0, 0.0, 0.0, 1.0, 1.0, 0.0, 0.0, 0.0, 0.0, 0.0, 0.0, 0.0, 0.0, 0.0, 0.0, 0.0, 0.0, 0.0, 0.0, 0.0, 0.0, 0.0, 0.0, 1.0, 0.0, 0.0, 0.0, 0.0, 0.0, 0.0, 0.0, 1.0, 0.0, 0.0, 1.0], "bins": [-0.00033564044861122966, -0.000325012399116531, -0.00031438434962183237, -0.0003037563001271337, -0.0002931282506324351, -0.00028250020113773644, -0.0002718721516430378, -0.0002612441312521696, -0.0002506160526536405, -0.00023998800315894186, -0.00022935995366424322, -0.00021873190416954458, -0.00020810385467484593, -0.0001974758051801473, -0.00018684777023736387, -0.00017621972074266523, -0.00016559168579988182, -0.00015496363630518317, -0.00014433558681048453, -0.00013370753731578588, -0.00012307948782108724, -0.00011245144560234621, -0.00010182340338360518, -9.119535388890654e-05, -8.05673043942079e-05, -6.993925489950925e-05, -5.9311209042789415e-05, -4.868316318606958e-05, -3.8055113691370934e-05, -2.742706419667229e-05, -1.679902197793126e-05, -6.170972483232617e-06, 4.4570479076355696e-06, 1.508509558334481e-05, 2.571314325905405e-05, 3.6341189115773886e-05, 4.696923861047253e-05, 5.7597288105171174e-05, 6.82253303239122e-05, 7.885337981861085e-05, 8.948142931330949e-05, 0.00010010947880800813, 0.00011073752830270678, 0.00012136557052144781, 0.00013199361274018884, 0.00014262166223488748, 0.00015324971172958612, 0.00016387776122428477, 0.0001745058107189834, 0.00018513386021368206, 0.0001957619097083807, 0.00020638995920307934, 0.000217018008697778, 0.00022764605819247663, 0.00023827409313526005, 0.00024890212807804346, 0.00025953020667657256, 0.0002701582561712712, 0.00028078630566596985, 0.0002914143551606685, 0.00030204240465536714, 0.0003126704541500658, 0.0003232985036447644, 0.0003339265240356326, 0.00034455457353033125]}, "gradients/linear.weight": {"_type": "histogram", "values": [1.0, 0.0, 0.0, 0.0, 0.0, 0.0, 0.0, 2.0, 0.0, 3.0, 0.0, 0.0, 5.0, 0.0, 2.0, 0.0, 0.0, 4.0, 4.0, 12.0, 12.0, 5.0, 14.0, 18.0, 25.0, 23.0, 32.0, 25.0, 50.0, 61.0, 64.0, 78.0, 89.0, 79.0, 101.0, 96.0, 109.0, 95.0, 82.0, 71.0, 61.0, 61.0, 47.0, 32.0, 29.0, 26.0, 29.0, 17.0, 18.0, 14.0, 12.0, 4.0, 6.0, 2.0, 3.0, 3.0, 2.0, 1.0, 3.0, 1.0, 0.0, 1.0, 1.0, 1.0], "bins": [-0.00029117948724888265, -0.0002829450531862676, -0.0002747106191236526, -0.000266476214164868, -0.00025824178010225296, -0.0002500073460396379, -0.00024177291197702289, -0.00023353847791440785, -0.00022530405840370804, -0.000217069624341093, -0.0002088352048303932, -0.00020060077076777816, -0.00019236633670516312, -0.0001841319171944633, -0.00017589748313184828, -0.00016766306362114847, -0.00015942862955853343, -0.0001511941954959184, -0.00014295977598521858, -0.00013472534192260355, -0.00012649092241190374, -0.0001182564883492887, -0.00011002205428667367, -0.00010178762750001624, -9.355320071335882e-05, -8.53187739267014e-05, -7.708434714004397e-05, -6.884991307742894e-05, -6.0615486290771514e-05, -5.238105950411409e-05, -4.414662907947786e-05, -3.591219865484163e-05, -2.7677742764353752e-05, -1.9443314158706926e-05, -1.12088855530601e-05, -2.974456947413273e-06, 5.259971658233553e-06, 1.3494398444890976e-05, 2.1728828869527206e-05, 2.9963259294163436e-05, 3.819768608082086e-05, 4.643211286747828e-05, 5.466654329211451e-05, 6.290097371675074e-05, 7.113540050340816e-05, 7.936982729006559e-05, 8.760426135268062e-05, 9.583868813933805e-05, 0.00010407311492599547, 0.00011230754171265289, 0.00012054196849931031, 0.00012877640256192535, 0.00013701082207262516, 0.0001452452561352402, 0.00015347969019785523, 0.00016171412426047027, 0.00016994854377117008, 0.00017818297783378512, 0.00018641739734448493, 0.00019465183140709996, 0.000202886265469715, 0.0002111206849804148, 0.00021935511904302984, 0.00022758953855372965, 0.0002358239726163447]}, "gradients/gru_block.bias_hh_l0": {"_type": "histogram", "values": [1.0, 0.0, 0.0, 0.0, 0.0, 0.0, 0.0, 0.0, 1.0, 0.0, 0.0, 0.0, 0.0, 0.0, 1.0, 1.0, 1.0, 3.0, 0.0, 0.0, 2.0, 3.0, 0.0, 0.0, 2.0, 2.0, 2.0, 3.0, 7.0, 4.0, 5.0, 5.0, 5.0, 7.0, 18.0, 21.0, 56.0, 96.0, 54.0, 30.0, 6.0, 8.0, 4.0, 1.0, 4.0, 3.0, 4.0, 3.0, 1.0, 3.0, 2.0, 3.0, 1.0, 1.0, 1.0, 0.0, 1.0, 1.0, 2.0, 0.0, 1.0, 1.0, 0.0, 3.0], "bins": [-0.0002422366087557748, -0.0002357572375331074, -0.00022927786631044, -0.0002227984950877726, -0.00021631910931318998, -0.00020983975264243782, -0.0002033603668678552, -0.0001968809956451878, -0.0001904016244225204, -0.000183922253199853, -0.0001774428819771856, -0.0001709635107545182, -0.00016448413953185081, -0.0001580047537572682, -0.0001515253825346008, -0.0001450460113119334, -0.000138566640089266, -0.0001320872688665986, -0.0001256078976439312, -0.0001191285191453062, -0.0001126491479226388, -0.00010616977669997141, -9.96903982013464e-05, -9.3211026978679e-05, -8.67316557560116e-05, -8.025228453334421e-05, -7.377291331067681e-05, -6.72935348120518e-05, -6.081416358938441e-05, -5.433479236671701e-05, -4.785541750607081e-05, -4.1376042645424604e-05, -3.489667142275721e-05, -2.841729838110041e-05, -2.193792533944361e-05, -1.545855229778681e-05, -8.97917925613001e-06, -2.499808033462614e-06, 3.979566827183589e-06, 1.0458941687829792e-05, 1.693831291049719e-05, 2.3417685952153988e-05, 2.9897058993810788e-05, 3.637643385445699e-05, 4.285580507712439e-05, 4.933517629979178e-05, 5.5814551160437986e-05, 6.229392602108419e-05, 6.877329724375159e-05, 7.525266846641898e-05, 8.173203968908638e-05, 8.821141818771139e-05, 9.469078941037878e-05, 0.00010117016063304618, 0.00010764953913167119, 0.00011412891035433859, 0.00012060828157700598, 0.00012708765279967338, 0.00013356702402234077, 0.00014004639524500817, 0.00014652576646767557, 0.0001530051522422582, 0.0001594845234649256, 0.00016596389468759298, 0.00017244326591026038]}, "gradients/gru_block.weight_hh_l0": {"_type": "histogram", "values": [2.0, 1.0, 1.0, 0.0, 1.0, 0.0, 3.0, 0.0, 5.0, 4.0, 12.0, 8.0, 17.0, 18.0, 22.0, 24.0, 26.0, 37.0, 53.0, 93.0, 114.0, 145.0, 217.0, 273.0, 395.0, 522.0, 753.0, 1096.0, 1840.0, 3569.0, 12817.0, 17271.0, 3937.0, 1888.0, 1161.0, 765.0, 535.0, 392.0, 312.0, 212.0, 154.0, 121.0, 95.0, 65.0, 39.0, 31.0, 28.0, 14.0, 18.0, 9.0, 7.0, 4.0, 3.0, 5.0, 4.0, 4.0, 3.0, 3.0, 2.0, 0.0, 1.0, 0.0, 0.0, 1.0],