{"train_loss": 18.834505081176758, "test_loss": 18.735401153564453, "_timestamp": 1717512309.185857, "_runtime": 81.43986916542053, "_step": 6, "_wandb": {"runtime": 92}}