{"train_loss": 0.823451578617096, "test_loss": 0.9519039392471313, "_timestamp": 1717443639.4493258, "_runtime": 435.0576798915863, "_step": 2499, "gradients/net.4.bias": {"_type": "histogram", "values": [1.0, 0.0, 0.0, 0.0, 0.0, 0.0, 0.0, 0.0, 0.0, 0.0, 0.0, 0.0, 0.0, 0.0, 0.0, 0.0, 0.0, 0.0, 0.0, 0.0, 0.0, 0.0, 0.0, 0.0, 0.0, 0.0, 0.0, 0.0, 0.0, 0.0, 0.0, 0.0, 0.0, 0.0, 0.0, 0.0, 0.0, 0.0, 0.0, 0.0, 0.0, 0.0, 0.0, 0.0, 0.0, 0.0, 0.0, 0.0, 0.0, 0.0, 0.0, 0.0, 0.0, 0.0, 0.0, 0.0, 0.0, 0.0, 0.0, 0.0, 0.0, 0.0, 0.0, 1.0], "bins": [-0.31412795186042786, -0.3117128312587738, -0.30929774045944214, -0.3068826198577881, -0.30446749925613403, -0.30205240845680237, -0.2996372878551483, -0.29722216725349426, -0.2948070764541626, -0.29239195585250854, -0.2899768650531769, -0.2875617444515228, -0.2851466238498688, -0.2827315330505371, -0.28031641244888306, -0.277901291847229, -0.27548617124557495, -0.2730710506439209, -0.27065595984458923, -0.2682408392429352, -0.26582571864128113, -0.26341062784194946, -0.2609955072402954, -0.25858038663864136, -0.2561652958393097, -0.25375017523765564, -0.251335084438324, -0.24891996383666992, -0.24650485813617706, -0.244089737534523, -0.24167463183403015, -0.2392595261335373, -0.23684442043304443, -0.23442931473255157, -0.23201419413089752, -0.22959908843040466, -0.2271839827299118, -0.22476886212825775, -0.2223537564277649, -0.21993865072727203, -0.21752354502677917, -0.21510843932628632, -0.21269331872463226, -0.2102782130241394, -0.20786310732364655, -0.2054479867219925, -0.20303288102149963, -0.20061777532100677, -0.19820265471935272, -0.19578754901885986, -0.1933724284172058, -0.19095732271671295, -0.1885422170162201, -0.18612709641456604, -0.18371199071407318, -0.18129688501358032, -0.17888176441192627, -0.1764666587114334, -0.17405153810977936, -0.1716364324092865, -0.16922132670879364, -0.1668062061071396, -0.16439110040664673, -0.16197599470615387, -0.159560889005661]}, "gradients/net.4.weight": {"_type": "histogram", "values": [228.0, 0.0, 0.0, 0.0, 0.0, 0.0, 0.0, 0.0, 0.0, 0.0, 0.0, 28.0, 0.0, 0.0, 0.0, 0.0, 0.0, 0.0, 0.0, 0.0, 0.0, 0.0, 0.0, 0.0, 0.0, 0.0, 0.0, 0.0, 0.0, 0.0, 0.0, 0.0, 0.0, 0.0, 0.0, 0.0, 0.0, 0.0, 0.0, 0.0, 0.0, 0.0, 0.0, 0.0, 0.0, 0.0, 0.0, 0.0, 0.0, 0.0, 0.0, 0.0, 12.0, 0.0, 0.0, 0.0, 0.0, 0.0, 0.0, 0.0, 0.0, 0.0, 0.0, 244.0], "bins": [-0.2208276391029358, -0.21905721724033356, -0.21728681027889252, -0.21551638841629028, -0.21374596655368805, -0.211975559592247, -0.21020513772964478, -0.20843471586704254, -0.2066643089056015, -0.20489388704299927, -0.20312348008155823, -0.201353058218956, -0.19958263635635376, -0.19781222939491272, -0.19604180753231049, -0.19427138566970825, -0.19250096380710602, -0.19073054194450378, -0.18896013498306274, -0.1871897131204605, -0.18541929125785828, -0.18364888429641724, -0.181878462433815, -0.18010804057121277, -0.17833763360977173, -0.1765672117471695, -0.17479680478572845, -0.17302638292312622, -0.171255961060524, -0.16948555409908295, -0.1677151322364807, -0.16594471037387848, -0.16417430341243744, -0.1624038815498352, -0.16063347458839417, -0.15886305272579193, -0.1570926308631897, -0.15532222390174866, -0.15355180203914642, -0.1517813801765442, -0.15001095831394196, -0.14824053645133972, -0.14647012948989868, -0.14469970762729645, -0.1429292857646942, -0.14115887880325317, -0.13938845694065094, -0.1376180350780487, -0.13584762811660767, -0.13407720625400543, -0.1323067992925644, -0.13053637742996216, -0.12876595556735992, -0.12699554860591888, -0.12522512674331665, -0.12345471233129501, -0.12168429791927338, -0.11991388350725174, -0.1181434616446495, -0.11637304723262787, -0.11460263282060623, -0.112832210958004, -0.11106179654598236, -0.10929138213396072, -0.10752096027135849]}, "gradients/net.2.bias": {"_type": "histogram", "values": [1.0, 0.0, 0.0, 0.0, 0.0, 0.0, 2.0, 1.0, 1.0, 1.0, 0.0, 3.0, 3.0, 1.0, 4.0, 0.0, 3.0, 2.0, 5.0, 84.0, 3.0, 3.0, 3.0, 0.0, 1.0, 0.0, 0.0, 0.0, 2.0, 1.0, 0.0, 0.0, 4.0, 3.0, 6.0, 1.0, 95.0, 1.0, 3.0, 1.0, 2.0, 2.0, 4.0, 0.0, 1.0, 2.0, 2.0, 1.0, 1.0, 1.0, 0.0, 0.0, 0.0, 0.0, 0.0, 0.0, 0.0, 0.0, 0.0, 0.0, 1.0, 0.0, 0.0, 1.0], "bins": [-0.03273662552237511, -0.031563058495521545, -0.030389495193958282, -0.02921592816710472, -0.02804236300289631, -0.026868797838687897, -0.025695230811834335, -0.024521665647625923, -0.02334810048341751, -0.0221745353192091, -0.021000970155000687, -0.019827403128147125, -0.018653837963938713, -0.0174802727997303, -0.01630670577287674, -0.015133140608668327, -0.013959575444459915, -0.012786010280251503, -0.011612444184720516, -0.01043887808918953, -0.009265312924981117, -0.008091747760772705, -0.006918181665241718, -0.0057446155697107315, -0.004571050405502319, -0.00339748477563262, -0.0022239191457629204, -0.001050353515893221, 0.00012321211397647858, 0.001296777743846178, 0.0024703433737158775, 0.0036439094692468643, 0.004817478358745575, 0.005991043988615274, 0.007164609618484974, 0.00833817571401596, 0.009511740878224373, 0.010685306042432785, 0.011858872137963772, 0.013032438233494759, 0.01420600339770317, 0.015379568561911583, 0.016553133726119995, 0.017726700752973557, 0.01890026591718197, 0.02007383108139038, 0.021247398108243942, 0.022420963272452354, 0.023594528436660767, 0.02476809360086918, 0.02594165876507759, 0.027115225791931152, 0.028288790956139565, 0.029462356120347977, 0.030635923147201538, 0.0318094864487648, 0.03298305347561836, 0.034156620502471924, 0.03533018380403519, 0.03650375083088875, 0.03767731785774231, 0.03885088115930557, 0.040024448186159134, 0.041198015213012695, 0.04237157851457596]}, "gradients/net.2.weight": {"_type": "histogram", "values": [32950.0, 0.0, 0.0, 0.0, 0.0, 0.0, 0.0, 0.0, 0.0, 0.0, 0.0, 0.0, 0.0, 0.0, 0.0, 0.0, 0.0, 0.0, 0.0, 0.0, 0.0, 0.0, 0.0, 0.0, 0.0, 0.0, 0.0, 0.0, 0.0, 0.0, 0.0, 0.0, 0.0, 0.0, 0.0, 0.0, 0.0, 0.0, 0.0, 0.0, 0.0, 0.0, 0.0, 0.0, 0.0, 0.0, 0.0, 0.0, 0.0, 0.0, 0.0, 0.0, 0.0, 0.0, 0.0, 0.0, 0.0, 0.0, 0.0, 0.0, 0.0, 0.0, 0.0, 32586.0], "bins": [-0.010001289658248425, -0.00968874804675579, -0.009376206435263157, -0.009063665755093098, -0.008751124143600464, -0.00843858253210783, -0.008126040920615196, -0.007813500240445137, -0.007500958628952503, -0.007188417017459869, -0.006875875871628523, -0.006563334260135889, -0.0062507931143045425, -0.005938251502811909, -0.005625709891319275, -0.005313168745487928, -0.005000627133995295, -0.004688085522502661, -0.004375544376671314, -0.00406300276517868, -0.003750461619347334, -0.0034379200078547, -0.00312537862919271, -0.0028128372505307198, -0.0025002958718687296, -0.0021877544932067394, -0.0018752131145447493, -0.0015626716194674373, -0.001250130240805447, -0.0009375888621434569, -0.0006250473670661449, -0.0003125059884041548, 3.5390257835388184e-08, 0.000312576798023656, 0.0006251182057894766, 0.0009376596426591277, 0.0012502010213211179, 0.001562742399983108, 0.00187528389506042, 0.00218782527372241, 0.0025003666523844004, 0.0028129080310463905, 0.0031254494097083807, 0.003437990788370371, 0.0037505323998630047, 0.004063073545694351, 0.004375615157186985, 0.004688156768679619, 0.005000697914510965, 0.005313239526003599, 0.005625780671834946, 0.0059383222833275795, 0.006250863429158926, 0.00656340504065156, 0.006875946186482906, 0.00718848779797554, 0.007501029409468174, 0.007813571020960808, 0.008126112632453442, 0.0084386533126235, 0.008751194924116135, 0.009063736535608768, 0.009376278147101402, 0.009688818827271461, 0.010001360438764095]}, "gradients/net.0.bias": {"_type": "histogram", "values": [130.0, 0.0, 0.0, 0.0, 0.0, 0.0, 0.0, 0.0, 0.0, 0.0, 0.0, 0.0, 0.0, 0.0, 0.0, 0.0, 0.0, 0.0, 0.0, 0.0, 0.0, 0.0, 0.0, 0.0, 0.0, 0.0, 0.0, 0.0, 0.0, 0.0, 0.0, 0.0, 0.0, 0.0, 0.0, 0.0, 0.0, 0.0, 0.0, 0.0, 0.0, 0.0, 0.0, 0.0, 0.0, 0.0, 0.0, 0.0, 0.0, 0.0, 0.0, 0.0, 0.0, 0.0, 0.0, 0.0, 0.0, 0.0, 0.0, 0.0, 0.0, 0.0, 0.0, 126.0],