{"train_loss": 46.35837173461914, "test_loss": 45.44995880126953, "_timestamp": 1717443940.6841056, "_runtime": 4.9448137283325195, "_step": 18, "_wandb": {"runtime": 4}}