{"train_loss": 0.0012239667121320963, "train_grad": 0.020459501072764397, "train_H": 0.058084286749362946, "test_loss": 0.0012806765735149384, "test_grad": 0.02223566174507141, "test_h": 0, "test_H": 0.03506283089518547, "_timestamp": 1717580134.727929, "_runtime": 21.719741106033325, "_step": 499, "gradients/NN.net.2.bias": {"_type": "histogram", "values": [0.0, 0.0, 0.0, 0.0, 0.0, 0.0, 0.0, 0.0, 0.0, 0.0, 0.0, 0.0, 0.0, 0.0, 0.0, 0.0, 0.0, 0.0, 0.0, 0.0, 0.0, 0.0, 0.0, 0.0, 0.0, 0.0, 0.0, 0.0, 0.0, 0.0, 0.0, 0.0, 1.0, 0.0, 0.0, 0.0, 0.0, 0.0, 0.0, 0.0, 0.0, 0.0, 0.0, 0.0, 0.0, 0.0, 0.0, 0.0, 0.0, 0.0, 0.0, 0.0, 0.0, 0.0, 0.0, 0.0, 0.0, 0.0, 0.0, 0.0, 0.0, 0.0, 0.0, 0.0], "bins": [2.6213576347799972e-05, 2.6213576347799972e-05, 2.6213576347799972e-05, 2.6213576347799972e-05, 2.6213576347799972e-05, 2.6213576347799972e-05, 2.6213576347799972e-05, 2.6213576347799972e-05, 2.6213576347799972e-05, 2.6213576347799972e-05, 2.6213576347799972e-05, 2.6213576347799972e-05, 2.6213576347799972e-05, 2.6213576347799972e-05, 2.6213576347799972e-05, 2.6213576347799972e-05, 2.6213576347799972e-05, 2.6213576347799972e-05, 2.6213576347799972e-05, 2.6213576347799972e-05, 2.6213576347799972e-05, 2.6213576347799972e-05, 2.6213576347799972e-05, 2.6213576347799972e-05, 2.6213576347799972e-05, 2.6213576347799972e-05, 2.6213576347799972e-05, 2.6213576347799972e-05, 2.6213576347799972e-05, 2.6213576347799972e-05, 2.6213576347799972e-05, 2.6213576347799972e-05, 2.6213576347799972e-05, 2.6213576347799972e-05, 2.6213576347799972e-05, 2.6213576347799972e-05, 2.6213576347799972e-05, 2.6213576347799972e-05, 2.6213576347799972e-05, 2.6213576347799972e-05, 2.6213576347799972e-05, 2.6213576347799972e-05, 2.6213576347799972e-05, 2.6213576347799972e-05, 2.6213576347799972e-05, 2.6213576347799972e-05, 2.6213576347799972e-05, 2.6213576347799972e-05, 2.6213576347799972e-05, 2.6213576347799972e-05, 2.6213576347799972e-05, 2.6213576347799972e-05, 2.6213576347799972e-05, 2.6213576347799972e-05, 2.6213576347799972e-05, 2.6213576347799972e-05, 2.6213576347799972e-05, 2.6213576347799972e-05, 2.6213576347799972e-05, 2.6213576347799972e-05, 2.6213576347799972e-05, 2.6213576347799972e-05, 2.6213576347799972e-05, 2.6213576347799972e-05, 2.6213576347799972e-05]}, "gradients/NN.net.2.weight": {"_type": "histogram", "values": [1.0, 0.0, 2.0, 0.0, 0.0, 0.0, 1.0, 2.0, 0.0, 4.0, 1.0, 0.0, 2.0, 5.0, 4.0, 2.0, 4.0, 4.0, 4.0, 6.0, 8.0, 8.0, 10.0, 6.0, 6.0, 18.0, 13.0, 17.0, 15.0, 13.0, 17.0, 13.0, 25.0, 34.0, 24.0, 25.0, 15.0, 17.0, 22.0, 24.0, 12.0, 18.0, 15.0, 15.0, 12.0, 11.0, 6.0, 7.0, 7.0, 5.0, 1.0, 5.0, 4.0, 3.0, 4.0, 2.0, 2.0, 3.0, 2.0, 0.0, 2.0, 0.0, 2.0, 2.0], "bins": [-0.0002145430917153135, -0.00020837868214584887, -0.00020221428712829947, -0.00019604987755883485, -0.00018988546798937023, -0.00018372107297182083, -0.0001775566634023562, -0.00017139225383289158, -0.00016522784426342696, -0.00015906343469396234, -0.00015289903967641294, -0.00014673463010694832, -0.0001405702205374837, -0.0001344058255199343, -0.00012824141595046967, -0.00012207700638100505, -0.00011591260408749804, -0.00010974820179399103, -0.0001035837922245264, -9.74193899310194e-05, -9.125498036155477e-05, -8.509057806804776e-05, -7.892616849858314e-05, -7.276176620507613e-05, -6.659736391156912e-05, -6.04329579800833e-05, -5.4268552048597485e-05, -4.8104149755090475e-05, -4.193974018562585e-05, -3.577533789211884e-05, -2.9610931960633025e-05, -2.3446526029147208e-05, -1.7282116459682584e-05, -1.1117710528196767e-05, -4.953305506205652e-06, 1.2110995157854632e-06, 7.37550544727128e-06, 1.3539909559767693e-05, 1.970431549125351e-05, 2.5868721422739327e-05, 3.2033127354225144e-05, 3.819753328571096e-05, 4.436193921719678e-05, 5.0526345148682594e-05, 5.6690747442189604e-05, 6.285514973569661e-05, 6.901955930516124e-05, 7.518396887462586e-05, 8.134837116813287e-05, 8.751277346163988e-05, 9.36771830311045e-05, 9.984158532461151e-05, 0.00010600599489407614, 0.00011217039718758315, 0.00011833480675704777, 0.00012449920177459717, 0.0001306636113440618, 0.00013682802091352642, 0.0001429924159310758, 0.00014915682550054044, 0.00015532123507000506, 0.00016148563008755445, 0.00016765003965701908, 0.0001738144492264837, 0.00017997885879594833]}, "gradients/NN.net.0.bias": {"_type": "histogram", "values": [1.0, 1.0, 0.0, 0.0, 1.0, 0.0, 2.0, 2.0, 1.0, 6.0, 0.0, 1.0, 3.0, 4.0, 8.0, 6.0, 7.0, 7.0, 8.0, 16.0, 17.0, 24.0, 30.0, 36.0, 36.0, 31.0, 23.0, 32.0, 31.0, 35.0, 29.0, 25.0, 18.0, 13.0, 9.0, 4.0, 7.0, 4.0, 3.0, 8.0, 2.0, 4.0, 3.0, 3.0, 2.0, 3.0, 3.0, 0.0, 0.0, 0.0, 1.0, 1.0, 0.0, 0.0, 0.0, 0.0, 0.0, 0.0, 0.0, 0.0, 0.0, 0.0, 0.0, 1.0], "bins": [-2.1463591110659763e-05, -2.0659730580518954e-05, -1.985586823138874e-05, -1.905200770124793e-05, -1.824814717110712e-05, -1.744428664096631e-05, -1.6640424291836098e-05, -1.5836563761695288e-05, -1.5032702322059777e-05, -1.4228840882424265e-05, -1.3424980352283455e-05, -1.2621118912647944e-05, -1.1817257473012432e-05, -1.1013396942871623e-05, -1.0209535503236111e-05, -9.4056740636006e-06, -8.60181353345979e-06, -7.797952093824279e-06, -6.994091563683469e-06, -6.190230124047957e-06, -5.386369139159797e-06, -4.582508154271636e-06, -3.7786467146361247e-06, -2.974785729747964e-06, -2.1709247448598035e-06, -1.3670636462848051e-06, -5.632025477098068e-07, 2.406586645520292e-07, 1.0445196494401898e-06, 1.8483806343283504e-06, 2.652242073963862e-06, 3.4561030588520225e-06, 4.259964043740183e-06, 5.063825028628344e-06, 5.867686013516504e-06, 6.671547453152016e-06, 7.475408438040176e-06, 8.279269422928337e-06, 9.083130862563848e-06, 9.886991392704658e-06, 1.069085283234017e-05, 1.1494714271975681e-05, 1.2298574802116491e-05, 1.3102436241752002e-05, 1.3906297681387514e-05, 1.4710158211528324e-05, 1.5514018741669133e-05, 1.6317881090799347e-05, 1.7121741620940156e-05, 1.7925602151080966e-05, 1.872946450021118e-05, 1.953332503035199e-05, 2.03371855604928e-05, 2.1141047909623012e-05, 2.194490843976382e-05, 2.274876896990463e-05, 2.3552631319034845e-05, 2.4356491849175654e-05, 2.5160354198305868e-05, 2.5964214728446677e-05, 2.6768075258587487e-05, 2.7571935788728297e-05, 2.837579813785851e-05, 2.917965866799932e-05, 2.998351919814013e-05]}, "gradients/NN.net.0.weight": {"_type": "histogram", "values": [1.0, 0.0, 0.0, 0.0, 0.0, 1.0, 0.0, 2.0, 1.0, 7.0, 10.0, 2.0, 4.0, 9.0, 11.0, 22.0, 26.0, 32.0, 37.0, 47.0, 69.0, 71.0, 74.0, 98.0, 130.0, 126.0, 193.0, 222.0, 254.0, 311.0, 359.0, 369.0, 451.0, 227.0, 394.0, 431.0, 338.0, 326.0, 262.0, 201.0, 205.0, 174.0, 110.0, 103.0, 83.0, 67.0, 53.0, 57.0, 51.0, 35.0, 24.0, 12.0, 13.0, 14.0, 4.0, 3.0, 7.0, 3.0, 2.0, 1.0, 3.0, 1.0, 0.0, 1.0],