{"_wandb": {"runtime": 166}, "parameters/net.0.fc.weight": {"_type": "histogram", "values": [1.0, 0.0, 2.0, 0.0, 0.0, 1.0, 2.0, 1.0, 1.0, 1.0, 4.0, 2.0, 2.0, 5.0, 7.0, 1.0, 1.0, 5.0, 2.0, 1.0, 3.0, 1.0, 12.0, 9.0, 8.0, 9.0, 11.0, 11.0, 10.0, 8.0, 5.0, 7.0, 11.0, 6.0, 8.0, 11.0, 5.0, 5.0, 3.0, 12.0, 5.0, 6.0, 4.0, 3.0, 4.0, 7.0, 2.0, 5.0, 1.0, 4.0, 3.0, 1.0, 1.0, 2.0, 3.0, 2.0, 1.0, 2.0, 0.0, 1.0, 0.0, 3.0, 1.0, 1.0], "bins": [-0.45529553294181824, -0.441318154335022, -0.4273407459259033, -0.41336336731910706, -0.3993859887123108, -0.38540858030319214, -0.3714312016963959, -0.3574537932872772, -0.34347641468048096, -0.3294990360736847, -0.31552162766456604, -0.3015442490577698, -0.2875668406486511, -0.27358946204185486, -0.2596120834350586, -0.24563468992710114, -0.23165729641914368, -0.21767990291118622, -0.20370250940322876, -0.1897251307964325, -0.17574773728847504, -0.16177034378051758, -0.1477929651737213, -0.13381557166576385, -0.1198381781578064, -0.10586078464984894, -0.09188339859247208, -0.07790601253509521, -0.06392861902713776, -0.049951229244470596, -0.035973839461803436, -0.021996449679136276, -0.008019059896469116, 0.005958329886198044, 0.019935719668865204, 0.033913109451532364, 0.047890499234199524, 0.061867889016866684, 0.07584527879953384, 0.0898226648569107, 0.10380005836486816, 0.11777745187282562, 0.13175484538078308, 0.14573222398757935, 0.1597096174955368, 0.17368701100349426, 0.18766438961029053, 0.20164178311824799, 0.21561917662620544, 0.2295965701341629, 0.24357396364212036, 0.2575513422489166, 0.2715287208557129, 0.28550612926483154, 0.2994835078716278, 0.31346091628074646, 0.3274382948875427, 0.341415673494339, 0.35539308190345764, 0.3693704605102539, 0.38334786891937256, 0.3973252475261688, 0.4113026261329651, 0.42528003454208374, 0.43925741314888]}, "_timestamp": 1722943599.5067198, "parameters/net.0.attn_fc.weight": {"_type": "histogram", "values": [1.0, 1.0, 0.0, 4.0, 0.0, 0.0, 1.0, 0.0, 3.0, 1.0, 1.0, 5.0, 1.0, 3.0, 5.0, 5.0, 7.0, 3.0, 7.0, 9.0, 5.0, 4.0, 10.0, 8.0, 8.0, 9.0, 11.0, 6.0, 9.0, 13.0, 4.0, 14.0, 9.0, 6.0, 9.0, 7.0, 6.0, 10.0, 4.0, 4.0, 4.0, 4.0, 4.0, 3.0, 3.0, 2.0, 3.0, 3.0, 3.0, 2.0, 4.0, 0.0, 2.0, 1.0, 2.0, 0.0, 2.0, 0.0, 0.0, 0.0, 0.0, 0.0, 0.0, 1.0], "bins": [-0.30013391375541687, -0.28987404704093933, -0.2796141803264618, -0.26935431361198425, -0.2590944170951843, -0.2488345503807068, -0.23857468366622925, -0.2283148169517517, -0.21805495023727417, -0.20779506862163544, -0.1975352019071579, -0.18727533519268036, -0.17701545357704163, -0.1667555868625641, -0.15649572014808655, -0.14623583853244781, -0.13597597181797028, -0.12571610510349274, -0.1154562309384346, -0.10519635677337646, -0.09493649005889893, -0.08467661589384079, -0.07441674172878265, -0.06415687501430511, -0.05389700084924698, -0.04363713040947914, -0.033377259969711304, -0.023117385804653168, -0.01285751536488533, -0.002597643993794918, 0.007662227377295494, 0.01792209967970848, 0.02818197011947632, 0.038441840559244156, 0.04870171099901199, 0.05896158516407013, 0.06922145187854767, 0.0794813260436058, 0.08974120020866394, 0.10000106692314148, 0.11026094108819962, 0.12052081525325775, 0.1307806819677353, 0.14104054868221283, 0.15130043029785156, 0.1615602970123291, 0.17182016372680664, 0.18208004534244537, 0.1923399120569229, 0.20259977877140045, 0.21285966038703918, 0.22311952710151672, 0.23337939381599426, 0.243639275431633, 0.25389912724494934, 0.26415902376174927, 0.2744188904762268, 0.28467875719070435, 0.2949386239051819, 0.3051984906196594, 0.31545835733413696, 0.3257182538509369, 0.33597812056541443, 0.34623798727989197, 0.3564978539943695]}, "parameters/net.2.fc.weight": {"_type": "histogram", "values": [2.0, 0.0, 0.0, 0.0, 0.0, 0.0, 0.0, 1.0, 0.0, 4.0, 6.0, 5.0, 3.0, 4.0, 2.0, 5.0, 7.0, 10.0, 10.0, 14.0, 13.0, 12.0, 15.0, 20.0, 19.0, 16.0, 32.0, 26.0, 26.0, 23.0, 38.0, 23.0, 36.0, 32.0, 32.0, 31.0, 31.0, 32.0, 24.0, 23.0, 19.0, 24.0, 23.0, 15.0, 15.0, 16.0, 15.0, 15.0, 10.0, 10.0, 9.0, 4.0, 1.0, 3.0, 2.0, 2.0, 2.0, 2.0, 1.0, 2.0, 0.0, 0.0, 0.0, 1.0], "bins": [-0.5740584135055542, -0.5566578507423401, -0.539257287979126, -0.5218567252159119, -0.5044561624526978, -0.48705562949180603, -0.4696550667285919, -0.4522545039653778, -0.4348539412021637, -0.4174533784389496, -0.4000528156757355, -0.38265225291252136, -0.36525171995162964, -0.3478511571884155, -0.3304505944252014, -0.3130500316619873, -0.2956494688987732, -0.2782489061355591, -0.26084834337234497, -0.24344779551029205, -0.22604723274707794, -0.20864666998386383, -0.1912461221218109, -0.1738455593585968, -0.1564449965953827, -0.13904443383216858, -0.12164387851953506, -0.10424332320690155, -0.08684276044368744, -0.06944219768047333, -0.05204164236783981, -0.034641083329916, -0.017240464687347412, 0.00016009435057640076, 0.017560653388500214, 0.034961212426424026, 0.05236177146434784, 0.06976233422756195, 0.08716288954019547, 0.10456344485282898, 0.12196400761604309, 0.1393645703792572, 0.1567651331424713, 0.17416568100452423, 0.19156624376773834, 0.20896680653095245, 0.22636735439300537, 0.24376791715621948, 0.2611684799194336, 0.2785690426826477, 0.2959696054458618, 0.3133701682090759, 0.33077073097229004, 0.34817126393318176, 0.3655718266963959, 0.38297238945961, 0.4003729522228241, 0.4177735149860382, 0.4351740777492523, 0.45257464051246643, 0.46997517347335815, 0.48737573623657227, 0.5047762989997864, 0.5221768617630005, 0.5395774245262146]}, "parameters/net.2.attn_fc.weight": {"_type": "histogram", "values": [1.0, 0.0, 0.0, 0.0, 0.0, 0.0, 0.0, 1.0, 1.0, 0.0, 0.0, 0.0, 0.0, 0.0, 0.0, 1.0, 1.0, 0.0, 0.0, 0.0, 0.0, 0.0, 0.0, 0.0, 0.0, 0.0, 1.0, 0.0, 0.0, 1.0, 0.0, 0.0, 1.0, 0.0, 0.0, 0.0, 1.0, 0.0, 0.0, 0.0, 0.0, 0.0, 0.0, 0.0, 0.0, 1.0, 0.0, 1.0, 0.0, 0.0, 0.0, 0.0, 0.0, 0.0, 0.0, 0.0, 0.0, 0.0, 0.0, 0.0, 0.0, 0.0, 0.0, 1.0], "bins": [-1.4497723579406738, -1.4158233404159546, -1.3818743228912354, -1.3479253053665161, -1.3139764070510864, -1.2800273895263672, -1.246078372001648, -1.2121293544769287, -1.1781803369522095, -1.1442313194274902, -1.1102824211120605, -1.0763334035873413, -1.042384386062622, -1.0084353685379028, -0.9744863510131836, -0.9405373930931091, -0.9065883755683899, -0.8726393580436707, -0.8386904001235962, -0.804741382598877, -0.7707923650741577, -0.7368434071540833, -0.702894389629364, -0.6689453721046448, -0.6349964141845703, -0.6010473966598511, -0.5670983791351318, -0.5331493616104126, -0.49920040369033813, -0.4652513861656189, -0.43130239844322205, -0.3973533809185028, -0.36340445280075073, -0.3294554650783539, -0.29550644755363464, -0.2615574598312378, -0.22760845720767975, -0.1936594545841217, -0.15971046686172485, -0.1257614642381668, -0.09181246161460876, -0.05786346271634102, -0.023914463818073273, 0.010034535080194473, 0.04398353397846222, 0.07793253660202026, 0.11188153177499771, 0.14583052694797516, 0.1797795295715332, 0.21372853219509125, 0.2476775348186493, 0.28162652254104614, 0.3155755400657654, 0.34952452778816223, 0.3834735155105591, 0.4174225330352783, 0.45137152075767517, 0.485320508480072, 0.5192695260047913, 0.5532185435295105, 0.587167501449585, 0.6211165189743042, 0.6550655364990234, 0.6890144944190979, 0.7229635119438171]}, "_runtime": 156.83086371421814, "_step": 0}