{"train_loss": 6.689884912702837e-08, "train_grad": 3.1284509987017373e-06, "train_H": 2.030462201219052e-05, "test_loss": 7.728585416089118e-08, "test_grad": 3.139578211630578e-06, "test_h": 0, "test_H": 3.0528681236319244e-05, "_timestamp": 1717579919.7457209, "_runtime": 140.64363980293274, "_step": 2999, "gradients/NN.net.2.bias": {"_type": "histogram", "values": [0.0, 0.0, 0.0, 0.0, 0.0, 0.0, 0.0, 0.0, 0.0, 0.0, 0.0, 0.0, 0.0, 0.0, 0.0, 0.0, 0.0, 0.0, 0.0, 0.0, 0.0, 0.0, 0.0, 0.0, 0.0, 0.0, 0.0, 0.0, 0.0, 0.0, 0.0, 0.0, 1.0, 0.0, 0.0, 0.0, 0.0, 0.0, 0.0, 0.0, 0.0, 0.0, 0.0, 0.0, 0.0, 0.0, 0.0, 0.0, 0.0, 0.0, 0.0, 0.0, 0.0, 0.0, 0.0, 0.0, 0.0, 0.0, 0.0, 0.0, 0.0, 0.0, 0.0, 0.0], "bins": [-1.0400342034699861e-05, -1.0400342034699861e-05, -1.0400342034699861e-05, -1.0400342034699861e-05, -1.0400342034699861e-05, -1.0400342034699861e-05, -1.0400342034699861e-05, -1.0400342034699861e-05, -1.0400342034699861e-05, -1.0400342034699861e-05, -1.0400342034699861e-05, -1.0400342034699861e-05, -1.0400342034699861e-05, -1.0400342034699861e-05, -1.0400342034699861e-05, -1.0400342034699861e-05, -1.0400342034699861e-05, -1.0400342034699861e-05, -1.0400342034699861e-05, -1.0400342034699861e-05, -1.0400342034699861e-05, -1.0400342034699861e-05, -1.0400342034699861e-05, -1.0400342034699861e-05, -1.0400342034699861e-05, -1.0400342034699861e-05, -1.0400342034699861e-05, -1.0400342034699861e-05, -1.0400342034699861e-05, -1.0400342034699861e-05, -1.0400342034699861e-05, -1.0400342034699861e-05, -1.0400342034699861e-05, -1.0400342034699861e-05, -1.0400342034699861e-05, -1.0400342034699861e-05, -1.0400342034699861e-05, -1.0400342034699861e-05, -1.0400342034699861e-05, -1.0400342034699861e-05, -1.0400342034699861e-05, -1.0400342034699861e-05, -1.0400342034699861e-05, -1.0400342034699861e-05, -1.0400342034699861e-05, -1.0400342034699861e-05, -1.0400342034699861e-05, -1.0400342034699861e-05, -1.0400342034699861e-05, -1.0400342034699861e-05, -1.0400342034699861e-05, -1.0400342034699861e-05, -1.0400342034699861e-05, -1.0400342034699861e-05, -1.0400342034699861e-05, -1.0400342034699861e-05, -1.0400342034699861e-05, -1.0400342034699861e-05, -1.0400342034699861e-05, -1.0400342034699861e-05, -1.0400342034699861e-05, -1.0400342034699861e-05, -1.0400342034699861e-05, -1.0400342034699861e-05, -1.0400342034699861e-05]}, "gradients/NN.net.2.weight": {"_type": "histogram", "values": [1.0, 1.0, 1.0, 0.0, 2.0, 1.0, 0.0, 4.0, 1.0, 1.0, 2.0, 1.0, 4.0, 4.0, 3.0, 5.0, 4.0, 6.0, 3.0, 0.0, 3.0, 5.0, 7.0, 5.0, 12.0, 19.0, 31.0, 32.0, 20.0, 33.0, 22.0, 20.0, 16.0, 23.0, 14.0, 24.0, 25.0, 34.0, 21.0, 10.0, 11.0, 11.0, 9.0, 5.0, 4.0, 2.0, 5.0, 3.0, 2.0, 2.0, 6.0, 8.0, 6.0, 1.0, 2.0, 2.0, 2.0, 3.0, 1.0, 1.0, 2.0, 3.0, 0.0, 1.0], "bins": [-1.8518756405683234e-05, -1.7945167201105505e-05, -1.7371576177538373e-05, -1.679798515397124e-05, -1.622439594939351e-05, -1.5650806744815782e-05, -1.5077215721248649e-05, -1.4503625607176218e-05, -1.3930035493103787e-05, -1.3356445379031356e-05, -1.2782855264958926e-05, -1.2209265150886495e-05, -1.1635675036814064e-05, -1.1062084922741633e-05, -1.0488494808669202e-05, -9.914904694596771e-06, -9.34131458052434e-06, -8.76772446645191e-06, -8.194134352379479e-06, -7.620544238307048e-06, -7.046954124234617e-06, -6.473364010162186e-06, -5.899773896089755e-06, -5.326183782017324e-06, -4.752593667944893e-06, -4.179003553872462e-06, -3.6054134398000315e-06, -3.0318233257276006e-06, -2.4582332116551697e-06, -1.8846430975827388e-06, -1.311052983510308e-06, -7.374628694378771e-07, -1.638727553654462e-07, 4.0971735870698467e-07, 9.833074727794155e-07, 1.5568975868518464e-06, 2.1304877009242773e-06, 2.704077814996708e-06, 3.277667929069139e-06, 3.85125804314157e-06, 4.424848157214001e-06, 4.998438271286432e-06, 5.572028385358863e-06, 6.1456184994312935e-06, 6.719208613503724e-06, 7.292798727576155e-06, 7.866388841648586e-06, 8.439978955721017e-06, 9.013569069793448e-06, 9.587159183865879e-06, 1.016074929793831e-05, 1.073433941201074e-05, 1.1307929526083171e-05, 1.1881519640155602e-05, 1.2455109754228033e-05, 1.3028699868300464e-05, 1.3602289982372895e-05, 1.4175880096445326e-05, 1.4749470210517757e-05, 1.532306123408489e-05, 1.589665043866262e-05, 1.6470239643240348e-05, 1.704383066680748e-05, 1.7617421690374613e-05, 1.8191010894952342e-05]}, "gradients/NN.net.0.bias": {"_type": "histogram", "values": [2.0, 1.0, 0.0, 3.0, 3.0, 0.0, 3.0, 2.0, 0.0, 2.0, 1.0, 3.0, 5.0, 8.0, 3.0, 11.0, 8.0, 7.0, 10.0, 12.0, 28.0, 15.0, 21.0, 19.0, 12.0, 14.0, 18.0, 21.0, 11.0, 13.0, 4.0, 9.0, 3.0, 10.0, 14.0, 14.0, 16.0, 20.0, 22.0, 11.0, 18.0, 12.0, 16.0, 12.0, 11.0, 12.0, 7.0, 7.0, 7.0, 6.0, 11.0, 3.0, 1.0, 0.0, 4.0, 0.0, 0.0, 1.0, 2.0, 1.0, 1.0, 0.0, 0.0, 1.0], "bins": [-3.2671732697053812e-06, -3.163762585245422e-06, -3.060351900785463e-06, -2.9569412163255038e-06, -2.8535305318655446e-06, -2.750120074779261e-06, -2.6467093903193017e-06, -2.5432987058593426e-06, -2.4398880213993834e-06, -2.3364773369394243e-06, -2.233066652479465e-06, -2.129655968019506e-06, -2.0262455109332222e-06, -1.9228345990995876e-06, -1.819424142013304e-06, -1.7160134575533448e-06, -1.6126027730933856e-06, -1.5091920886334265e-06, -1.4057814041734673e-06, -1.3023708334003459e-06, -1.1989601489403867e-06, -1.0955494644804276e-06, -9.921388937073061e-07, -8.88728209247347e-07, -7.853175247873878e-07, -6.819068403274287e-07, -5.784962127108884e-07, -4.7508555667263863e-07, -3.716749006343889e-07, -2.6826421617442975e-07, -1.6485358855788945e-07, -6.144296094134916e-08, 4.196772351861e-08, 1.4537837955685973e-07, 2.4878903559510945e-07, 3.521996916333592e-07, 4.556103476716089e-07, 5.590210321315681e-07, 6.624316597481084e-07, 7.658422873646487e-07, 8.692529718246078e-07, 9.72663656284567e-07, 1.0760743407445261e-06, 1.1794849115176476e-06, 1.2828955959776067e-06, 1.3863062804375659e-06, 1.4897168512106873e-06, 1.5931275356706465e-06, 1.6965382201306056e-06, 1.7999489045905648e-06, 1.903359589050524e-06, 2.006770273510483e-06, 2.1101809579704423e-06, 2.213591415056726e-06, 2.317002099516685e-06, 2.4204127839766443e-06, 2.5238234684366034e-06, 2.6272341528965626e-06, 2.7306448373565217e-06, 2.834055521816481e-06, 2.9374659789027646e-06, 3.0408768907363992e-06, 3.144287347822683e-06, 3.247698032282642e-06, 3.3511087167426012e-06]}, "gradients/NN.net.0.weight": {"_type": "histogram", "values": [1.0, 0.0, 0.0, 0.0, 0.0, 2.0, 0.0, 1.0, 0.0, 5.0, 3.0, 0.0, 6.0, 11.0, 8.0, 7.0, 3.0, 11.0, 14.0, 26.0, 16.0, 27.0, 32.0, 37.0, 52.0, 49.0, 45.0, 44.0, 36.0, 31.0, 25.0, 11.0, 18.0, 8.0, 25.0, 31.0, 55.0, 41.0, 32.0, 51.0, 34.0, 30.0, 38.0, 35.0, 18.0, 24.0, 20.0, 16.0, 6.0, 9.0, 6.0, 6.0, 4.0, 2.0, 0.0, 0.0, 2.0, 3.0, 1.0, 2.0, 1.0, 0.0, 0.0, 3.0],