{"train_loss": 0.010037585161626339, "train_grad": 0.0008432931499555707, "test_loss": 0.008133482187986374, "test_grad": 0.0007706725155003369, "_timestamp": 1717624053.9568796, "_runtime": 32.02124071121216, "_step": 2, "_wandb": {"runtime": 36}}