{"train_loss": 0.021617041900753975, "test_loss": 0.024109359830617905, "_timestamp": 1717437256.1944919, "_runtime": 11.082653760910034, "_step": 99, "gradients/net.4.bias": {"_type": "histogram", "values": [1.0, 0.0, 0.0, 0.0, 0.0, 0.0, 0.0, 1.0, 0.0, 0.0, 0.0, 0.0, 0.0, 0.0, 0.0, 0.0, 0.0, 0.0, 0.0, 0.0, 1.0, 0.0, 0.0, 0.0, 0.0, 0.0, 0.0, 0.0, 0.0, 0.0, 0.0, 0.0, 0.0, 1.0, 0.0, 1.0, 2.0, 1.0, 0.0, 0.0, 1.0, 0.0, 0.0, 0.0, 0.0, 0.0, 0.0, 1.0, 0.0, 0.0, 0.0, 0.0, 0.0, 0.0, 0.0, 0.0, 0.0, 0.0, 1.0, 0.0, 0.0, 0.0, 0.0, 1.0], "bins": [-0.03157718479633331, -0.030674191191792488, -0.029771199449896812, -0.028868205845355988, -0.027965214103460312, -0.027062220498919487, -0.02615922875702381, -0.025256235152482986, -0.02435324341058731, -0.023450249806046486, -0.02254725806415081, -0.021644264459609985, -0.02074127271771431, -0.019838279113173485, -0.01893528737127781, -0.018032293766736984, -0.01712930202484131, -0.016226308420300484, -0.015323316678404808, -0.014420324005186558, -0.013517331331968307, -0.012614337727427483, -0.011711345985531807, -0.010808352380990982, -0.009905358776450157, -0.009002366103231907, -0.008099373430013657, -0.007196380756795406, -0.006293388083577156, -0.0053903949446976185, -0.004487402271479368, -0.003584409598261118, -0.002681417390704155, -0.0017784247174859047, -0.0008754319278523326, 2.756086178123951e-05, 0.0009305535349994898, 0.0018335464410483837, 0.002736539114266634, 0.0036395317874848843, 0.0045425244607031345, 0.005445517133921385, 0.006348509807139635, 0.007251502946019173, 0.008154495619237423, 0.009057488292455673, 0.009960480965673923, 0.010863473638892174, 0.011766466312110424, 0.012669458985328674, 0.013572451658546925, 0.014475444331765175, 0.015378437004983425, 0.016281429678201675, 0.0171844232827425, 0.018087415024638176, 0.018990408629179, 0.019893402233719826, 0.0207963939756155, 0.021699387580156326, 0.022602379322052002, 0.023505372926592827, 0.024408364668488503, 0.025311358273029327, 0.026214350014925003]}, "gradients/net.4.weight": {"_type": "histogram", "values": [1.0, 0.0, 0.0, 0.0, 0.0, 3.0, 1.0, 2.0, 2.0, 3.0, 5.0, 5.0, 12.0, 25.0, 12.0, 34.0, 58.0, 49.0, 52.0, 36.0, 24.0, 28.0, 34.0, 47.0, 31.0, 60.0, 86.0, 130.0, 139.0, 133.0, 74.0, 72.0, 71.0, 62.0, 30.0, 34.0, 26.0, 21.0, 22.0, 16.0, 6.0, 13.0, 11.0, 6.0, 8.0, 3.0, 6.0, 4.0, 6.0, 5.0, 3.0, 2.0, 5.0, 4.0, 1.0, 2.0, 2.0, 1.0, 1.0, 1.0, 2.0, 2.0, 0.0, 2.0], "bins": [-0.04830755665898323, -0.046576522290706635, -0.04484548792243004, -0.04311445355415344, -0.041383419185876846, -0.03965238481760025, -0.037921350449323654, -0.03619031608104706, -0.03445928171277046, -0.032728247344493866, -0.03099721297621727, -0.029266178607940674, -0.027535144239664078, -0.02580410987138748, -0.024073075503110886, -0.02234204113483429, -0.020611006766557693, -0.018879972398281097, -0.0171489380300045, -0.015417903661727905, -0.01368686929345131, -0.011955834925174713, -0.010224800556898117, -0.008493766188621521, -0.006762731820344925, -0.005031697452068329, -0.003300663083791733, -0.0015696287155151367, 0.00016140565276145935, 0.0018924400210380554, 0.0036234743893146515, 0.0053545087575912476, 0.007085539400577545, 0.008816573768854141, 0.010547608137130737, 0.012278642505407333, 0.01400967687368393, 0.015740711241960526, 0.01747174561023712, 0.019202779978513718, 0.020933814346790314, 0.02266484871506691, 0.024395883083343506, 0.026126917451620102, 0.027857951819896698, 0.029588986188173294, 0.03132002055644989, 0.033051054924726486, 0.03478208929300308, 0.03651312366127968, 0.038244158029556274, 0.03997519239783287, 0.04170622676610947, 0.04343726113438606, 0.04516829550266266, 0.046899329870939255, 0.04863036423921585, 0.05036139860749245, 0.05209243297576904, 0.05382346734404564, 0.055554501712322235, 0.05728553608059883, 0.05901657044887543, 0.06074760481715202, 0.06247863918542862]}, "gradients/net.2.bias": {"_type": "histogram", "values": [1.0, 0.0, 0.0, 0.0, 0.0, 0.0, 0.0, 0.0, 0.0, 0.0, 2.0, 0.0, 0.0, 1.0, 1.0, 2.0, 1.0, 0.0, 3.0, 1.0, 2.0, 0.0, 1.0, 3.0, 3.0, 2.0, 2.0, 6.0, 3.0, 2.0, 6.0, 3.0, 5.0, 5.0, 6.0, 4.0, 2.0, 9.0, 6.0, 4.0, 4.0, 1.0, 2.0, 3.0, 2.0, 0.0, 5.0, 2.0, 3.0, 7.0, 1.0, 5.0, 2.0, 0.0, 0.0, 1.0, 1.0, 0.0, 1.0, 0.0, 0.0, 0.0, 1.0, 1.0], "bins": [-0.01005414966493845, -0.00978029053658247, -0.009506430476903915, -0.009232571348547935, -0.008958712220191956, -0.008684853091835976, -0.008410993032157421, -0.008137133903801441, -0.007863274775445461, -0.007589415181428194, -0.007315556053072214, -0.007041696459054947, -0.006767837330698967, -0.0064939777366817, -0.0062201181426644325, -0.005946259014308453, -0.005672399420291185, -0.005398539826273918, -0.005124680697917938, -0.004850821103900671, -0.004576961975544691, -0.004303102381527424, -0.004029243253171444, -0.0037553836591541767, -0.003481524297967553, -0.0032076649367809296, -0.002933805575594306, -0.0026599462144076824, -0.002386086620390415, -0.0021122274920344353, -0.001838367898017168, -0.0015645085368305445, -0.0012906496413052082, -0.0010167902801185846, -0.0007429308607243001, -0.00046907144133001566, -0.00019521208014339209, 7.864728104323149e-05, 0.0003525067586451769, 0.0006263661198318005, 0.000900225481018424, 0.0011740848422050476, 0.0014479442033916712, 0.0017218036809936166, 0.001995663158595562, 0.002269522286951542, 0.002543381880968809, 0.0028172412421554327, 0.0030911006033420563, 0.00336495996452868, 0.0036388193257153034, 0.003912678919732571, 0.004186538048088551, 0.004460397642105818, 0.004734257236123085, 0.005008116364479065, 0.005281975492835045, 0.005555835086852312, 0.005829694215208292, 0.006103553809225559, 0.006377412937581539, 0.006651272531598806, 0.006925132125616074, 0.0071989912539720535, 0.007472850847989321]}, "gradients/net.2.weight": {"_type": "histogram", "values": [2.0, 1.0, 0.0, 0.0, 2.0, 1.0, 0.0, 0.0, 4.0, 5.0, 5.0, 5.0, 8.0, 10.0, 26.0, 35.0, 27.0, 45.0, 52.0, 71.0, 91.0, 139.0, 174.0, 217.0, 349.0, 489.0, 707.0, 1000.0, 1574.0, 2671.0, 3138.0, 1766.0, 1088.0, 745.0, 503.0, 376.0, 256.0, 189.0, 155.0, 131.0, 84.0, 67.0, 45.0, 30.0, 28.0, 21.0, 15.0, 10.0, 4.0, 6.0, 7.0, 3.0, 2.0, 2.0, 0.0, 0.0, 0.0, 1.0, 1.0, 0.0, 0.0, 0.0, 0.0, 1.0], "bins": [-0.009092042222619057, -0.008790338411927223, -0.00848863460123539, -0.008186930790543556, -0.007885226979851723, -0.007583523169159889, -0.007281819824129343, -0.0069801160134375095, -0.006678412202745676, -0.0063767083920538425, -0.006075004581362009, -0.0057733007706701756, -0.005471597425639629, -0.005169893614947796, -0.004868189804255962, -0.004566485993564129, -0.004264782182872295, -0.003963078372180462, -0.0036613745614886284, -0.0033596709836274385, -0.003057967172935605, -0.0027562633622437716, -0.0024545597843825817, -0.002152855973690748, -0.0018511521629989147, -0.0015494483523070812, -0.0012477446580305696, -0.000946040905546397, -0.0006443371530622244, -0.0003426333423703909, -4.092964809387922e-05, 0.00026077404618263245, 0.0005624769255518913, 0.0008641806780360639, 0.0011658844305202365, 0.0014675881247967482, 0.0017692919354885817, 0.002070995746180415, 0.002372699324041605, 0.0026744031347334385, 0.002976106945425272, 0.0032778107561171055, 0.003579514566808939, 0.003881218144670129, 0.004182921722531319, 0.004484625533223152, 0.004786329343914986, 0.005088033154606819, 0.005389736965298653, 0.005691440775990486, 0.00599314458668232, 0.006294848397374153, 0.006596552208065987, 0.00689825601875782, 0.007199959363788366, 0.0075016631744802, 0.007803366985172033, 0.00810507033020258, 0.008406774140894413, 0.008708477951586246, 0.00901018176227808, 0.009311885572969913, 0.009613589383661747, 0.00991529319435358, 0.010216997005045414]}, "gradients/net.0.bias": {"_type": "histogram",