{"train_loss": 0.029145844280719757, "test_loss": 0.03668004646897316, "_timestamp": 1717436396.0712032, "_runtime": 10.702447175979614, "_step": 99, "gradients/net.4.bias": {"_type": "histogram", "values": [1.0, 0.0, 0.0, 0.0, 0.0, 0.0, 0.0, 0.0, 1.0, 0.0, 0.0, 0.0, 0.0, 0.0, 0.0, 1.0, 0.0, 0.0, 0.0, 0.0, 0.0, 0.0, 0.0, 0.0, 0.0, 0.0, 1.0, 0.0, 0.0, 0.0, 0.0, 0.0, 0.0, 0.0, 0.0, 0.0, 0.0, 1.0, 0.0, 0.0, 1.0, 0.0, 0.0, 0.0, 0.0, 0.0, 0.0, 0.0, 0.0, 0.0, 0.0, 0.0, 0.0, 0.0, 0.0, 0.0, 1.0, 0.0, 0.0, 0.0, 0.0, 0.0, 0.0, 1.0], "bins": [-0.05420849472284317, -0.05244779959321022, -0.05068710446357727, -0.04892640560865402, -0.04716571047902107, -0.04540501534938812, -0.04364432021975517, -0.04188362509012222, -0.040122926235198975, -0.038362231105566025, -0.036601535975933075, -0.03484083712100983, -0.03308014199137688, -0.03131944686174393, -0.029558751732110977, -0.027798054739832878, -0.02603735961019993, -0.02427666448056698, -0.02251596748828888, -0.02075527235865593, -0.01899457536637783, -0.01723388023674488, -0.015473184175789356, -0.013712488114833832, -0.011951792053878307, -0.010191095992922783, -0.008430399931967258, -0.006669704336673021, -0.004909008275717497, -0.0031483126804232597, -0.0013876166194677353, 0.00037307944148778915, 0.0021337755024433136, 0.003894471563398838, 0.0056551676243543625, 0.0074158632196486, 0.009176559746265411, 0.010937254875898361, 0.012697950936853886, 0.01445864699780941, 0.01621934399008751, 0.01798003911972046, 0.019740736111998558, 0.021501431241631508, 0.023262128233909607, 0.025022823363542557, 0.026783518493175507, 0.028544215485453606, 0.030304910615086555, 0.032065607607364655, 0.033826302736997604, 0.035586997866630554, 0.037347692996263504, 0.039108388125896454, 0.0408690869808197, 0.04262978211045265, 0.0443904772400856, 0.04615117236971855, 0.0479118674993515, 0.04967256635427475, 0.0514332614839077, 0.05319395661354065, 0.0549546517431736, 0.05671534687280655, 0.0584760457277298]}, "gradients/net.4.weight": {"_type": "histogram", "values": [2.0, 0.0, 0.0, 0.0, 0.0, 0.0, 1.0, 0.0, 2.0, 1.0, 2.0, 2.0, 1.0, 3.0, 2.0, 3.0, 6.0, 5.0, 2.0, 3.0, 7.0, 8.0, 8.0, 11.0, 18.0, 15.0, 14.0, 20.0, 28.0, 33.0, 44.0, 27.0, 32.0, 52.0, 62.0, 129.0, 79.0, 38.0, 42.0, 49.0, 34.0, 29.0, 30.0, 21.0, 23.0, 17.0, 21.0, 6.0, 9.0, 6.0, 8.0, 12.0, 10.0, 8.0, 8.0, 7.0, 2.0, 5.0, 6.0, 3.0, 2.0, 2.0, 1.0, 3.0], "bins": [-2.7136988639831543, -2.638021230697632, -2.5623435974121094, -2.486665964126587, -2.4109883308410645, -2.335310697555542, -2.2596330642700195, -2.183955192565918, -2.1082777976989746, -2.032600164413452, -1.9569225311279297, -1.8812448978424072, -1.8055672645568848, -1.7298896312713623, -1.6542118787765503, -1.5785342454910278, -1.5028564929962158, -1.4271788597106934, -1.351501226425171, -1.2758235931396484, -1.200145959854126, -1.1244683265686035, -1.0487905740737915, -0.973112940788269, -0.8974353075027466, -0.8217576742172241, -0.7460800409317017, -0.6704023480415344, -0.594724714756012, -0.5190470814704895, -0.44336941838264465, -0.3676917552947998, -0.29201412200927734, -0.2163364738225937, -0.14065882563591003, -0.06498117744922638, 0.010696470737457275, 0.08637410402297974, 0.16205176711082458, 0.23772943019866943, 0.3134070634841919, 0.38908469676971436, 0.4647623598575592, 0.540440022945404, 0.6161176562309265, 0.691795289516449, 0.7674729824066162, 0.8431506156921387, 0.9188282489776611, 0.9945058822631836, 1.070183515548706, 1.1458611488342285, 1.221538782119751, 1.2972164154052734, 1.3728941679000854, 1.448571801185608, 1.5242494344711304, 1.5999270677566528, 1.6756047010421753, 1.7512823343276978, 1.8269600868225098, 1.9026377201080322, 1.9783153533935547, 2.053992986679077, 2.1296706199645996]}, "gradients/net.2.bias": {"_type": "histogram", "values": [1.0, 0.0, 0.0, 1.0, 2.0, 0.0, 4.0, 4.0, 3.0, 1.0, 1.0, 2.0, 5.0, 3.0, 4.0, 2.0, 3.0, 0.0, 1.0, 4.0, 1.0, 3.0, 6.0, 6.0, 7.0, 4.0, 7.0, 7.0, 4.0, 2.0, 3.0, 2.0, 3.0, 0.0, 2.0, 5.0, 1.0, 2.0, 1.0, 1.0, 4.0, 4.0, 0.0, 1.0, 0.0, 1.0, 0.0, 1.0, 0.0, 0.0, 2.0, 2.0, 1.0, 0.0, 2.0, 0.0, 1.0, 0.0, 0.0, 0.0, 0.0, 0.0, 0.0, 1.0], "bins": [-0.09416105598211288, -0.09058132767677307, -0.08700159192085266, -0.08342186361551285, -0.07984213531017303, -0.07626240700483322, -0.07268267869949341, -0.069102942943573, -0.06552321463823318, -0.06194348633289337, -0.05836375430226326, -0.05478402227163315, -0.051204293966293335, -0.04762456566095352, -0.04404483363032341, -0.0404651015996933, -0.036885373294353485, -0.03330564498901367, -0.02972591295838356, -0.026146182790398598, -0.022566452622413635, -0.018986722454428673, -0.01540699228644371, -0.011827262118458748, -0.008247531950473785, -0.004667801782488823, -0.0010880716145038605, 0.002491658553481102, 0.0060713887214660645, 0.009651118889451027, 0.01323084905743599, 0.016810579225420952, 0.020390301942825317, 0.02397003211081028, 0.027549762278795242, 0.031129492446780205, 0.03470922261476517, 0.03828895092010498, 0.04186868295073509, 0.045448414981365204, 0.04902814328670502, 0.05260787159204483, 0.05618760362267494, 0.059767335653305054, 0.06334706395864487, 0.06692679226398468, 0.07050652801990509, 0.0740862563252449, 0.07766598463058472, 0.08124571293592453, 0.08482544124126434, 0.08840517699718475, 0.09198490530252457, 0.09556463360786438, 0.09914436936378479, 0.1027240976691246, 0.10630382597446442, 0.10988355427980423, 0.11346328258514404, 0.11704301834106445, 0.12062274664640427, 0.12420247495174408, 0.1277822107076645, 0.1313619315624237, 0.13494166731834412]}, "gradients/net.2.weight": {"_type": "histogram", "values": [1.0, 1.0, 2.0, 3.0, 4.0, 2.0, 5.0, 6.0, 13.0, 18.0, 34.0, 40.0, 55.0, 68.0, 91.0, 104.0, 118.0, 162.0, 175.0, 222.0, 272.0, 320.0, 397.0, 431.0, 461.0, 556.0, 527.0, 664.0, 687.0, 747.0, 823.0, 887.0, 985.0, 818.0, 750.0, 763.0, 670.0, 662.0, 560.0, 536.0, 448.0, 393.0, 362.0, 279.0, 241.0, 207.0, 172.0, 142.0, 99.0, 83.0, 80.0, 64.0, 52.0, 42.0, 29.0, 21.0, 10.0, 8.0, 5.0, 2.0, 1.0, 1.0, 1.0, 2.0], "bins": [-0.28806155920028687, -0.27913445234298706, -0.27020731568336487, -0.26128020882606506, -0.25235307216644287, -0.24342596530914307, -0.23449884355068207, -0.22557172179222107, -0.21664460003376007, -0.20771747827529907, -0.19879035651683807, -0.18986323475837708, -0.18093612790107727, -0.17200899124145508, -0.16308188438415527, -0.15415476262569427, -0.14522764086723328, -0.13630051910877228, -0.12737339735031128, -0.11844628304243088, -0.10951916128396988, -0.10059203952550888, -0.09166492521762848, -0.08273780345916748, -0.07381068170070648, -0.06488355994224548, -0.05595644190907478, -0.04702932387590408, -0.038102202117443085, -0.029175080358982086, -0.020247962325811386, -0.011320844292640686, -0.0023937225341796875, 0.006533397361636162, 0.015460517257452011, 0.02438763715326786, 0.03331475704908371, 0.04224187880754471, 0.05116899684071541, 0.06009611487388611, 0.0690232366323471, 0.0779503583908081, 0.0868774801492691, 0.0958045944571495, 0.1047317162156105, 0.1136588379740715, 0.1225859522819519, 0.1315130740404129, 0.1404401957988739, 0.1493673175573349, 0.1582944393157959, 0.1672215610742569, 0.1761486828327179, 0.1850757896900177, 0.1940029114484787, 0.2029300332069397, 0.2118571549654007, 0.2207842767238617, 0.2297113984823227, 0.2386385202407837, 0.2475656270980835, 0.2564927637577057, 0.2654198706150055, 0.2743470072746277, 0.2832741141319275]}, "gradients/net.0.bias": {"_type": "histogram", "values": [1.0, 0.0, 0.0, 0.0, 1.0, 0.0, 0.0, 0.0, 0.0, 0.0, 1.0, 0.0, 1.0, 2.0, 2.0, 1.0, 1.0, 1.0, 1.0, 1.0, 2.0, 1.0, 4.0, 8.0, 1.0, 2.0, 5.0, 4.0, 4.0, 7.0, 4.0, 6.0, 4.0, 2.0, 3.0, 6.0, 3.0, 4.0, 7.0, 2.0, 4.0, 3.0, 6.0, 0.0, 0.0, 4.0, 2.0, 2.0, 2.0, 5.0, 0.0, 2.0, 0.0, 3.0, 1.0, 0.0, 0.0, 0.0, 0.0, 0.0, 1.0, 0.0, 0.0, 1.0],