{"train_loss": 2.631360302984831e-07, "train_grad": 2.7783398763858713e-06, "train_H": 1.7552864619574393e-06, "test_loss": 2.811620731790754e-07, "test_grad": 2.945230789919151e-06, "test_h": 0, "test_H": 1.8741116036835592e-06, "_timestamp": 1717580060.0590181, "_runtime": 22.090944051742554, "_step": 499, "gradients/NN.net.2.bias": {"_type": "histogram", "values": [0.0, 0.0, 0.0, 0.0, 0.0, 0.0, 0.0, 0.0, 0.0, 0.0, 0.0, 0.0, 0.0, 0.0, 0.0, 0.0, 0.0, 0.0, 0.0, 0.0, 0.0, 0.0, 0.0, 0.0, 0.0, 0.0, 0.0, 0.0, 0.0, 0.0, 0.0, 0.0, 1.0, 0.0, 0.0, 0.0, 0.0, 0.0, 0.0, 0.0, 0.0, 0.0, 0.0, 0.0, 0.0, 0.0, 0.0, 0.0, 0.0, 0.0, 0.0, 0.0, 0.0, 0.0, 0.0, 0.0, 0.0, 0.0, 0.0, 0.0, 0.0, 0.0, 0.0, 0.0], "bins": [-6.200443749548867e-07, -6.200443749548867e-07, -6.200443749548867e-07, -6.200443749548867e-07, -6.200443749548867e-07, -6.200443749548867e-07, -6.200443749548867e-07, -6.200443749548867e-07, -6.200443749548867e-07, -6.200443749548867e-07, -6.200443749548867e-07, -6.200443749548867e-07, -6.200443749548867e-07, -6.200443749548867e-07, -6.200443749548867e-07, -6.200443749548867e-07, -6.200443749548867e-07, -6.200443749548867e-07, -6.200443749548867e-07, -6.200443749548867e-07, -6.200443749548867e-07, -6.200443749548867e-07, -6.200443749548867e-07, -6.200443749548867e-07, -6.200443749548867e-07, -6.200443749548867e-07, -6.200443749548867e-07, -6.200443749548867e-07, -6.200443749548867e-07, -6.200443749548867e-07, -6.200443749548867e-07, -6.200443749548867e-07, -6.200443749548867e-07, -6.200443749548867e-07, -6.200443749548867e-07, -6.200443749548867e-07, -6.200443749548867e-07, -6.200443749548867e-07, -6.200443749548867e-07, -6.200443749548867e-07, -6.200443749548867e-07, -6.200443749548867e-07, -6.200443749548867e-07, -6.200443749548867e-07, -6.200443749548867e-07, -6.200443749548867e-07, -6.200443749548867e-07, -6.200443749548867e-07, -6.200443749548867e-07, -6.200443749548867e-07, -6.200443749548867e-07, -6.200443749548867e-07, -6.200443749548867e-07, -6.200443749548867e-07, -6.200443749548867e-07, -6.200443749548867e-07, -6.200443749548867e-07, -6.200443749548867e-07, -6.200443749548867e-07, -6.200443749548867e-07, -6.200443749548867e-07, -6.200443749548867e-07, -6.200443749548867e-07, -6.200443749548867e-07, -6.200443749548867e-07]}, "gradients/NN.net.2.weight": {"_type": "histogram", "values": [1.0, 1.0, 0.0, 1.0, 0.0, 0.0, 0.0, 3.0, 2.0, 3.0, 1.0, 1.0, 4.0, 4.0, 4.0, 6.0, 8.0, 4.0, 7.0, 13.0, 7.0, 12.0, 11.0, 12.0, 11.0, 15.0, 17.0, 19.0, 14.0, 11.0, 10.0, 22.0, 15.0, 15.0, 12.0, 16.0, 12.0, 13.0, 15.0, 17.0, 12.0, 14.0, 10.0, 15.0, 12.0, 11.0, 9.0, 11.0, 6.0, 10.0, 11.0, 10.0, 8.0, 7.0, 3.0, 3.0, 5.0, 3.0, 3.0, 1.0, 3.0, 1.0, 0.0, 5.0], "bins": [-3.0209828764782287e-05, -2.933456198661588e-05, -2.8459295208449475e-05, -2.758402843028307e-05, -2.670875983312726e-05, -2.5833493054960854e-05, -2.495822627679445e-05, -2.4082959498628043e-05, -2.3207692720461637e-05, -2.233242594229523e-05, -2.1457159164128825e-05, -2.0581890566973016e-05, -1.970662378880661e-05, -1.8831357010640204e-05, -1.7956090232473798e-05, -1.7080823454307392e-05, -1.6205554857151583e-05, -1.5330288078985177e-05, -1.445502039132407e-05, -1.3579753613157663e-05, -1.2704485925496556e-05, -1.182921914733015e-05, -1.0953952369163744e-05, -1.0078685590997338e-05, -9.20341790333623e-06, -8.328151125169825e-06, -7.452883437508717e-06, -6.577616659342311e-06, -5.702349426428555e-06, -4.827082193514798e-06, -3.951815415348392e-06, -3.0765481824346352e-06, -2.201282768510282e-06, -1.326015649283363e-06, -4.50748530056444e-07, 4.245184754836373e-07, 1.299785708397394e-06, 2.175052941311151e-06, 3.0503197194775566e-06, 3.925586952391313e-06, 4.80085418530507e-06, 5.676121418218827e-06, 6.551388651132584e-06, 7.4266554292989895e-06, 8.301922207465395e-06, 9.177189895126503e-06, 1.0052456673292909e-05, 1.0927724360954016e-05, 1.1802991139120422e-05, 1.2678257917286828e-05, 1.3553525604947936e-05, 1.4428792383114342e-05, 1.530406007077545e-05, 1.6179326848941855e-05, 1.705459362710826e-05, 1.7929860405274667e-05, 1.8805127183441073e-05, 1.968039396160748e-05, 2.0555660739773884e-05, 2.1430929336929694e-05, 2.23061961150961e-05, 2.3181462893262506e-05, 2.405672967142891e-05, 2.4931996449595317e-05, 2.5807265046751127e-05]}, "gradients/NN.net.0.bias": {"_type": "histogram", "values": [1.0, 0.0, 1.0, 1.0, 1.0, 2.0, 1.0, 0.0, 0.0, 5.0, 2.0, 2.0, 3.0, 7.0, 9.0, 3.0, 4.0, 6.0, 7.0, 11.0, 10.0, 16.0, 14.0, 27.0, 23.0, 20.0, 30.0, 37.0, 43.0, 29.0, 29.0, 35.0, 23.0, 18.0, 10.0, 11.0, 13.0, 8.0, 7.0, 9.0, 5.0, 5.0, 3.0, 0.0, 5.0, 6.0, 2.0, 1.0, 1.0, 2.0, 1.0, 0.0, 0.0, 0.0, 1.0, 0.0, 1.0, 0.0, 0.0, 0.0, 0.0, 0.0, 0.0, 1.0], "bins": [-1.398248969053384e-06, -1.3486431953424471e-06, -1.2990373079446726e-06, -1.2494315342337359e-06, -1.1998256468359614e-06, -1.1502198731250246e-06, -1.1006140994140878e-06, -1.0510082120163133e-06, -1.0014023246185388e-06, -9.517964940641832e-07, -9.021906635098276e-07, -8.525848897988908e-07, -8.029790024011163e-07, -7.533732286901795e-07, -7.037673981358239e-07, -6.541615675814683e-07, -6.045557938705315e-07, -5.549499633161759e-07, -5.053441327618202e-07, -4.55738330629174e-07, -4.061325000748184e-07, -3.5652666952046275e-07, -3.0692086738781654e-07, -2.573150368334609e-07, -2.0770920627910527e-07, -1.5810337572474964e-07, -1.0849755938124872e-07, -5.88917430377478e-08, -9.285912483392167e-09, 4.031991807096347e-08, 8.992572020360967e-08, 1.395315507579653e-07, 1.8913726762548322e-07, 2.3874309817983885e-07, 2.883489287341945e-07, 3.379547308668407e-07, 3.875605614211963e-07, 4.3716639197555196e-07, 4.867721941081982e-07, 5.363780246625538e-07, 5.859838552169094e-07, 6.355896857712651e-07, 6.851955163256207e-07, 7.348013468799763e-07, 7.844071205909131e-07, 8.340130079886876e-07, 8.836187816996244e-07, 9.3322461225398e-07, 9.828304428083356e-07, 1.0324362165192724e-06, 1.082042103917047e-06, 1.1316478776279837e-06, 1.1812537650257582e-06, 1.230859538736695e-06, 1.2804653124476317e-06, 1.3300711998454062e-06, 1.3796770872431807e-06, 1.4292828609541175e-06, 1.478888748351892e-06, 1.5284945220628288e-06, 1.5781004094606033e-06, 1.62770618317154e-06, 1.6773119568824768e-06, 1.7269178442802513e-06, 1.776523617991188e-06]}, "gradients/NN.net.0.weight": {"_type": "histogram", "values": [2.0, 1.0, 0.0, 1.0, 2.0, 2.0, 2.0, 2.0, 6.0, 4.0, 7.0, 9.0, 9.0, 15.0, 13.0, 21.0, 33.0, 35.0, 43.0, 45.0, 75.0, 69.0, 102.0, 111.0, 150.0, 164.0, 188.0, 236.0, 258.0, 485.0, 387.0, 279.0, 255.0, 193.0, 169.0, 128.0, 104.0, 92.0, 76.0, 54.0, 69.0, 43.0, 29.0, 29.0, 23.0, 23.0, 12.0, 5.0, 10.0, 5.0, 5.0, 4.0, 3.0, 4.0, 2.0, 0.0, 0.0, 1.0, 0.0, 1.0, 0.0, 0.0, 0.0, 1.0],