{"train_loss": 0.006247283890843391, "test_loss": 0.00413872767239809, "_timestamp": 1717436252.414632, "_runtime": 10.780662059783936, "_step": 99, "gradients/net.4.bias": {"_type": "histogram", "values": [1.0, 0.0, 0.0, 0.0, 0.0, 0.0, 0.0, 0.0, 0.0, 0.0, 0.0, 0.0, 0.0, 0.0, 0.0, 0.0, 0.0, 0.0, 0.0, 0.0, 0.0, 0.0, 0.0, 0.0, 0.0, 0.0, 0.0, 0.0, 0.0, 0.0, 0.0, 0.0, 0.0, 0.0, 0.0, 0.0, 0.0, 0.0, 0.0, 0.0, 0.0, 0.0, 0.0, 0.0, 0.0, 0.0, 0.0, 0.0, 0.0, 0.0, 0.0, 0.0, 0.0, 0.0, 0.0, 0.0, 0.0, 0.0, 0.0, 0.0, 0.0, 0.0, 0.0, 1.0], "bins": [-0.14514471590518951, -0.1376153826713562, -0.1300860494375229, -0.12255671620368958, -0.11502738296985626, -0.10749804973602295, -0.09996870905160904, -0.09243937581777573, -0.08491004258394241, -0.0773807093501091, -0.06985137611627579, -0.062322039157152176, -0.05479270592331886, -0.04726337268948555, -0.03973403573036194, -0.032204702496528625, -0.024675369262695312, -0.017146036028862, -0.009616700932383537, -0.002087365835905075, 0.005441967397928238, 0.012971300631761551, 0.020500637590885162, 0.028029970824718475, 0.03555930405855179, 0.0430886372923851, 0.050617970526218414, 0.058147307485342026, 0.06567664444446564, 0.07320597767829895, 0.08073531091213226, 0.08826464414596558, 0.0957939624786377, 0.10332329571247101, 0.11085262894630432, 0.11838196218013763, 0.12591129541397095, 0.13344062864780426, 0.14096996188163757, 0.14849931001663208, 0.1560286283493042, 0.1635579615831375, 0.17108729481697083, 0.17861662805080414, 0.18614596128463745, 0.19367529451847076, 0.20120462775230408, 0.20873397588729858, 0.2162633091211319, 0.2237926423549652, 0.23132197558879852, 0.23885130882263184, 0.24638064205646515, 0.25390997529029846, 0.26143932342529297, 0.2689686417579651, 0.2764979898929596, 0.2840273380279541, 0.2915566563606262, 0.2990860044956207, 0.30661532282829285, 0.31414467096328735, 0.3216739892959595, 0.329203337430954, 0.3367326557636261]}, "gradients/net.4.weight": {"_type": "histogram", "values": [1.0, 1.0, 2.0, 3.0, 2.0, 1.0, 2.0, 3.0, 3.0, 0.0, 4.0, 1.0, 1.0, 3.0, 2.0, 0.0, 2.0, 1.0, 6.0, 3.0, 2.0, 3.0, 2.0, 3.0, 3.0, 9.0, 2.0, 2.0, 1.0, 0.0, 3.0, 1.0, 2.0, 6.0, 2.0, 5.0, 11.0, 5.0, 7.0, 4.0, 9.0, 10.0, 5.0, 11.0, 12.0, 10.0, 16.0, 11.0, 15.0, 12.0, 5.0, 7.0, 4.0, 5.0, 5.0, 2.0, 1.0, 0.0, 1.0, 0.0, 0.0, 0.0, 0.0, 1.0], "bins": [-0.6433194875717163, -0.6236535310745239, -0.6039876341819763, -0.5843216776847839, -0.5646557211875916, -0.544989824295044, -0.5253238677978516, -0.5056579113006592, -0.4859919846057892, -0.4663260579109192, -0.4466601014137268, -0.4269941747188568, -0.4073282480239868, -0.38766229152679443, -0.36799636483192444, -0.34833043813705444, -0.32866448163986206, -0.30899855494499207, -0.2893325984477997, -0.2696666717529297, -0.2500007152557373, -0.2303347885608673, -0.21066886186599731, -0.19100292026996613, -0.17133697867393494, -0.15167103707790375, -0.13200509548187256, -0.11233916878700256, -0.09267322719097137, -0.07300728559494019, -0.053341351449489594, -0.033675417304039, -0.014009416103363037, 0.005656521767377853, 0.025322459638118744, 0.044988397508859634, 0.06465433537960052, 0.08432027697563171, 0.1039862111210823, 0.1236521452665329, 0.1433180868625641, 0.16298402845859528, 0.18264997005462646, 0.20231589674949646, 0.22198183834552765, 0.24164777994155884, 0.26131370663642883, 0.28097963333129883, 0.3006455898284912, 0.3203115165233612, 0.3399774730205536, 0.3596433997154236, 0.37930935621261597, 0.39897528290748596, 0.41864120960235596, 0.43830716609954834, 0.45797309279441833, 0.47763901948928833, 0.4973049759864807, 0.5169709324836731, 0.5366368293762207, 0.5563027858734131, 0.5759687423706055, 0.5956346392631531, 0.6153005957603455]}, "gradients/net.2.bias": {"_type": "histogram", "values": [1.0, 0.0, 0.0, 1.0, 0.0, 0.0, 0.0, 1.0, 0.0, 1.0, 1.0, 1.0, 1.0, 1.0, 1.0, 2.0, 1.0, 0.0, 2.0, 3.0, 0.0, 2.0, 5.0, 3.0, 3.0, 1.0, 5.0, 6.0, 1.0, 5.0, 4.0, 4.0, 6.0, 4.0, 7.0, 3.0, 7.0, 3.0, 2.0, 4.0, 2.0, 2.0, 5.0, 2.0, 1.0, 1.0, 0.0, 1.0, 1.0, 1.0, 4.0, 3.0, 1.0, 3.0, 0.0, 1.0, 1.0, 2.0, 0.0, 1.0, 2.0, 0.0, 0.0, 2.0], "bins": [-0.063530832529068, -0.061677899211645126, -0.05982496589422226, -0.05797203257679939, -0.056119099259376526, -0.05426616221666336, -0.052413228899240494, -0.05056029558181763, -0.04870736226439476, -0.04685442894697189, -0.045001495629549026, -0.04314856231212616, -0.041295625269412994, -0.039442695677280426, -0.03758975863456726, -0.035736825317144394, -0.03388389199972153, -0.03203095868229866, -0.030178025364875793, -0.028325090184807777, -0.02647215686738491, -0.024619223549962044, -0.022766288369894028, -0.02091335505247116, -0.019060421735048294, -0.017207488417625427, -0.015354554168879986, -0.013501619920134544, -0.011648686602711678, -0.00979575328528881, -0.00794281903654337, -0.006089884787797928, -0.0042369551956653595, -0.0023840214125812054, -0.0005310876294970512, 0.0013218461535871029, 0.003174779936671257, 0.005027713254094124, 0.006880647502839565, 0.008733581751585007, 0.010586515069007874, 0.01243944838643074, 0.014292382635176182, 0.016145316883921623, 0.01799825020134449, 0.019851183518767357, 0.021704118698835373, 0.02355705201625824, 0.025409985333681107, 0.027262918651103973, 0.02911585196852684, 0.030968787148594856, 0.03282172232866287, 0.03467465192079544, 0.036527588963508606, 0.03838052228093147, 0.04023345559835434, 0.042086388915777206, 0.04393932223320007, 0.04579225555062294, 0.04764518886804581, 0.04949812591075897, 0.05135105922818184, 0.053203992545604706, 0.05505692586302757]}, "gradients/net.2.weight": {"_type": "histogram", "values": [3.0, 3.0, 4.0, 6.0, 8.0, 8.0, 14.0, 13.0, 16.0, 27.0, 16.0, 18.0, 33.0, 51.0, 43.0, 51.0, 82.0, 106.0, 103.0, 128.0, 142.0, 174.0, 217.0, 230.0, 318.0, 373.0, 528.0, 676.0, 729.0, 1074.0, 1385.0, 1704.0, 1658.0, 1292.0, 1038.0, 786.0, 624.0, 480.0, 370.0, 336.0, 214.0, 215.0, 192.0, 158.0, 122.0, 107.0, 87.0, 81.0, 52.0, 58.0, 37.0, 32.0, 27.0, 22.0, 23.0, 20.0, 17.0, 14.0, 15.0, 5.0, 5.0, 4.0, 4.0, 6.0], "bins": [-0.06524123251438141, -0.0632004588842392, -0.06115968897938728, -0.05911891907453537, -0.05707814544439316, -0.055037375539541245, -0.05299660563468933, -0.05095583200454712, -0.048915062099695206, -0.04687429219484329, -0.04483351856470108, -0.04279274865984917, -0.04075197875499725, -0.03871120512485504, -0.03667043522000313, -0.034629665315151215, -0.032588891685009, -0.03054811991751194, -0.028507348150014877, -0.026466578245162964, -0.0244258064776659, -0.02238503471016884, -0.020344264805316925, -0.018303493037819862, -0.0162627212703228, -0.014221949502825737, -0.012181178666651249, -0.01014040783047676, -0.008099636062979698, -0.0060588642954826355, -0.004018093459308147, -0.0019773226231336594, 6.344914436340332e-05, 0.0021042204461991787, 0.004144991748034954, 0.0061857630498707294, 0.008226534351706505, 0.010267306119203568, 0.012308076955378056, 0.014348847791552544, 0.016389619559049606, 0.01843039132654667, 0.02047116309404373, 0.022511932998895645, 0.024552704766392708, 0.02659347653388977, 0.028634246438741684, 0.030675018206238747, 0.03271578997373581, 0.03475655987858772, 0.036797333508729935, 0.03883810341358185, 0.04087887704372406, 0.042919646948575974, 0.04496041685342789, 0.0470011904835701, 0.04904196038842201, 0.051082730293273926, 0.05312350392341614, 0.05516427382826805, 0.057205043733119965, 0.059245817363262177, 0.06128658726811409, 0.063327357172966, 0.06536813080310822]}, "gradients/net.0.bias": {"_type": "histogram", "values": [1.0, 0.0, 0.0, 0.0, 0.0, 1.0, 1.0, 1.0, 1.0, 1.0, 1.0, 1.0, 4.0, 0.0, 4.0, 1.0, 0.0, 3.0, 1.0, 1.0, 4.0, 7.0, 2.0, 1.0, 4.0, 4.0, 4.0, 1.0, 3.0, 8.0, 3.0, 3.0, 2.0, 1.0, 4.0, 1.0, 3.0, 8.0, 8.0, 4.0, 2.0, 1.0, 4.0, 3.0, 7.0, 2.0, 1.0, 3.0, 1.0, 1.0, 1.0, 0.0, 2.0, 1.0, 0.0, 0.0, 0.0, 1.0, 0.0, 0.0, 0.0, 0.0, 0.0, 1.0],