{"train_loss": 0.0006061407621018589, "train_grad": 0.0005717710591852665, "train_H": 1.5060152691148687e-05, "test_loss": 0.0007621004479005933, "test_grad": 0.0007266473257914186, "test_h": 0, "test_H": 1.1288290806987789e-05, "_timestamp": 1717627769.000772, "_runtime": 532.8637449741364, "_step": 999, "gradients/NN.net.2.bias": {"_type": "histogram", "values": [0.0, 0.0, 0.0, 0.0, 0.0, 0.0, 0.0, 0.0, 0.0, 0.0, 0.0, 0.0, 0.0, 0.0, 0.0, 0.0, 0.0, 0.0, 0.0, 0.0, 0.0, 0.0, 0.0, 0.0, 0.0, 0.0, 0.0, 0.0, 0.0, 0.0, 0.0, 0.0, 1.0, 0.0, 0.0, 0.0, 0.0, 0.0, 0.0, 0.0, 0.0, 0.0, 0.0, 0.0, 0.0, 0.0, 0.0, 0.0, 0.0, 0.0, 0.0, 0.0, 0.0, 0.0, 0.0, 0.0, 0.0, 0.0, 0.0, 0.0, 0.0, 0.0, 0.0, 0.0], "bins": [0.0007995932828634977, 0.0007995932828634977, 0.0007995932828634977, 0.0007995932828634977, 0.0007995932828634977, 0.0007995932828634977, 0.0007995932828634977, 0.0007995932828634977, 0.0007995932828634977, 0.0007995932828634977, 0.0007995932828634977, 0.0007995932828634977, 0.0007995932828634977, 0.0007995932828634977, 0.0007995932828634977, 0.0007995932828634977, 0.0007995932828634977, 0.0007995932828634977, 0.0007995932828634977, 0.0007995932828634977, 0.0007995932828634977, 0.0007995932828634977, 0.0007995932828634977, 0.0007995932828634977, 0.0007995932828634977, 0.0007995932828634977, 0.0007995932828634977, 0.0007995932828634977, 0.0007995932828634977, 0.0007995932828634977, 0.0007995932828634977, 0.0007995932828634977, 0.0007995932828634977, 0.0007995932828634977, 0.0007995932828634977, 0.0007995932828634977, 0.0007995932828634977, 0.0007995932828634977, 0.0007995932828634977, 0.0007995932828634977, 0.0007995932828634977, 0.0007995932828634977, 0.0007995932828634977, 0.0007995932828634977, 0.0007995932828634977, 0.0007995932828634977, 0.0007995932828634977, 0.0007995932828634977, 0.0007995932828634977, 0.0007995932828634977, 0.0007995932828634977, 0.0007995932828634977, 0.0007995932828634977, 0.0007995932828634977, 0.0007995932828634977, 0.0007995932828634977, 0.0007995932828634977, 0.0007995932828634977, 0.0007995932828634977, 0.0007995932828634977, 0.0007995932828634977, 0.0007995932828634977, 0.0007995932828634977, 0.0007995932828634977, 0.0007995932828634977]}, "gradients/NN.net.2.weight": {"_type": "histogram", "values": [1.0, 0.0, 0.0, 0.0, 0.0, 0.0, 1.0, 0.0, 1.0, 0.0, 1.0, 1.0, 0.0, 5.0, 2.0, 3.0, 3.0, 8.0, 7.0, 8.0, 15.0, 12.0, 16.0, 16.0, 20.0, 25.0, 36.0, 28.0, 28.0, 38.0, 19.0, 37.0, 22.0, 33.0, 25.0, 16.0, 16.0, 13.0, 9.0, 12.0, 3.0, 6.0, 4.0, 6.0, 2.0, 3.0, 4.0, 1.0, 1.0, 0.0, 1.0, 1.0, 0.0, 0.0, 0.0, 0.0, 1.0, 1.0, 0.0, 0.0, 0.0, 0.0, 0.0, 1.0], "bins": [-0.003747630398720503, -0.003620605217292905, -0.0034935802686959505, -0.0033665550872683525, -0.003239530138671398, -0.0031125049572438, -0.002985479775816202, -0.002858454827219248, -0.00273142964579165, -0.002604404464364052, -0.0024773795157670975, -0.0023503543343394995, -0.0022233291529119015, -0.002096304204314947, -0.001969279022887349, -0.001842253957875073, -0.0017152288928627968, -0.0015882038278505206, -0.0014611787628382444, -0.0013341535814106464, -0.0012071285163983703, -0.001080103451386094, -0.000953078328166157, -0.0008260532049462199, -0.0006990281399339437, -0.0005720030749216676, -0.0004449779517017305, -0.00031795285758562386, -0.00019092776346951723, -6.390269845724106e-05, 6.312242476269603e-05, 0.00019014754798263311, 0.000317172147333622, 0.0004441972414497286, 0.0005712223355658352, 0.0006982474587857723, 0.0008252725237980485, 0.0009522975888103247, 0.0010793227702379227, 0.0012063478352501988, 0.001333372900262475, 0.0014603979652747512, 0.0015874230302870274, 0.0017144482117146254, 0.0018414732767269015, 0.0019684983417391777, 0.0020955235231667757, 0.0022225487045943737, 0.002349573653191328, 0.002476598834618926, 0.0026036237832158804, 0.0027306489646434784, 0.0028576739132404327, 0.0029846990946680307, 0.0031117242760956287, 0.003238749224692583, 0.003365774406120181, 0.003492799587547779, 0.0036198245361447334, 0.0037468497175723314, 0.0038738748989999294, 0.004000899847596884, 0.004127924796193838, 0.00425495021045208, 0.004381975159049034]}, "gradients/NN.net.0.bias": {"_type": "histogram", "values": [3.0, 1.0, 1.0, 1.0, 0.0, 3.0, 1.0, 2.0, 3.0, 3.0, 3.0, 5.0, 4.0, 4.0, 2.0, 6.0, 4.0, 4.0, 7.0, 8.0, 11.0, 18.0, 18.0, 18.0, 22.0, 29.0, 31.0, 39.0, 30.0, 29.0, 29.0, 30.0, 27.0, 16.0, 19.0, 14.0, 14.0, 12.0, 5.0, 7.0, 1.0, 3.0, 0.0, 2.0, 4.0, 0.0, 1.0, 3.0, 1.0, 1.0, 2.0, 1.0, 0.0, 3.0, 1.0, 0.0, 2.0, 0.0, 0.0, 1.0, 1.0, 0.0, 0.0, 2.0], "bins": [-0.0006900454754941165, -0.0006659335340373218, -0.0006418215343728662, -0.0006177095929160714, -0.0005935976514592767, -0.0005694857100024819, -0.0005453737685456872, -0.0005212617688812315, -0.0004971498274244368, -0.00047303788596764207, -0.0004489259154070169, -0.0004248139448463917, -0.00040070200338959694, -0.0003765900619328022, -0.000352478091372177, -0.0003283661208115518, -0.00030425417935475707, -0.00028014223789796233, -0.00025603026733733714, -0.00023191831132862717, -0.0002078063553199172, -0.00018369439931120723, -0.00015958244330249727, -0.0001354704872937873, -0.00011135853128507733, -8.724657527636737e-05, -6.31346192676574e-05, -3.902266325894743e-05, -1.4910707250237465e-05, 9.201248758472502e-06, 3.331320476718247e-05, 5.7425160775892437e-05, 8.15371167846024e-05, 0.00010564907279331237, 0.00012976102880202234, 0.0001538729848107323, 0.00017798494081944227, 0.00020209689682815224, 0.0002262088528368622, 0.0002503208233974874, 0.00027443276485428214, 0.0002985447063110769, 0.0003226566768717021, 0.00034676864743232727, 0.000370880588889122, 0.00039499253034591675, 0.00041910450090654194, 0.00044321647146716714, 0.0004673284129239619, 0.0004914403543807566, 0.0005155523540452123, 0.000539664295502007, 0.0005637762369588017, 0.0005878881784155965, 0.0006120001198723912, 0.0006361121195368469, 0.0006602240609936416, 0.0006843360024504364, 0.000708448002114892, 0.0007325599435716867, 0.0007566718850284815, 0.0007807838264852762, 0.000804895767942071, 0.0008290077676065266, 0.0008531197090633214]}, "gradients/NN.net.0.weight": {"_type": "histogram", "values": [1.0, 1.0, 0.0, 1.0, 2.0, 2.0, 0.0, 1.0, 3.0, 6.0, 3.0, 8.0, 9.0, 10.0, 9.0, 12.0, 19.0, 24.0, 25.0, 36.0, 40.0, 58.0, 94.0, 99.0, 118.0, 177.0, 243.0, 304.0, 425.0, 652.0, 1266.0, 724.0, 412.0, 311.0, 249.0, 199.0, 167.0, 88.0, 65.0, 63.0, 44.0, 35.0, 27.0, 16.0, 21.0, 18.0, 8.0, 10.0, 8.0, 7.0, 8.0, 3.0, 4.0, 2.0, 0.0, 0.0, 2.0, 2.0, 0.0, 0.0, 0.0, 2.0, 0.0, 1.0],