{"train_loss": 0.0022734219674021006, "train_grad": 0.0021668679546564817, "test_loss": 0.0023743000347167253, "test_grad": 0.002250055316835642, "_timestamp": 1717543521.3049653, "_runtime": 718.6621253490448, "_step": 499, "gradients/net.0.weight": {"_type": "histogram", "values": [2.0, 1.0, 1.0, 1.0, 0.0, 1.0, 4.0, 3.0, 2.0, 2.0, 6.0, 7.0, 9.0, 10.0, 14.0, 20.0, 12.0, 14.0, 21.0, 21.0, 34.0, 42.0, 52.0, 64.0, 92.0, 93.0, 125.0, 131.0, 174.0, 229.0, 271.0, 286.0, 220.0, 195.0, 168.0, 140.0, 137.0, 79.0, 87.0, 57.0, 40.0, 31.0, 30.0, 24.0, 22.0, 25.0, 9.0, 9.0, 13.0, 13.0, 5.0, 2.0, 6.0, 3.0, 2.0, 2.0, 3.0, 0.0, 2.0, 2.0, 0.0, 0.0, 0.0, 2.0], "bins": [-0.00024371396284550428, -0.0002359233913011849, -0.0002281328197568655, -0.0002203422482125461, -0.00021255167666822672, -0.00020476110512390733, -0.0001969705190276727, -0.00018917994748335332, -0.00018138937593903393, -0.00017359880439471453, -0.00016580823285039514, -0.00015801766130607575, -0.00015022707520984113, -0.00014243650366552174, -0.00013464593212120235, -0.00012685536057688296, -0.00011906478903256357, -0.00011127421748824418, -0.00010348364594392478, -9.569306712364778e-05, -8.790249557932839e-05, -8.0111924035009e-05, -7.232134521473199e-05, -6.45307736704126e-05, -5.674020212609321e-05, -4.894963058177382e-05, -4.115905539947562e-05, -3.336848021717742e-05, -2.557790867285803e-05, -1.778733712853864e-05, -9.99676194624044e-06, -2.2061867639422417e-06, 5.584355676546693e-06, 1.3374929039855488e-05, 2.1165502403164282e-05, 2.8956075766473077e-05, 3.674664912978187e-05, 4.453722067410126e-05, 5.232779585639946e-05, 6.011837103869766e-05, 6.790894258301705e-05, 7.569951412733644e-05, 8.349008567165583e-05, 9.128066449193284e-05, 9.907123603625223e-05, 0.00010686180758057162, 0.00011465238640084863, 0.00012244295794516802, 0.0001302335294894874, 0.0001380241010338068, 0.0001458146725781262, 0.00015360524412244558, 0.00016139581566676497, 0.00016918638721108437, 0.00017697697330731899, 0.00018476754485163838, 0.00019255811639595777, 0.00020034868794027716, 0.00020813925948459655, 0.00021592983102891594, 0.00022372041712515056, 0.00023151098866946995, 0.00023930156021378934, 0.00024709213175810874, 0.0002548827033024281]}, "gradients/net.2.weight": {"_type": "histogram", "values": [3.0, 1.0, 1.0, 4.0, 9.0, 7.0, 9.0, 18.0, 15.0, 32.0, 28.0, 29.0, 47.0, 66.0, 92.0, 106.0, 119.0, 166.0, 205.0, 270.0, 354.0, 548.0, 784.0, 1104.0, 1502.0, 2103.0, 3399.0, 5182.0, 7648.0, 11302.0, 9848.0, 6460.0, 4346.0, 2813.0, 1947.0, 1364.0, 985.0, 687.0, 497.0, 353.0, 245.0, 191.0, 149.0, 108.0, 85.0, 79.0, 56.0, 36.0, 18.0, 22.0, 20.0, 13.0, 9.0, 12.0, 12.0, 11.0, 4.0, 4.0, 3.0, 1.0, 1.0, 1.0, 1.0, 2.0], "bins": [-8.259005699073896e-05, -7.981920498423278e-05, -7.7048345701769e-05, -7.427749369526282e-05, -7.150664168875664e-05, -6.873578240629286e-05, -6.596493039978668e-05, -6.31940783932805e-05, -6.042321911081672e-05, -5.7652363466331735e-05, -5.488150782184675e-05, -5.211065581534058e-05, -4.93398001708556e-05, -4.6568944526370615e-05, -4.379809251986444e-05, -4.102723687537946e-05, -3.8256381230894476e-05, -3.5485525586409494e-05, -3.271466994192451e-05, -2.9943817935418338e-05, -2.7172962290933356e-05, -2.4402106646448374e-05, -2.1631252820952795e-05, -1.8860398995457217e-05, -1.6089543350972235e-05, -1.3318688615981955e-05, -1.0547833880991675e-05, -7.776979146001395e-06, -5.006124411011115e-06, -2.2352696760208346e-06, 5.355850589694455e-07, 3.306438884465024e-06, 6.077287252992392e-06, 8.848141987982672e-06, 1.1618996722972952e-05, 1.4389851457963232e-05, 1.7160706192953512e-05, 1.9931561837438494e-05, 2.2702415662934072e-05, 2.547326948842965e-05, 2.8244125132914633e-05, 3.1014980777399614e-05, 3.3785836421884596e-05, 3.655668842839077e-05, 3.932754407287575e-05, 4.2098399717360735e-05, 4.486925172386691e-05, 4.764010736835189e-05, 5.0410963012836874e-05, 5.3181818657321855e-05, 5.595267430180684e-05, 5.872352630831301e-05, 6.14943855907768e-05, 6.426523759728298e-05, 6.703608960378915e-05, 6.980694888625294e-05, 7.257780089275911e-05, 7.534865289926529e-05, 7.811951218172908e-05, 8.089036418823525e-05, 8.366121619474143e-05, 8.643207547720522e-05, 8.920292748371139e-05, 9.197377949021757e-05, 9.474463877268136e-05]}, "gradients/net.4.bias": {"_type": "histogram", "values": [1.0, 0.0, 0.0, 0.0, 0.0, 0.0, 0.0, 0.0, 0.0, 1.0, 0.0, 0.0, 0.0, 1.0, 0.0, 0.0, 0.0, 0.0, 0.0, 0.0, 0.0, 0.0, 0.0, 0.0, 0.0, 0.0, 1.0, 0.0, 0.0, 0.0, 1.0, 1.0, 1.0, 0.0, 0.0, 0.0, 0.0, 0.0, 0.0, 0.0, 0.0, 0.0, 0.0, 0.0, 0.0, 0.0, 1.0, 0.0, 1.0, 1.0, 0.0, 1.0, 0.0, 0.0, 0.0, 0.0, 0.0, 0.0, 0.0, 0.0, 0.0, 0.0, 0.0, 1.0], "bins": [-0.00038138034869916737, -0.0003708307340275496, -0.0003602811193559319, -0.00034973150468431413, -0.0003391818900126964, -0.00032863227534107864, -0.00031808268977329135, -0.0003075330751016736, -0.00029698346043005586, -0.0002864338457584381, -0.00027588423108682036, -0.0002653346164152026, -0.00025478500174358487, -0.0002442353870719671, -0.0002336857869522646, -0.00022313617228064686, -0.00021258654305711389, -0.00020203692838549614, -0.0001914873137138784, -0.00018093769904226065, -0.0001703880843706429, -0.00015983846969902515, -0.00014928886957932264, -0.0001387392549077049, -0.00012818964023608714, -0.0001176400255644694, -0.00010709041089285165, -9.654080349719152e-05, -8.599118882557377e-05, -7.544157415395603e-05, -6.48919667582959e-05, -5.434235208667815e-05, -4.379276651889086e-05, -3.324315184727311e-05, -2.2693540813634172e-05, -1.2143929779995233e-05, -1.5943151083774865e-06, 8.95529956324026e-06, 1.9504906958900392e-05, 3.005452163051814e-05, 4.0604136302135885e-05, 5.115375097375363e-05, 6.170336564537138e-05, 7.225297304103151e-05, 8.280258771264926e-05, 9.3352202384267e-05, 0.00010390180977992713, 0.00011445142445154488, 0.00012500103912316263, 0.00013555065379478037, 0.00014610026846639812, 0.00015664988313801587, 0.0001671994978096336, 0.00017774911248125136, 0.00018829871260095388, 0.00019884832727257162, 0.00020939794194418937, 0.00021994755661580712, 0.00023049717128742486, 0.00024104677140712738, 0.0002515963860787451, 0.0002621460007503629, 0.0002726956154219806, 0.00028324523009359837, 0.0002937948447652161]}, "gradients/net.4.weight": {"_type": "histogram", "values": [1.0, 0.0, 0.0, 0.0, 0.0, 0.0, 1.0, 3.0, 1.0, 1.0, 0.0, 1.0, 1.0, 1.0, 0.0, 3.0, 1.0, 1.0, 9.0, 6.0, 6.0, 2.0, 3.0, 6.0, 5.0, 8.0, 12.0, 11.0, 6.0, 18.0, 16.0, 12.0, 21.0, 39.0, 39.0, 46.0, 73.0, 91.0, 131.0, 201.0, 274.0, 353.0, 366.0, 297.0, 238.0, 151.0, 129.0, 89.0, 79.0, 71.0, 45.0, 39.0, 40.0, 33.0, 31.0, 22.0, 11.0, 10.0, 4.0, 7.0, 5.0, 0.0, 1.0, 1.0],