{"train_loss_d1": 1.6947143077850342, "train_H_d1": 7.342238426208496, "test_loss_d1": 1.6684093475341797, "test_H_d1": 6.901776313781738, "_timestamp": 1723901263.160817, "_runtime": 441.07489681243896, "_step": 23, "parameters/net.0.in_w.weight": {"_type": "histogram", "values": [1.0, 1.0, 5.0, 6.0, 9.0, 4.0, 2.0, 3.0, 4.0, 5.0, 2.0, 8.0, 2.0, 3.0, 4.0, 4.0, 4.0, 1.0, 9.0, 2.0, 5.0, 4.0, 6.0, 10.0, 4.0, 4.0, 6.0, 1.0, 1.0, 3.0, 9.0, 0.0, 2.0, 5.0, 4.0, 5.0, 1.0, 6.0, 7.0, 4.0, 4.0, 6.0, 4.0, 4.0, 3.0, 1.0, 2.0, 5.0, 2.0, 7.0, 5.0, 5.0, 0.0, 3.0, 3.0, 6.0, 5.0, 5.0, 3.0, 4.0, 5.0, 1.0, 3.0, 4.0], "bins": [-0.7142266035079956, -0.6921611428260803, -0.6700957417488098, -0.6480302810668945, -0.6259648203849792, -0.603899359703064, -0.5818339586257935, -0.5597684979438782, -0.5377030372619629, -0.5156376361846924, -0.4935721755027771, -0.4715067148208618, -0.4494412839412689, -0.42737582325935364, -0.40531039237976074, -0.38324493169784546, -0.36117950081825256, -0.33911406993865967, -0.3170486092567444, -0.2949831783771515, -0.2729177176952362, -0.2508522868156433, -0.22878684103488922, -0.20672139525413513, -0.18465594947338104, -0.16259050369262695, -0.14052505791187286, -0.11845961958169937, -0.09639417380094528, -0.07432872802019119, -0.0522632859647274, -0.03019784204661846, -0.008132398128509521, 0.013933045789599419, 0.03599848970770836, 0.05806393176317215, 0.08012937754392624, 0.10219482332468033, 0.12426026165485382, 0.1463257074356079, 0.168391153216362, 0.1904565989971161, 0.21252204477787018, 0.23458749055862427, 0.25665292143821716, 0.27871838212013245, 0.30078381299972534, 0.3228492736816406, 0.3449147045612335, 0.3669801354408264, 0.3890455961227417, 0.4111110270023346, 0.4331764876842499, 0.4552419185638428, 0.47730737924575806, 0.49937281012535095, 0.5214382410049438, 0.5435037016868591, 0.5655691623687744, 0.5876345634460449, 0.6097000241279602, 0.6317654848098755, 0.6538309454917908, 0.6758963465690613, 0.6979618072509766]}, "parameters/net.0.in_w.bias": {"_type": "histogram", "values": [1.0, 3.0, 3.0, 2.0, 2.0, 3.0, 2.0, 3.0, 2.0, 0.0, 2.0, 5.0, 2.0, 1.0, 1.0, 2.0, 3.0, 1.0, 1.0, 1.0, 5.0, 3.0, 2.0, 3.0, 1.0, 4.0, 4.0, 0.0, 2.0, 1.0, 2.0, 3.0, 1.0, 3.0, 2.0, 3.0, 1.0, 3.0, 0.0, 3.0, 0.0, 3.0, 1.0, 2.0, 1.0, 1.0, 0.0, 3.0, 3.0, 2.0, 3.0, 2.0, 4.0, 3.0, 2.0, 0.0, 1.0, 1.0, 1.0, 3.0, 1.0, 1.0, 1.0, 3.0], "bins": [-0.7157659530639648, -0.6935105919837952, -0.6712552309036255, -0.6489998698234558, -0.6267445087432861, -0.6044891476631165, -0.5822337865829468, -0.5599784255027771, -0.5377230644226074, -0.5154677033424377, -0.4932123124599457, -0.470956951379776, -0.4487015902996063, -0.42644622921943665, -0.40419086813926697, -0.3819355070590973, -0.3596801459789276, -0.33742478489875793, -0.31516942381858826, -0.2929140627384186, -0.2706587016582489, -0.24840332567691803, -0.22614796459674835, -0.20389260351657867, -0.181637242436409, -0.15938188135623932, -0.13712652027606964, -0.11487115174531937, -0.09261579066514969, -0.07036042958498001, -0.048105064779520035, -0.025849701836705208, -0.003594338893890381, 0.018661024048924446, 0.04091638699173927, 0.06317175179719925, 0.08542711287736893, 0.1076824739575386, 0.12993784248828888, 0.15219320356845856, 0.17444856464862823, 0.1967039257287979, 0.2189592868089676, 0.24121464788913727, 0.26347002387046814, 0.2857253849506378, 0.3079807460308075, 0.3302361071109772, 0.35249146819114685, 0.37474682927131653, 0.3970021903514862, 0.4192575514316559, 0.44151291251182556, 0.46376827359199524, 0.4860236346721649, 0.508279025554657, 0.5305343866348267, 0.5527897477149963, 0.575045108795166, 0.5973004698753357, 0.6195558309555054, 0.641811192035675, 0.6640665531158447, 0.6863219141960144, 0.7085772752761841]}, "parameters/net.0.out_w.weight": {"_type": "histogram", "values": [2.0, 4.0, 3.0, 5.0, 4.0, 4.0, 3.0, 5.0, 6.0, 5.0, 5.0, 6.0, 2.0, 4.0, 2.0, 5.0, 5.0, 3.0, 3.0, 3.0, 4.0, 5.0, 9.0, 2.0, 6.0, 4.0, 7.0, 5.0, 1.0, 0.0, 6.0, 5.0, 5.0, 7.0, 7.0, 1.0, 1.0, 5.0, 4.0, 1.0, 2.0, 5.0, 4.0, 9.0, 6.0, 5.0, 4.0, 7.0, 0.0, 1.0, 2.0, 3.0, 6.0, 5.0, 4.0, 2.0, 4.0, 7.0, 3.0, 3.0, 2.0, 3.0, 4.0, 1.0], "bins": [-0.7085944414138794, -0.6865307092666626, -0.6644669771194458, -0.6424033045768738, -0.620339572429657, -0.5982758402824402, -0.5762121081352234, -0.5541483759880066, -0.5320847034454346, -0.5100209712982178, -0.487957239151001, -0.4658935070037842, -0.4438297748565674, -0.421766072511673, -0.3997023403644562, -0.37763863801956177, -0.35557490587234497, -0.3335111737251282, -0.31144747138023376, -0.28938373923301697, -0.26732003688812256, -0.24525630474090576, -0.22319257259368896, -0.20112885534763336, -0.17906513810157776, -0.15700142085552216, -0.13493770360946655, -0.11287397146224976, -0.09081025421619415, -0.06874653697013855, -0.04668281227350235, -0.02461909130215645, -0.002555370330810547, 0.019508350640535355, 0.041572071611881256, 0.06363579630851746, 0.08569951355457306, 0.10776323080062866, 0.12982696294784546, 0.15189068019390106, 0.17395439743995667, 0.19601811468601227, 0.21808183193206787, 0.24014556407928467, 0.26220929622650146, 0.2842729985713959, 0.30633673071861267, 0.3284004330635071, 0.3504641652107239, 0.3725278973579407, 0.3945915997028351, 0.4166553318500519, 0.4387190341949463, 0.4607827663421631, 0.4828464984893799, 0.5049102306365967, 0.5269739627838135, 0.5490376353263855, 0.5711013674736023, 0.5931650996208191, 0.6152288317680359, 0.6372925639152527, 0.6593562364578247, 0.6814199686050415, 0.7034837007522583]}, "parameters/net.0.out_w.bias": {"_type": "histogram", "values": [1.0, 2.0, 1.0, 0.0, 0.0, 3.0, 1.0, 2.0, 0.0, 3.0, 0.0, 1.0, 3.0, 3.0, 3.0, 3.0, 1.0, 2.0, 3.0, 3.0, 3.0, 1.0, 3.0, 7.0, 4.0, 3.0, 3.0, 1.0, 0.0, 1.0, 1.0, 1.0, 3.0, 1.0, 1.0, 4.0, 0.0, 2.0, 2.0, 2.0, 2.0, 2.0, 1.0, 3.0, 2.0, 3.0, 1.0, 1.0, 2.0, 2.0, 4.0, 2.0, 2.0, 3.0, 2.0, 2.0, 4.0, 1.0, 0.0, 1.0, 4.0, 1.0, 2.0, 3.0], "bins": [-0.6963436007499695, -0.6746847629547119, -0.6530259847640991, -0.6313672065734863, -0.6097083687782288, -0.5880495309829712, -0.5663907527923584, -0.5447319746017456, -0.523073136806488, -0.5014142990112305, -0.4797555208206177, -0.4580967128276825, -0.4364379048347473, -0.41477909684181213, -0.39312028884887695, -0.3714614808559418, -0.3498026728630066, -0.3281438648700714, -0.30648505687713623, -0.28482624888420105, -0.26316744089126587, -0.2415086328983307, -0.2198498249053955, -0.19819101691246033, -0.17653220891952515, -0.15487340092658997, -0.13321459293365479, -0.1115557849407196, -0.08989697694778442, -0.06823816895484924, -0.04657936096191406, -0.024920552968978882, -0.0032618045806884766, 0.018397003412246704, 0.040055811405181885, 0.061714619398117065, 0.08337342739105225, 0.10503223538398743, 0.1266910433769226, 0.1483498513698578, 0.17000865936279297, 0.19166746735572815, 0.21332627534866333, 0.2349850833415985, 0.2566438913345337, 0.27830269932746887, 0.29996150732040405, 0.32162031531333923, 0.3432791233062744, 0.3649379312992096, 0.3865967392921448, 0.40825554728507996, 0.42991435527801514, 0.4515731632709503, 0.4732319712638855, 0.4948907792568207, 0.5165495872497559, 0.5382083654403687, 0.5598672032356262, 0.5815260410308838, 0.6031848192214966, 0.6248435974121094, 0.6465024352073669, 0.6681612730026245, 0.6898200511932373]}, "parameters/net.2.in_w.weight": {"_type": "histogram", "values": [4.0, 5.0, 9.0, 5.0, 6.0, 3.0, 13.0, 11.0, 17.0, 17.0, 20.0, 7.0, 12.0, 17.0, 14.0, 15.0, 11.0, 18.0, 7.0, 13.0, 19.0, 7.0, 16.0, 16.0, 13.0, 11.0, 15.0, 6.0, 13.0, 19.0, 14.0, 16.0, 19.0, 10.0, 8.0, 18.0, 11.0, 3.0, 10.0, 10.0, 20.0, 12.0, 16.0, 19.0, 17.0, 14.0, 18.0, 13.0, 15.0, 10.0, 8.0, 10.0, 14.0, 10.0, 19.0, 14.0, 8.0, 13.0, 14.0, 10.0, 4.0, 7.0, 3.0, 2.0],