{"train_loss": 1.966117024421692, "test_loss": 1.963477373123169, "_timestamp": 1717438201.6593661, "_runtime": 153.5212562084198, "_step": 999, "gradients/net.4.bias": {"_type": "histogram", "values": [1.0, 0.0, 0.0, 0.0, 0.0, 0.0, 0.0, 0.0, 0.0, 0.0, 0.0, 0.0, 0.0, 0.0, 0.0, 0.0, 0.0, 0.0, 0.0, 0.0, 0.0, 0.0, 0.0, 0.0, 0.0, 0.0, 0.0, 0.0, 0.0, 0.0, 0.0, 0.0, 0.0, 0.0, 0.0, 0.0, 0.0, 0.0, 0.0, 0.0, 0.0, 0.0, 0.0, 0.0, 0.0, 0.0, 0.0, 0.0, 0.0, 0.0, 0.0, 0.0, 0.0, 0.0, 0.0, 0.0, 0.0, 0.0, 0.0, 0.0, 0.0, 0.0, 0.0, 1.0], "bins": [0.14578233659267426, 0.14650048315525055, 0.14721862971782684, 0.14793679118156433, 0.14865493774414062, 0.14937308430671692, 0.1500912308692932, 0.1508093774318695, 0.1515275239944458, 0.1522456705570221, 0.1529638171195984, 0.15368197858333588, 0.15440012514591217, 0.15511827170848846, 0.15583641827106476, 0.15655456483364105, 0.15727272629737854, 0.15799087285995483, 0.15870901942253113, 0.15942718088626862, 0.1601453274488449, 0.1608634740114212, 0.1615816205739975, 0.1622997671365738, 0.16301792860031128, 0.16373607516288757, 0.16445422172546387, 0.16517238318920135, 0.16589052975177765, 0.16660867631435394, 0.16732682287693024, 0.16804496943950653, 0.16876311600208282, 0.16948126256465912, 0.1701994091272354, 0.1709175705909729, 0.1716357171535492, 0.1723538637161255, 0.17307201027870178, 0.17379015684127808, 0.17450830340385437, 0.17522644996643066, 0.17594459652900696, 0.17666275799274445, 0.17738090455532074, 0.17809905111789703, 0.17881719768047333, 0.17953534424304962, 0.1802535057067871, 0.1809716522693634, 0.1816897988319397, 0.18240796029567719, 0.18312610685825348, 0.18384425342082977, 0.18456239998340607, 0.18528054654598236, 0.18599870800971985, 0.18671685457229614, 0.18743500113487244, 0.18815316259860992, 0.18887130916118622, 0.1895894557237625, 0.1903076022863388, 0.1910257488489151, 0.1917438954114914]}, "gradients/net.4.weight": {"_type": "histogram", "values": [2.0, 0.0, 1.0, 0.0, 0.0, 0.0, 1.0, 1.0, 0.0, 0.0, 2.0, 1.0, 0.0, 0.0, 5.0, 1.0, 6.0, 3.0, 1.0, 8.0, 4.0, 7.0, 53.0, 23.0, 37.0, 106.0, 71.0, 17.0, 98.0, 9.0, 8.0, 7.0, 6.0, 6.0, 1.0, 4.0, 2.0, 4.0, 4.0, 1.0, 1.0, 1.0, 1.0, 0.0, 1.0, 0.0, 1.0, 1.0, 0.0, 1.0, 0.0, 2.0, 0.0, 0.0, 0.0, 1.0, 0.0, 0.0, 0.0, 1.0, 0.0, 0.0, 0.0, 1.0], "bins": [-0.12295742332935333, -0.11390051245689392, -0.10484359413385391, -0.0957866832613945, -0.08672976493835449, -0.07767285406589508, -0.06861594319343567, -0.05955902487039566, -0.05050211399793625, -0.04144519940018654, -0.03238828480243683, -0.023331373929977417, -0.014274459332227707, -0.005217544734477997, 0.003839366137981415, 0.012896284461021423, 0.021953195333480835, 0.031010109931230545, 0.040067024528980255, 0.04912393540143967, 0.05818084999918938, 0.06723776459693909, 0.0762946754693985, 0.08535159379243851, 0.09440850466489792, 0.10346541553735733, 0.11252233386039734, 0.12157924473285675, 0.13063615560531616, 0.13969308137893677, 0.14874997735023499, 0.1578069031238556, 0.1668638288974762, 0.1759207397699356, 0.18497765064239502, 0.19403457641601562, 0.20309148728847504, 0.21214839816093445, 0.22120530903339386, 0.23026221990585327, 0.23931914567947388, 0.2483760565519333, 0.2574329674243927, 0.2664898931980133, 0.2755467891693115, 0.28460371494293213, 0.29366064071655273, 0.30271753668785095, 0.31177443265914917, 0.3208313584327698, 0.329888254404068, 0.3389451801776886, 0.3480020761489868, 0.3570590019226074, 0.366115927696228, 0.37517282366752625, 0.38422974944114685, 0.39328667521476746, 0.4023435711860657, 0.4114004969596863, 0.4204573929309845, 0.4295143187046051, 0.4385712146759033, 0.4476281404495239, 0.45668506622314453]}, "gradients/net.2.bias": {"_type": "histogram", "values": [2.0, 0.0, 1.0, 0.0, 1.0, 1.0, 1.0, 0.0, 1.0, 4.0, 1.0, 1.0, 1.0, 2.0, 1.0, 3.0, 4.0, 6.0, 7.0, 6.0, 10.0, 8.0, 7.0, 9.0, 8.0, 9.0, 13.0, 7.0, 1.0, 1.0, 1.0, 1.0, 2.0, 0.0, 0.0, 2.0, 1.0, 7.0, 12.0, 5.0, 13.0, 18.0, 16.0, 17.0, 12.0, 9.0, 5.0, 3.0, 4.0, 1.0, 0.0, 0.0, 0.0, 0.0, 3.0, 1.0, 3.0, 0.0, 0.0, 1.0, 0.0, 2.0, 0.0, 1.0], "bins": [-0.051803700625896454, -0.050210945308208466, -0.04861818626523018, -0.04702543094754219, -0.0454326756298542, -0.043839916586875916, -0.04224716126918793, -0.04065440595149994, -0.03906165063381195, -0.03746889531612396, -0.035876136273145676, -0.03428338095545769, -0.0326906256377697, -0.03109786845743656, -0.029505111277103424, -0.027912355959415436, -0.02631959691643715, -0.02472683973610401, -0.023134084418416023, -0.021541327238082886, -0.019948571920394897, -0.01835581474006176, -0.016763057559728622, -0.01517030131071806, -0.013577545061707497, -0.011984788812696934, -0.01039203256368637, -0.008799275383353233, -0.0072065191343426704, -0.0056137628853321075, -0.00402100570499897, -0.002428249455988407, -0.0008354932069778442, 0.0007572632748633623, 0.002350019756704569, 0.003942776471376419, 0.005535532720386982, 0.007128288969397545, 0.008721046149730682, 0.010313802398741245, 0.011906558647751808, 0.013499314896762371, 0.015092071145772934, 0.01668482832610607, 0.01827758550643921, 0.019870340824127197, 0.021463098004460335, 0.023055855184793472, 0.02464861050248146, 0.026241367682814598, 0.027834123000502586, 0.029426880180835724, 0.031019635498523712, 0.0326123908162117, 0.03420514985918999, 0.035797905176877975, 0.03739066421985626, 0.03898341953754425, 0.04057617858052254, 0.042168933898210526, 0.043761689215898514, 0.0453544482588768, 0.04694720357656479, 0.04853995889425278, 0.050132714211940765]}, "gradients/net.2.weight": {"_type": "histogram", "values": [3.0, 1.0, 1.0, 3.0, 7.0, 5.0, 2.0, 6.0, 10.0, 9.0, 17.0, 20.0, 28.0, 29.0, 38.0, 73.0, 105.0, 131.0, 186.0, 238.0, 337.0, 465.0, 639.0, 811.0, 1140.0, 1646.0, 2331.0, 16384.0, 2851.0, 1790.0, 1281.0, 1106.0, 972.0, 977.0, 965.0, 1117.0, 1488.0, 2266.0, 16451.0, 2761.0, 1880.0, 1317.0, 915.0, 720.0, 532.0, 377.0, 278.0, 255.0, 152.0, 124.0, 93.0, 51.0, 47.0, 27.0, 16.0, 15.0, 12.0, 11.0, 5.0, 7.0, 0.0, 4.0, 6.0, 2.0], "bins": [-0.06258317828178406, -0.06069910526275635, -0.058815035969018936, -0.056930966675281525, -0.055046893656253815, -0.053162820637226105, -0.05127875134348869, -0.04939468204975128, -0.04751060903072357, -0.04562653601169586, -0.04374246671795845, -0.04185839742422104, -0.03997432440519333, -0.03809025138616562, -0.03620618209242821, -0.034322112798690796, -0.032438039779663086, -0.030553968623280525, -0.028669897466897964, -0.026785826310515404, -0.024901755154132843, -0.023017683997750282, -0.02113361284136772, -0.01924954168498516, -0.0173654705286026, -0.01548139937222004, -0.013597328215837479, -0.011713257059454918, -0.009829185903072357, -0.007945114746689796, -0.006061043590307236, -0.004176972433924675, -0.002292897552251816, -0.00040882639586925507, 0.0014752447605133057, 0.0033593159168958664, 0.005243387073278427, 0.007127458229660988, 0.009011529386043549, 0.01089560054242611, 0.01277967169880867, 0.01466374285519123, 0.01654781401157379, 0.018431885167956352, 0.020315956324338913, 0.022200027480721474, 0.024084098637104034, 0.025968169793486595, 0.027852240949869156, 0.029736312106251717, 0.03162038326263428, 0.03350445628166199, 0.0353885255753994, 0.03727259486913681, 0.03915666788816452, 0.04104074090719223, 0.04292481020092964, 0.04480887949466705, 0.04669295251369476, 0.04857702553272247, 0.050461094826459885, 0.052345164120197296, 0.054229237139225006, 0.056113310158252716, 0.05799737945199013]}, "gradients/net.0.bias": {"_type": "histogram", "values": [1.0, 0.0, 1.0, 0.0, 1.0, 2.0, 2.0, 2.0, 0.0, 2.0, 1.0, 4.0, 3.0, 5.0, 3.0, 4.0, 4.0, 8.0, 5.0, 5.0, 5.0, 39.0, 21.0, 6.0, 2.0, 3.0, 2.0, 1.0, 1.0, 0.0, 1.0, 0.0, 2.0, 2.0, 3.0, 2.0, 55.0, 6.0, 8.0, 2.0, 4.0, 7.0, 3.0, 1.0, 2.0, 2.0, 7.0, 3.0, 0.0, 2.0, 0.0, 2.0, 2.0, 1.0, 1.0, 0.0, 0.0, 0.0, 3.0, 1.0, 0.0, 0.0, 0.0, 1.0],