{"train_loss": 0.3711700141429901, "test_loss": 0.36018070578575134, "_timestamp": 1717445414.167121, "_runtime": 150.4639229774475, "_step": 999, "gradients/net.4.bias": {"_type": "histogram", "values": [1.0, 0.0, 0.0, 0.0, 0.0, 0.0, 1.0, 0.0, 0.0, 0.0, 0.0, 0.0, 0.0, 0.0, 0.0, 0.0, 0.0, 0.0, 1.0, 0.0, 1.0, 0.0, 1.0, 1.0, 0.0, 0.0, 1.0, 0.0, 0.0, 0.0, 1.0, 0.0, 0.0, 0.0, 0.0, 0.0, 0.0, 0.0, 0.0, 0.0, 0.0, 0.0, 0.0, 0.0, 0.0, 0.0, 0.0, 0.0, 0.0, 0.0, 0.0, 0.0, 0.0, 0.0, 0.0, 1.0, 0.0, 0.0, 1.0, 0.0, 1.0, 0.0, 0.0, 1.0], "bins": [-0.04355616495013237, -0.04219977930188179, -0.04084339737892151, -0.03948701173067093, -0.03813062608242035, -0.03677424415946007, -0.03541785851120949, -0.03406147658824921, -0.03270509093999863, -0.03134870529174805, -0.029992323368787766, -0.028635937720537186, -0.027279553934931755, -0.025923170149326324, -0.024566784501075745, -0.023210400715470314, -0.021854016929864883, -0.020497633144259453, -0.019141249358654022, -0.017784863710403442, -0.016428479924798012, -0.015072096139192581, -0.013715711422264576, -0.01235932670533657, -0.01100294291973114, -0.00964655913412571, -0.008290174417197704, -0.006933790165930986, -0.0055774059146642685, -0.004221021663397551, -0.0028646374121308327, -0.0015082526952028275, -0.0001518651843070984, 0.0012045190669596195, 0.0025609033182263374, 0.003917287569493055, 0.005273671820759773, 0.006630056072026491, 0.007986440323293209, 0.009342825040221214, 0.010699208825826645, 0.012055592611432076, 0.01341197732836008, 0.014768362045288086, 0.016124745830893517, 0.017481129616498947, 0.018837515264749527, 0.020193899050354958, 0.021550282835960388, 0.02290666662156582, 0.02426305040717125, 0.02561943605542183, 0.02697581984102726, 0.02833220362663269, 0.02968858927488327, 0.0310449730604887, 0.03240135684609413, 0.03375774249434471, 0.03511412441730499, 0.03647051006555557, 0.03782689571380615, 0.039183277636766434, 0.040539663285017014, 0.041896045207977295, 0.043252430856227875]}, "gradients/net.4.weight": {"_type": "histogram", "values": [4.0, 0.0, 0.0, 0.0, 0.0, 198.0, 0.0, 0.0, 0.0, 57.0, 0.0, 15.0, 0.0, 23.0, 252.0, 0.0, 8.0, 0.0, 247.0, 0.0, 58.0, 186.0, 0.0, 0.0, 199.0, 0.0, 241.0, 0.0, 233.0, 0.0, 0.0, 248.0, 0.0, 9.0, 0.0, 0.0, 70.0, 0.0, 0.0, 0.0, 0.0, 0.0, 0.0, 249.0, 0.0, 239.0, 0.0, 236.0, 0.0, 249.0, 0.0, 0.0, 0.0, 0.0, 0.0, 0.0, 0.0, 0.0, 7.0, 0.0, 17.0, 20.0, 0.0, 7.0], "bins": [-0.04133275896310806, -0.03995393216609955, -0.038575101643800735, -0.03719627484679222, -0.03581744432449341, -0.034438617527484894, -0.03305979073047638, -0.031680963933467865, -0.030302133411169052, -0.02892330475151539, -0.027544476091861725, -0.02616564929485321, -0.024786820635199547, -0.023407991975545883, -0.02202916517853737, -0.020650336518883705, -0.01927150785923004, -0.017892679199576378, -0.016513850539922714, -0.0151350237429142, -0.013756195083260536, -0.012377366423606873, -0.010998538695275784, -0.009619710966944695, -0.008240882307291031, -0.0068620541132986546, -0.005483225919306278, -0.004104397725313902, -0.0027255695313215256, -0.0013467413373291492, 3.208685666322708e-05, 0.001410914584994316, 0.0027897395193576813, 0.004168567713350058, 0.005547395907342434, 0.00692622410133481, 0.008305052295327187, 0.00968388095498085, 0.01106270868331194, 0.012441536411643028, 0.013820365071296692, 0.015199193730950356, 0.01657802239060402, 0.017956849187612534, 0.019335677847266197, 0.02071450650691986, 0.022093333303928375, 0.02347216196358204, 0.024850990623235703, 0.026229819282889366, 0.02760864794254303, 0.028987474739551544, 0.030366303399205208, 0.03174513205885887, 0.033123958855867386, 0.0345027893781662, 0.03588161617517471, 0.03726044297218323, 0.03863927349448204, 0.040018100291490555, 0.04139693081378937, 0.04277575761079788, 0.044154584407806396, 0.04553341120481491, 0.046912241727113724]}, "gradients/net.2.bias": {"_type": "histogram", "values": [2.0, 124.0, 1.0, 0.0, 0.0, 0.0, 0.0, 0.0, 0.0, 0.0, 0.0, 0.0, 0.0, 0.0, 0.0, 0.0, 0.0, 0.0, 0.0, 0.0, 0.0, 0.0, 0.0, 0.0, 0.0, 0.0, 0.0, 0.0, 0.0, 0.0, 0.0, 0.0, 0.0, 0.0, 0.0, 0.0, 0.0, 0.0, 0.0, 0.0, 0.0, 0.0, 0.0, 0.0, 0.0, 0.0, 0.0, 0.0, 0.0, 0.0, 0.0, 0.0, 0.0, 0.0, 0.0, 0.0, 0.0, 0.0, 0.0, 0.0, 0.0, 1.0, 1.0, 127.0], "bins": [-0.010527260601520538, -0.010206603445112705, -0.009885947220027447, -0.009565290063619614, -0.00924463290721178, -0.008923975750803947, -0.008603319525718689, -0.008282662369310856, -0.007962005212903023, -0.007641348522156477, -0.007320691365748644, -0.007000034675002098, -0.006679377518594265, -0.006358720827847719, -0.006038064137101173, -0.00571740698069334, -0.005396750755608082, -0.005076094064861536, -0.004755436908453703, -0.004434780217707157, -0.004114123061299324, -0.0037934663705527782, -0.0034728096798062325, -0.003152152756229043, -0.0028314958326518536, -0.002510838909074664, -0.0021901819854974747, -0.0018695252947509289, -0.0015488683711737394, -0.00122821144759655, -0.0009075546404346824, -0.0005868978332728148, -0.0002662409096956253, 5.441595567390323e-05, 0.00037507282104343176, 0.0006957296864129603, 0.0010163865517824888, 0.0013370434753596783, 0.0016577002825215459, 0.0019783570896834135, 0.002299014013260603, 0.0026196709368377924, 0.002940327860414982, 0.0032609845511615276, 0.003581641474738717, 0.0039022983983159065, 0.004222955089062452, 0.004543611779808998, 0.004864268936216831, 0.005184925626963377, 0.00550558278337121, 0.005826239474117756, 0.006146896630525589, 0.006467553321272135, 0.006788210012018681, 0.007108867168426514, 0.0074295238591730595, 0.007750180549919605, 0.008070837706327438, 0.008391494862735271, 0.00871215108782053, 0.009032808244228363, 0.009353465400636196, 0.009674121625721455, 0.009994778782129288]}, "gradients/net.2.weight": {"_type": "histogram", "values": [32717.0, 0.0, 0.0, 0.0, 0.0, 0.0, 0.0, 0.0, 0.0, 0.0, 0.0, 0.0, 0.0, 0.0, 0.0, 0.0, 0.0, 0.0, 0.0, 0.0, 0.0, 0.0, 0.0, 0.0, 0.0, 0.0, 0.0, 0.0, 0.0, 0.0, 0.0, 0.0, 0.0, 0.0, 0.0, 0.0, 0.0, 0.0, 0.0, 0.0, 0.0, 0.0, 0.0, 0.0, 0.0, 0.0, 0.0, 0.0, 0.0, 0.0, 0.0, 0.0, 0.0, 0.0, 0.0, 0.0, 0.0, 0.0, 0.0, 0.0, 0.0, 0.0, 0.0, 32819.0], "bins": [-0.010000031441450119, -0.009687530808150768, -0.009375029243528843, -0.009062528610229492, -0.008750027976930141, -0.00843752734363079, -0.008125025779008865, -0.007812525145709515, -0.007500024046748877, -0.0071875229477882385, -0.006875022314488888, -0.00656252121552825, -0.006250020116567612, -0.005937519483268261, -0.005625018384307623, -0.005312517285346985, -0.005000016652047634, -0.004687515553086996, -0.004375014919787645, -0.004062513820827007, -0.003750012954697013, -0.0034375120885670185, -0.0031250109896063805, -0.002812510123476386, -0.0025000092573463917, -0.0021875083912163973, -0.001875007408671081, -0.0015625064261257648, -0.0012500055599957705, -0.0009375046938657761, -0.0006250037113204598, -0.0003125027287751436, -2.7939677238464355e-09, 0.00031249813036993146, 0.0006249990547075868, 0.0009374999790452421, 0.0012500009033828974, 0.0015625017695128918, 0.001875002752058208, 0.002187503734603524, 0.0025000046007335186, 0.002812505466863513, 0.0031250063329935074, 0.0034375074319541454, 0.00375000829808414, 0.004062509164214134, 0.004375010263174772, 0.00468751136213541, 0.005000011995434761, 0.005312513094395399, 0.00562501372769475, 0.005937514826655388, 0.006250015459954739, 0.006562516558915377, 0.006875017657876015, 0.0071875182911753654, 0.0075000193901360035, 0.007812520489096642, 0.008125021122395992, 0.008437521755695343, 0.008750023320317268, 0.009062523953616619, 0.00937502458691597, 0.009687526151537895, 0.010000026784837246]}, "gradients/net.0.bias": {"_type": "histogram", "values": [136.0, 0.0, 0.0, 0.0, 0.0, 0.0, 0.0, 0.0, 0.0, 0.0, 0.0, 0.0, 0.0, 0.0, 0.0, 0.0, 0.0, 0.0, 0.0, 0.0, 0.0, 0.0, 0.0, 0.0, 0.0, 0.0, 0.0, 0.0, 0.0, 0.0, 0.0, 0.0, 0.0, 0.0, 0.0, 0.0, 0.0, 0.0, 0.0, 0.0, 0.0, 0.0, 0.0, 0.0, 0.0, 0.0, 0.0, 0.0, 0.0, 0.0, 0.0, 0.0, 0.0, 0.0, 0.0, 0.0, 0.0, 0.0, 0.0, 0.0, 0.0, 0.0, 0.0, 120.0],