{"train_loss": 8.717659950256348, "train_grad": 3.953073501586914, "train_H": 4.762510776519775, "test_loss": 8.638924598693848, "test_grad": 4.009387969970703, "test_H": 4.628795623779297, "_timestamp": 1719440763.3685067, "_runtime": 3591.2362806797028, "_step": 49, "_wandb": {"runtime": 3591}}