{"train_loss": 0.03142963722348213, "test_loss": 0.026280689984560013, "_timestamp": 1717436474.0397637, "_runtime": 10.671468734741211, "_step": 99, "gradients/net.4.bias": {"_type": "histogram", "values": [1.0, 0.0, 0.0, 0.0, 0.0, 0.0, 0.0, 0.0, 0.0, 0.0, 0.0, 0.0, 0.0, 0.0, 0.0, 0.0, 0.0, 1.0, 0.0, 0.0, 0.0, 1.0, 0.0, 0.0, 0.0, 0.0, 0.0, 0.0, 1.0, 0.0, 0.0, 0.0, 1.0, 0.0, 1.0, 0.0, 0.0, 0.0, 0.0, 0.0, 0.0, 0.0, 0.0, 0.0, 0.0, 0.0, 0.0, 0.0, 0.0, 0.0, 1.0, 0.0, 0.0, 0.0, 0.0, 0.0, 0.0, 0.0, 0.0, 0.0, 0.0, 0.0, 0.0, 1.0], "bins": [-0.08591221272945404, -0.08355076611042023, -0.08118931949138641, -0.0788278728723526, -0.07646641880273819, -0.07410497218370438, -0.07174352556467056, -0.06938207894563675, -0.06702063232660294, -0.06465918570756912, -0.06229773536324501, -0.0599362887442112, -0.05757484212517738, -0.05521339178085327, -0.05285194516181946, -0.050490498542785645, -0.04812904819846153, -0.04576760157942772, -0.04340615123510361, -0.041044704616069794, -0.03868325799703598, -0.03632181137800217, -0.033960361033678055, -0.03159891441464424, -0.02923746593296528, -0.026876017451286316, -0.024514570832252502, -0.02215312235057354, -0.019791673868894577, -0.017430227249860764, -0.0150687787681818, -0.012707332149147987, -0.010345883667469025, -0.007984436117112637, -0.005622988101094961, -0.0032615400850772858, -0.0009000925347208977, 0.0014613550156354904, 0.003822803497314453, 0.006184250116348267, 0.00854569859802723, 0.010907146148383617, 0.013268593698740005, 0.015630042180418968, 0.01799149066209793, 0.020352937281131744, 0.022714385762810707, 0.02507583238184452, 0.027437280863523483, 0.029798729345202446, 0.03216017782688141, 0.03452162444591522, 0.036883071064949036, 0.03924451768398285, 0.04160596802830696, 0.043967414647340775, 0.046328864991664886, 0.0486903116106987, 0.05105176195502281, 0.053413208574056625, 0.05577465519309044, 0.05813610553741455, 0.060497552156448364, 0.06285899877548218, 0.06522044539451599]}, "gradients/net.4.weight": {"_type": "histogram", "values": [1.0, 0.0, 0.0, 0.0, 2.0, 2.0, 1.0, 0.0, 3.0, 3.0, 2.0, 6.0, 4.0, 4.0, 3.0, 6.0, 3.0, 11.0, 6.0, 3.0, 9.0, 11.0, 16.0, 22.0, 21.0, 16.0, 29.0, 35.0, 31.0, 66.0, 65.0, 106.0, 115.0, 61.0, 63.0, 52.0, 41.0, 31.0, 21.0, 21.0, 19.0, 17.0, 12.0, 6.0, 14.0, 3.0, 7.0, 6.0, 7.0, 4.0, 6.0, 9.0, 5.0, 2.0, 3.0, 2.0, 3.0, 4.0, 1.0, 0.0, 1.0, 0.0, 0.0, 1.0], "bins": [-1.8789945840835571, -1.8213235139846802, -1.7636524438858032, -1.7059813737869263, -1.6483103036880493, -1.5906392335891724, -1.5329680442810059, -1.475296974182129, -1.417625904083252, -1.359954833984375, -1.302283763885498, -1.244612693786621, -1.1869416236877441, -1.1292705535888672, -1.0715994834899902, -1.0139284133911133, -0.9562573432922363, -0.8985862731933594, -0.8409152030944824, -0.7832441329956055, -0.7255730628967285, -0.6679019927978516, -0.6102308630943298, -0.5525597929954529, -0.4948887228965759, -0.437217652797699, -0.379546582698822, -0.3218754827976227, -0.2642044126987457, -0.20653334259986877, -0.14886224269866943, -0.09119117259979248, -0.03351998329162598, 0.024151094257831573, 0.08182217180728912, 0.13949325680732727, 0.19716432690620422, 0.2548353970050812, 0.3125064969062805, 0.37017756700515747, 0.4278486371040344, 0.4855197072029114, 0.5431907773017883, 0.6008619070053101, 0.658532977104187, 0.716204047203064, 0.7738751173019409, 0.8315461874008179, 0.8892172574996948, 0.9468883275985718, 1.0045593976974487, 1.0622304677963257, 1.1199015378952026, 1.1775726079940796, 1.235243797302246, 1.292914867401123, 1.3505859375, 1.408257007598877, 1.465928077697754, 1.5235991477966309, 1.5812702178955078, 1.6389412879943848, 1.6966123580932617, 1.7542834281921387, 1.8119544982910156]}, "gradients/net.2.bias": {"_type": "histogram", "values": [1.0, 0.0, 0.0, 0.0, 0.0, 0.0, 0.0, 0.0, 0.0, 0.0, 0.0, 0.0, 1.0, 0.0, 0.0, 1.0, 0.0, 0.0, 1.0, 2.0, 2.0, 0.0, 2.0, 2.0, 3.0, 1.0, 4.0, 7.0, 3.0, 5.0, 5.0, 6.0, 8.0, 7.0, 7.0, 7.0, 7.0, 9.0, 6.0, 2.0, 3.0, 3.0, 3.0, 3.0, 4.0, 1.0, 2.0, 1.0, 0.0, 3.0, 1.0, 2.0, 0.0, 0.0, 0.0, 0.0, 0.0, 1.0, 0.0, 0.0, 0.0, 0.0, 0.0, 2.0], "bins": [-0.1017451211810112, -0.09882288426160812, -0.09590065479278564, -0.09297841787338257, -0.09005618095397949, -0.08713395148515701, -0.08421171456575394, -0.08128948509693146, -0.07836724817752838, -0.0754450112581253, -0.07252278178930283, -0.06960054486989975, -0.06667830795049667, -0.0637560784816742, -0.06083384156227112, -0.05791160836815834, -0.054989371448755264, -0.05206713825464249, -0.04914490133523941, -0.04622266814112663, -0.043300434947013855, -0.04037819802761078, -0.037455964833498, -0.03453373163938522, -0.03161149471998215, -0.02868925966322422, -0.025767026469111443, -0.022844791412353516, -0.019922558218240738, -0.01700032316148281, -0.014078088104724884, -0.011155854910612106, -0.008233621716499329, -0.005311387591063976, -0.0023891529999673367, 0.000533081591129303, 0.0034553157165646553, 0.006377549842000008, 0.009299784898757935, 0.012222018092870712, 0.01514425314962864, 0.018066488206386566, 0.020988721400499344, 0.02391095645725727, 0.026833191514015198, 0.029755424708127975, 0.03267765790224075, 0.03559989482164383, 0.03852212801575661, 0.041444361209869385, 0.04436659812927246, 0.04728883132338524, 0.050211064517498016, 0.05313330143690109, 0.05605553463101387, 0.05897776782512665, 0.061900004744529724, 0.0648222416639328, 0.06774447113275528, 0.07066670805215836, 0.07358894497156143, 0.07651117444038391, 0.07943341135978699, 0.08235564827919006, 0.08527787774801254]}, "gradients/net.2.weight": {"_type": "histogram", "values": [1.0, 2.0, 7.0, 14.0, 9.0, 27.0, 17.0, 16.0, 27.0, 38.0, 40.0, 50.0, 59.0, 68.0, 72.0, 80.0, 106.0, 115.0, 132.0, 195.0, 257.0, 318.0, 391.0, 444.0, 476.0, 559.0, 617.0, 731.0, 731.0, 835.0, 931.0, 995.0, 973.0, 965.0, 839.0, 693.0, 608.0, 567.0, 528.0, 489.0, 410.0, 363.0, 292.0, 222.0, 186.0, 135.0, 113.0, 89.0, 93.0, 78.0, 71.0, 48.0, 63.0, 43.0, 35.0, 35.0, 23.0, 15.0, 13.0, 11.0, 10.0, 3.0, 6.0, 5.0], "bins": [-0.1625639945268631, -0.15746253728866577, -0.15236108005046844, -0.14725960791110992, -0.1421581506729126, -0.13705669343471527, -0.13195523619651794, -0.12685377895832062, -0.1217523142695427, -0.11665085703134537, -0.11154939234256744, -0.10644793510437012, -0.10134647786617279, -0.09624501317739487, -0.09114355593919754, -0.08604209125041962, -0.08094063401222229, -0.07583917677402496, -0.07073771208524704, -0.06563625484704971, -0.06053479388356209, -0.05543333292007446, -0.050331875681877136, -0.04523041471838951, -0.040128953754901886, -0.03502749279141426, -0.029926033690571785, -0.02482457458972931, -0.019723113626241684, -0.014621652662754059, -0.009520193561911583, -0.004418734461069107, 0.0006827414035797119, 0.005784201435744762, 0.010885661467909813, 0.01598712056875229, 0.021088581532239914, 0.02619004249572754, 0.031291499733924866, 0.03639296069741249, 0.041494421660900116, 0.04659588262438774, 0.051697343587875366, 0.05679880082607269, 0.06190026178956032, 0.06700172275304794, 0.07210317999124527, 0.0772046446800232, 0.08230610191822052, 0.08740755915641785, 0.09250902384519577, 0.0976104810833931, 0.10271194577217102, 0.10781340301036835, 0.11291486024856567, 0.118016317486763, 0.12311778217554092, 0.12821924686431885, 0.13332070410251617, 0.1384221613407135, 0.14352361857891083, 0.14862507581710815, 0.15372654795646667, 0.158828005194664, 0.16392946243286133]}, "gradients/net.0.bias": {"_type": "histogram", "values": [2.0, 0.0, 1.0, 0.0, 0.0, 0.0, 2.0, 0.0, 2.0, 1.0, 1.0, 1.0, 1.0, 2.0, 3.0, 3.0, 0.0, 1.0, 2.0, 0.0, 7.0, 5.0, 1.0, 1.0, 3.0, 2.0, 4.0, 9.0, 4.0, 6.0, 5.0, 9.0, 4.0, 2.0, 3.0, 1.0, 3.0, 2.0, 2.0, 4.0, 2.0, 1.0, 3.0, 1.0, 3.0, 3.0, 3.0, 2.0, 1.0, 2.0, 1.0, 1.0, 1.0, 0.0, 0.0, 2.0, 0.0, 0.0, 0.0, 0.0, 1.0, 0.0, 1.0, 1.0],