{"train_loss": 0.9682209491729736, "train_grad": 0.6451432704925537, "train_H": 0.006727096624672413, "test_loss": 0.9772761464118958, "test_grad": 0.625404417514801, "test_h": 0, "test_H": 0.04100407287478447, "_timestamp": 1717626854.3167977, "_runtime": 24.18194079399109, "_step": 17, "_wandb": {"runtime": 24}}