{"train_loss": 2.679272174835205, "test_loss": 2.6730828285217285, "_timestamp": 1717477596.3631537, "_runtime": 54.19160866737366, "_step": 348, "gradients/net.4.bias": {"_type": "histogram", "values": [1.0, 0.0, 0.0, 0.0, 0.0, 0.0, 0.0, 0.0, 0.0, 0.0, 0.0, 0.0, 0.0, 0.0, 0.0, 0.0, 0.0, 0.0, 0.0, 0.0, 0.0, 0.0, 0.0, 0.0, 1.0, 0.0, 0.0, 0.0, 0.0, 1.0, 0.0, 0.0, 0.0, 1.0, 0.0, 0.0, 0.0, 0.0, 0.0, 0.0, 0.0, 0.0, 0.0, 0.0, 0.0, 0.0, 1.0, 0.0, 0.0, 1.0, 0.0, 0.0, 0.0, 0.0, 0.0, 0.0, 1.0, 0.0, 0.0, 0.0, 0.0, 0.0, 0.0, 1.0], "bins": [-0.03895752876996994, -0.038028083741664886, -0.037098634988069534, -0.03616918995976448, -0.03523974120616913, -0.034310296177864075, -0.03338084742426872, -0.03245140239596367, -0.03152195364236832, -0.030592506751418114, -0.02966305986046791, -0.028733612969517708, -0.027804166078567505, -0.02687472105026245, -0.025945274159312248, -0.025015827268362045, -0.02408638224005699, -0.02315693534910679, -0.022227488458156586, -0.021298041567206383, -0.02036859467625618, -0.019439149647951126, -0.018509702757000923, -0.01758025586605072, -0.016650808975100517, -0.015721362084150314, -0.014791915193200111, -0.013862469233572483, -0.01293302234262228, -0.012003575451672077, -0.011074129492044449, -0.010144682601094246, -0.009215235710144043, -0.00828578881919384, -0.007356342393904924, -0.006426895968616009, -0.005497449077665806, -0.004568002186715603, -0.0036385557614266872, -0.0027091093361377716, -0.0017796624451875687, -0.0008502157870680094, 7.923087105154991e-05, 0.0010086775291711092, 0.0019381241872906685, 0.0028675710782408714, 0.003797017503529787, 0.004726463928818703, 0.005655910819768906, 0.006585357710719109, 0.007514804136008024, 0.00844425056129694, 0.009373697452247143, 0.010303144343197346, 0.011232590302824974, 0.012162037193775177, 0.01309148408472538, 0.014020930975675583, 0.014950377866625786, 0.01587982475757599, 0.016809269785881042, 0.017738718539476395, 0.01866816356778145, 0.01959761045873165, 0.020527057349681854]}, "gradients/net.4.weight": {"_type": "histogram", "values": [1.0, 0.0, 0.0, 1.0, 0.0, 1.0, 0.0, 0.0, 0.0, 0.0, 0.0, 0.0, 0.0, 0.0, 0.0, 2.0, 0.0, 1.0, 1.0, 4.0, 2.0, 3.0, 1.0, 6.0, 5.0, 2.0, 11.0, 4.0, 4.0, 18.0, 17.0, 33.0, 90.0, 119.0, 428.0, 274.0, 697.0, 164.0, 44.0, 34.0, 18.0, 8.0, 11.0, 8.0, 11.0, 3.0, 2.0, 2.0, 6.0, 0.0, 1.0, 2.0, 2.0, 0.0, 0.0, 2.0, 0.0, 2.0, 0.0, 0.0, 0.0, 1.0, 1.0, 1.0], "bins": [-0.372886061668396, -0.3624744713306427, -0.3520628809928894, -0.3416512906551361, -0.3312397003173828, -0.3208281099796295, -0.3104165196418762, -0.30000489950180054, -0.28959333896636963, -0.27918174862861633, -0.26877015829086304, -0.25835856795310974, -0.24794697761535645, -0.23753538727760315, -0.22712378203868866, -0.21671219170093536, -0.20630058646202087, -0.19588899612426758, -0.18547740578651428, -0.175065815448761, -0.1646542251110077, -0.1542426347732544, -0.1438310295343399, -0.1334194391965866, -0.12300784885883331, -0.11259625852108002, -0.10218466818332672, -0.09177307039499283, -0.08136148005723953, -0.07094988971948624, -0.06053829565644264, -0.05012670159339905, -0.03971514105796814, -0.029303548857569695, -0.01889195665717125, -0.008480364456772804, 0.0019312277436256409, 0.012342818081378937, 0.02275441214442253, 0.033166006207466125, 0.04357759654521942, 0.05398918688297272, 0.06440077722072601, 0.0748123750090599, 0.0852239653468132, 0.0956355556845665, 0.10604715347290039, 0.11645874381065369, 0.12687033414840698, 0.13728192448616028, 0.14769351482391357, 0.15810510516166687, 0.16851669549942017, 0.17892828583717346, 0.18933989107608795, 0.19975148141384125, 0.21016307175159454, 0.22057466208934784, 0.23098625242710114, 0.24139784276485443, 0.2518094480037689, 0.2622210383415222, 0.2726326286792755, 0.2830442190170288, 0.2934558093547821]}, "gradients/net.2.bias": {"_type": "histogram", "values": [1.0, 1.0, 0.0, 1.0, 0.0, 0.0, 0.0, 0.0, 1.0, 0.0, 0.0, 1.0, 1.0, 0.0, 1.0, 2.0, 2.0, 1.0, 4.0, 5.0, 1.0, 10.0, 10.0, 23.0, 32.0, 11.0, 5.0, 4.0, 2.0, 1.0, 1.0, 1.0, 0.0, 1.0, 1.0, 1.0, 0.0, 2.0, 1.0, 0.0, 0.0, 1.0, 0.0, 1.0, 1.0, 3.0, 4.0, 3.0, 3.0, 8.0, 6.0, 2.0, 11.0, 34.0, 20.0, 11.0, 3.0, 4.0, 3.0, 7.0, 0.0, 0.0, 1.0, 2.0], "bins": [-0.026317764073610306, -0.025639701634645462, -0.02496163733303547, -0.024283574894070625, -0.02360551245510578, -0.02292744815349579, -0.022249385714530945, -0.0215713232755661, -0.020893258973956108, -0.020215196534991264, -0.01953713223338127, -0.018859069794416428, -0.018181007355451584, -0.01750294305384159, -0.016824880614876747, -0.016146816313266754, -0.015468754805624485, -0.014790691435337067, -0.014112628996372223, -0.013434565626084805, -0.012756502255797386, -0.012078439816832542, -0.011400376446545124, -0.010722313076257706, -0.010044250637292862, -0.009366187267005444, -0.0086881248280406, -0.008010061457753181, -0.007331998087465763, -0.006653935182839632, -0.005975872278213501, -0.005297808907926083, -0.004619745537638664, -0.003941682633012533, -0.003263619262725115, -0.0025855563580989838, -0.001907493220642209, -0.0012294300831854343, -0.0005513671785593033, 0.00012669619172811508, 0.0008047590963542461, 0.0014828222338110209, 0.0021608853712677956, 0.0028389482758939266, 0.0035170114133507013, 0.004195074550807476, 0.004873137455433607, 0.0055512008257210255, 0.0062292637303471565, 0.006907326634973288, 0.007585390005260706, 0.008263452909886837, 0.008941516280174255, 0.009619578719139099, 0.010297642089426517, 0.010975705459713936, 0.01165376789867878, 0.012331831268966198, 0.013009893707931042, 0.01368795707821846, 0.014366020448505878, 0.015044083818793297, 0.01572214625775814, 0.016400210559368134, 0.017078272998332977]}, "gradients/net.2.weight": {"_type": "histogram", "values": [1.0, 0.0, 4.0, 2.0, 4.0, 3.0, 9.0, 10.0, 12.0, 10.0, 10.0, 18.0, 22.0, 24.0, 53.0, 59.0, 98.0, 128.0, 162.0, 253.0, 329.0, 503.0, 786.0, 1104.0, 1454.0, 2133.0, 3175.0, 5488.0, 10359.0, 3363.0, 2252.0, 1940.0, 2210.0, 3186.0, 9587.0, 5848.0, 3295.0, 2218.0, 1557.0, 1161.0, 807.0, 553.0, 369.0, 262.0, 176.0, 152.0, 110.0, 75.0, 63.0, 32.0, 18.0, 22.0, 13.0, 10.0, 15.0, 8.0, 9.0, 5.0, 2.0, 0.0, 2.0, 1.0, 1.0, 1.0], "bins": [-0.09501086920499802, -0.09200047701597214, -0.08899008482694626, -0.08597969263792038, -0.0829692929983139, -0.07995890080928802, -0.07694850862026215, -0.07393811643123627, -0.07092772424221039, -0.06791733205318451, -0.06490693986415863, -0.06189654394984245, -0.058886151760816574, -0.055875759571790695, -0.05286536365747452, -0.04985497146844864, -0.04684457927942276, -0.04383418709039688, -0.040823794901371, -0.037813398987054825, -0.034803006798028946, -0.03179261460900307, -0.02878222055733204, -0.02577182650566101, -0.022761434316635132, -0.019751042127609253, -0.016740648075938225, -0.013730254955589771, -0.010719861835241318, -0.007709468714892864, -0.004699075594544411, -0.0016886815428733826, 0.0013217031955718994, 0.004332096315920353, 0.0073424894362688065, 0.01035288255661726, 0.013363275676965714, 0.016373667865991592, 0.01938406191766262, 0.02239445596933365, 0.025404848158359528, 0.028415240347385406, 0.031425632536411285, 0.03443602845072746, 0.03744642063975334, 0.04045681282877922, 0.0434672087430954, 0.04647760093212128, 0.049487993121147156, 0.052498385310173035, 0.055508777499198914, 0.05851917341351509, 0.06152956560254097, 0.06453996151685715, 0.06755035370588303, 0.0705607458949089, 0.07357113808393478, 0.07658153027296066, 0.07959192246198654, 0.08260231465101242, 0.0856127142906189, 0.08862310647964478, 0.09163349866867065, 0.09464389085769653, 0.09765428304672241]}, "gradients/net.0.bias": {"_type": "histogram", "values": [1.0, 0.0, 2.0, 1.0, 1.0, 2.0, 5.0, 1.0, 4.0, 8.0, 7.0, 11.0, 13.0, 14.0, 26.0, 10.0, 10.0, 3.0, 7.0, 3.0, 3.0, 4.0, 1.0, 1.0, 2.0, 0.0, 0.0, 0.0, 0.0, 0.0, 0.0, 0.0, 0.0, 0.0, 0.0, 0.0, 0.0, 0.0, 0.0, 1.0, 0.0, 3.0, 1.0, 2.0, 5.0, 8.0, 6.0, 14.0, 6.0, 12.0, 24.0, 9.0, 8.0, 6.0, 4.0, 3.0, 1.0, 2.0, 0.0, 0.0, 0.0, 0.0, 0.0, 1.0],