{"train_loss_d1": 9.688080787658691, "train_grad_d1": 4.260016441345215, "train_H_d1": 5.426505088806152, "test_loss_d1": 9.48998737335205, "test_grad_d1": 4.270503044128418, "test_H_d1": 5.218679904937744, "_timestamp": 1719445040.9981222, "_runtime": 759.9074273109436, "_step": 7, "train_loss_d2": 19.91368865966797, "train_grad_d2": 6.22169303894043, "train_H_d2": 13.689096450805664, "test_loss_d2": 25.360340118408203, "test_grad_d2": 6.1403913497924805, "test_H_d2": 19.217756271362305, "train_loss_d3": 30.366579055786133, "train_grad_d3": 9.381341934204102, "train_H_d3": 20.976804733276367, "test_loss_d3": 32.4912223815918, "test_grad_d3": 9.20373249053955, "test_H_d3": 23.27877426147461, "train_loss_d4": 36.1818733215332, "train_grad_d4": 3.3307278156280518, "train_H_d4": 32.83579635620117, "test_loss_d4": 39.127471923828125, "test_grad_d4": 3.2816720008850098, "test_H_d4": 35.832401275634766, "_wandb": {"runtime": 759}}