{"train_loss": 96.03070831298828, "test_loss": 22.370328903198242, "_timestamp": 1717526354.0008342, "_runtime": 10.939724206924438, "_step": 0, "_wandb": {"runtime": 13}}