{"train_loss": 8.453826904296875, "train_grad": 4.212892055511475, "train_H": 5.96910285949707, "test_loss": 7.186097621917725, "test_grad": 4.125532627105713, "test_H": 4.75255823135376, "_timestamp": 1719431344.211629, "_runtime": 1465.1941919326782, "_step": 0}