{"parameters/net.0.fc.weight": {"_type": "histogram", "values": [1.0, 0.0, 0.0, 0.0, 1.0, 0.0, 0.0, 0.0, 1.0, 0.0, 2.0, 1.0, 2.0, 0.0, 0.0, 2.0, 0.0, 5.0, 1.0, 1.0, 1.0, 2.0, 6.0, 10.0, 12.0, 10.0, 15.0, 37.0, 9.0, 8.0, 7.0, 19.0, 24.0, 14.0, 17.0, 14.0, 7.0, 8.0, 2.0, 4.0, 0.0, 2.0, 2.0, 1.0, 3.0, 0.0, 1.0, 0.0, 1.0, 0.0, 0.0, 0.0, 0.0, 0.0, 0.0, 0.0, 0.0, 0.0, 0.0, 0.0, 0.0, 0.0, 1.0, 2.0], "bins": [-1.0043394565582275, -0.9704700708389282, -0.9366007447242737, -0.9027313590049744, -0.8688620328903198, -0.8349926471710205, -0.8011232614517212, -0.7672539353370667, -0.7333845496177673, -0.699515163898468, -0.6656458377838135, -0.6317764520645142, -0.5979070663452148, -0.5640377402305603, -0.530168354511261, -0.49629899859428406, -0.46242964267730713, -0.4285602867603302, -0.39469093084335327, -0.36082154512405396, -0.326952189207077, -0.2930828332901001, -0.2592134475708008, -0.22534409165382385, -0.19147473573684692, -0.15760537981987, -0.12373600900173187, -0.08986664563417435, -0.05599728226661682, -0.022127918899059296, 0.01174144446849823, 0.045610807836055756, 0.07948005199432373, 0.11334941536188126, 0.14721877872943878, 0.1810881495475769, 0.21495750546455383, 0.24882686138153076, 0.2826962471008301, 0.316565603017807, 0.35043495893478394, 0.38430431485176086, 0.4181736707687378, 0.4520430564880371, 0.48591241240501404, 0.519781768321991, 0.5536511540412903, 0.5875204801559448, 0.6213898658752441, 0.6552592515945435, 0.689128577709198, 0.7229979634284973, 0.7568672895431519, 0.7907366752624512, 0.8246060609817505, 0.858475387096405, 0.8923447728157043, 0.9262141585350037, 0.9600834846496582, 0.9939528703689575, 1.0278222560882568, 1.0616916418075562, 1.095560908317566, 1.1294302940368652, 1.1632996797561646]}, "_timestamp": 1723029773.9138868, "parameters/net.0.attn_fc.weight": {"_type": "histogram", "values": [1.0, 0.0, 1.0, 0.0, 0.0, 0.0, 2.0, 1.0, 3.0, 1.0, 4.0, 0.0, 2.0, 3.0, 5.0, 9.0, 3.0, 9.0, 14.0, 9.0, 7.0, 10.0, 14.0, 12.0, 5.0, 10.0, 7.0, 19.0, 10.0, 10.0, 14.0, 5.0, 5.0, 7.0, 5.0, 8.0, 7.0, 3.0, 6.0, 4.0, 6.0, 5.0, 1.0, 2.0, 0.0, 4.0, 1.0, 1.0, 0.0, 0.0, 0.0, 0.0, 0.0, 0.0, 0.0, 0.0, 0.0, 0.0, 0.0, 0.0, 0.0, 0.0, 0.0, 1.0], "bins": [-0.32887834310531616, -0.31622591614723206, -0.30357348918914795, -0.29092106223106384, -0.27826863527297974, -0.265616238117218, -0.2529638111591339, -0.2403113842010498, -0.2276589572429657, -0.2150065302848816, -0.20235410332679749, -0.18970169126987457, -0.17704926431179047, -0.16439683735370636, -0.15174442529678345, -0.13909199833869934, -0.12643957138061523, -0.11378714442253113, -0.10113472491502762, -0.08848230540752411, -0.07582987844944, -0.0631774514913559, -0.050525031983852386, -0.03787260875105858, -0.02522018551826477, -0.012567762285470963, 8.466094732284546e-05, 0.012737084180116653, 0.02538950741291046, 0.03804193064570427, 0.05069435387849808, 0.06334677338600159, 0.07599923014640808, 0.08865165710449219, 0.1013040766119957, 0.1139564961194992, 0.1266089230775833, 0.13926135003566742, 0.15191376209259033, 0.16456618905067444, 0.17721861600875854, 0.18987104296684265, 0.20252346992492676, 0.21517588198184967, 0.22782830893993378, 0.24048073589801788, 0.2531331479549408, 0.2657855749130249, 0.278438001871109, 0.2910904288291931, 0.3037428557872772, 0.31639528274536133, 0.32904767990112305, 0.34170010685920715, 0.35435253381729126, 0.36700496077537537, 0.3796573877334595, 0.3923098146915436, 0.4049622416496277, 0.4176146686077118, 0.4302670955657959, 0.4429194927215576, 0.4555719196796417, 0.46822434663772583, 0.48087677359580994]}, "parameters/net.2.fc.weight": {"_type": "histogram", "values": [1.0, 0.0, 1.0, 0.0, 0.0, 1.0, 0.0, 1.0, 1.0, 1.0, 0.0, 1.0, 3.0, 6.0, 3.0, 8.0, 6.0, 4.0, 10.0, 10.0, 12.0, 12.0, 10.0, 15.0, 15.0, 12.0, 15.0, 21.0, 37.0, 24.0, 17.0, 25.0, 26.0, 23.0, 25.0, 22.0, 36.0, 27.0, 32.0, 23.0, 33.0, 27.0, 28.0, 23.0, 22.0, 20.0, 21.0, 18.0, 12.0, 13.0, 10.0, 8.0, 8.0, 7.0, 7.0, 8.0, 3.0, 2.0, 6.0, 1.0, 3.0, 0.0, 1.0, 1.0], "bins": [-0.7027058005332947, -0.6836553812026978, -0.6646050214767456, -0.6455546021461487, -0.6265042424201965, -0.6074538230895996, -0.5884034633636475, -0.5693530440330505, -0.5503026247024536, -0.5312522649765015, -0.5122018456459045, -0.4931514859199524, -0.47410106658935547, -0.45505067706108093, -0.4360002875328064, -0.41694989800453186, -0.3978995084762573, -0.3788491189479828, -0.35979872941970825, -0.3407483398914337, -0.3216979503631592, -0.30264753103256226, -0.2835971415042877, -0.2645467519760132, -0.24549636244773865, -0.2264459729194641, -0.20739558339118958, -0.18834517896175385, -0.1692947894334793, -0.15024439990520477, -0.13119399547576904, -0.1121436059474945, -0.0930931568145752, -0.07404276728630066, -0.054992370307445526, -0.03594197705388069, -0.016891583800315857, 0.0021588094532489777, 0.021209202706813812, 0.04025959596037865, 0.05930998921394348, 0.07836037874221802, 0.09741077572107315, 0.11646117269992828, 0.13551156222820282, 0.15456195175647736, 0.17361235618591309, 0.19266274571418762, 0.21171313524246216, 0.2307635247707367, 0.24981391429901123, 0.26886430382728577, 0.2879146933555603, 0.3069651126861572, 0.32601550221443176, 0.3450658917427063, 0.36411628127098083, 0.38316667079925537, 0.4022170603275299, 0.42126744985580444, 0.44031786918640137, 0.4593682587146759, 0.47841864824295044, 0.497469037771225, 0.5165194272994995]}, "parameters/net.2.attn_fc.weight": {"_type": "histogram", "values": [1.0, 0.0, 0.0, 0.0, 0.0, 0.0, 0.0, 1.0, 0.0, 0.0, 0.0, 0.0, 1.0, 0.0, 0.0, 0.0, 1.0, 0.0, 0.0, 0.0, 0.0, 0.0, 0.0, 0.0, 0.0, 0.0, 0.0, 0.0, 0.0, 1.0, 0.0, 0.0, 0.0, 0.0, 0.0, 0.0, 0.0, 1.0, 0.0, 0.0, 0.0, 1.0, 0.0, 0.0, 0.0, 0.0, 2.0, 1.0, 1.0, 0.0, 0.0, 0.0, 0.0, 0.0, 0.0, 0.0, 0.0, 0.0, 0.0, 0.0, 0.0, 0.0, 0.0, 1.0], "bins": [-0.08486892282962799, -0.0668145939707756, -0.048760268837213516, -0.03070594184100628, -0.012651614844799042, 0.0054027121514081955, 0.023457039147615433, 0.04151136428117752, 0.05956569314002991, 0.0776200219988823, 0.09567435085773468, 0.11372867226600647, 0.13178300857543945, 0.14983732998371124, 0.16789165139198303, 0.18594598770141602, 0.2040003091096878, 0.2220546305179596, 0.24010896682739258, 0.25816330313682556, 0.27621760964393616, 0.29427194595336914, 0.3123262822628021, 0.3303805887699127, 0.3484349250793457, 0.3664892613887787, 0.3845435678958893, 0.40259790420532227, 0.42065224051475525, 0.43870654702186584, 0.45676088333129883, 0.4748152196407318, 0.4928695559501648, 0.5109238624572754, 0.5289782285690308, 0.5470325350761414, 0.565086841583252, 0.5831412076950073, 0.6011955142021179, 0.6192498207092285, 0.6373041868209839, 0.6553584933280945, 0.6734127998352051, 0.6914671659469604, 0.709521472454071, 0.7275757789611816, 0.745630145072937, 0.7636844515800476, 0.7817387580871582, 0.7997931241989136, 0.8178474307060242, 0.8359017968177795, 0.8539561033248901, 0.8720104098320007, 0.8900647759437561, 0.9081190824508667, 0.9261733889579773, 0.9442277550697327, 0.9622820615768433, 0.9803363680839539, 0.9983907341957092, 1.0164450407028198, 1.0344994068145752, 1.052553653717041, 1.0706080198287964]}, "train_loss_d1": 7.425063133239746, "train_H_d1": 7.307807922363281, "test_loss_d1": 1.6484630107879639, "test_H_d1": 6.265987873077393, "_runtime": 6790.668596744537, "_step": 99, "parameters/graph_1net.0.fc.weight": {"_type": "histogram", "values": [1.0, 0.0, 0.0, 0.0, 0.0, 0.0, 0.0, 3.0, 0.0, 2.0, 0.0, 1.0, 1.0, 2.0, 3.0, 4.0, 1.0, 4.0, 4.0, 8.0, 2.0, 3.0, 6.0, 8.0, 7.0, 11.0, 22.0, 20.0, 11.0, 10.0, 26.0, 14.0, 6.0, 14.0, 7.0, 10.0, 1.0, 7.0, 4.0, 5.0, 4.0, 1.0, 4.0, 5.0, 3.0, 4.0, 1.0, 1.0, 1.0, 0.0, 1.0, 0.0, 0.0, 0.0, 0.0, 0.0, 0.0, 0.0, 0.0, 0.0, 0.0, 0.0, 1.0, 2.0],