{"train_loss": 0.1368507295846939, "test_loss": 0.14630071818828583, "_timestamp": 1717522490.762695, "_runtime": 1443.545706987381, "_step": 49, "parameters/net.layer1.fc.weight": {"_type": "histogram", "values": [2.0, 1.0, 1.0, 3.0, 4.0, 0.0, 4.0, 6.0, 9.0, 5.0, 4.0, 7.0, 8.0, 8.0, 5.0, 14.0, 14.0, 14.0, 12.0, 13.0, 21.0, 8.0, 17.0, 17.0, 13.0, 22.0, 26.0, 19.0, 21.0, 20.0, 21.0, 18.0, 15.0, 15.0, 10.0, 10.0, 15.0, 12.0, 12.0, 13.0, 13.0, 8.0, 3.0, 6.0, 3.0, 5.0, 2.0, 2.0, 0.0, 0.0, 4.0, 1.0, 0.0, 0.0, 0.0, 0.0, 1.0, 2.0, 1.0, 0.0, 1.0, 0.0, 0.0, 1.0], "bins": [-0.3283378779888153, -0.316551148891449, -0.30476438999176025, -0.2929776608943939, -0.2811909019947052, -0.26940417289733887, -0.25761741399765015, -0.2458306849002838, -0.2340439409017563, -0.22225719690322876, -0.21047045290470123, -0.1986837089061737, -0.18689697980880737, -0.17511022090911865, -0.16332349181175232, -0.1515367478132248, -0.13975000381469727, -0.12796325981616974, -0.11617651581764221, -0.10438977926969528, -0.09260303527116776, -0.08081629127264023, -0.0690295547246933, -0.05724281072616577, -0.045456066727638245, -0.03366932272911072, -0.02188258245587349, -0.010095842182636261, 0.0016909018158912659, 0.013477645814418793, 0.025264382362365723, 0.03705112636089325, 0.048837900161743164, 0.06062464416027069, 0.07241138815879822, 0.08419812470674515, 0.09598486870527267, 0.1077716127038002, 0.11955834925174713, 0.13134509325027466, 0.14313183724880219, 0.1549185812473297, 0.16670532524585724, 0.17849206924438477, 0.1902787983417511, 0.20206555724143982, 0.21385228633880615, 0.22563903033733368, 0.2374257743358612, 0.24921251833438873, 0.26099926233291626, 0.2727859914302826, 0.2845727503299713, 0.29635947942733765, 0.30814623832702637, 0.3199329674243927, 0.33171969652175903, 0.34350642561912537, 0.3552931845188141, 0.3670799136161804, 0.37886667251586914, 0.3906534016132355, 0.4024401307106018, 0.4142268896102905, 0.42601364850997925]}, "parameters/net.layer1.attn_fc.weight": {"_type": "histogram", "values": [1.0, 0.0, 0.0, 0.0, 0.0, 0.0, 1.0, 0.0, 1.0, 2.0, 2.0, 3.0, 2.0, 5.0, 3.0, 7.0, 5.0, 10.0, 9.0, 9.0, 8.0, 15.0, 15.0, 18.0, 12.0, 21.0, 20.0, 19.0, 16.0, 20.0, 19.0, 22.0, 20.0, 22.0, 18.0, 16.0, 18.0, 24.0, 19.0, 7.0, 16.0, 18.0, 10.0, 11.0, 7.0, 11.0, 3.0, 5.0, 4.0, 1.0, 3.0, 5.0, 3.0, 0.0, 0.0, 2.0, 0.0, 0.0, 0.0, 0.0, 1.0, 0.0, 2.0, 1.0], "bins": [-0.2877751588821411, -0.2787435054779053, -0.26971182227134705, -0.2606801688671112, -0.25164851546287537, -0.24261684715747833, -0.2335851788520813, -0.22455352544784546, -0.21552185714244843, -0.2064901888370514, -0.19745853543281555, -0.18842686712741852, -0.17939519882202148, -0.17036354541778564, -0.1613318771123886, -0.15230020880699158, -0.14326855540275574, -0.1342368870973587, -0.12520523369312286, -0.11617356538772583, -0.1071419045329094, -0.09811024367809296, -0.08907857537269592, -0.08004691451787949, -0.07101525366306305, -0.06198359280824661, -0.05295192822813988, -0.04392026364803314, -0.034888602793216705, -0.02585694193840027, -0.016825277358293533, -0.007793612778186798, 0.0012380778789520264, 0.010269740596413612, 0.0193014033138752, 0.028333066031336784, 0.03736472874879837, 0.04639638960361481, 0.05542805418372154, 0.06445971876382828, 0.07349137961864471, 0.08252304047346115, 0.09155470132827759, 0.10058636963367462, 0.10961803048849106, 0.1186496913433075, 0.12768135964870453, 0.13671302795410156, 0.1457446813583374, 0.15477634966373444, 0.16380800306797028, 0.1728396713733673, 0.18187132477760315, 0.19090299308300018, 0.19993466138839722, 0.20896631479263306, 0.2179979830980301, 0.22702965140342712, 0.23606130480766296, 0.24509297311306, 0.25412464141845703, 0.26315629482269287, 0.2721879482269287, 0.28121963143348694, 0.2902512848377228]}, "parameters/net.layer2.fc.weight": {"_type": "histogram", "values": [1.0, 0.0, 1.0, 1.0, 4.0, 2.0, 8.0, 15.0, 19.0, 25.0, 40.0, 51.0, 71.0, 112.0, 164.0, 235.0, 309.0, 400.0, 513.0, 671.0, 837.0, 1050.0, 1215.0, 1426.0, 1804.0, 1966.0, 2308.0, 2558.0, 2875.0, 3042.0, 3198.0, 3283.0, 3413.0, 3377.0, 3318.0, 3204.0, 3207.0, 2955.0, 2706.0, 2330.0, 2243.0, 1978.0, 1676.0, 1373.0, 1225.0, 967.0, 810.0, 665.0, 489.0, 373.0, 310.0, 199.0, 165.0, 115.0, 76.0, 45.0, 41.0, 32.0, 8.0, 13.0, 5.0, 5.0, 6.0, 3.0], "bins": [-0.38153013586997986, -0.37010425329208374, -0.35867834091186523, -0.3472524583339691, -0.335826575756073, -0.3244006633758545, -0.3129747807979584, -0.30154889822006226, -0.29012298583984375, -0.27869710326194763, -0.2672711908817291, -0.255845308303833, -0.2444194257259369, -0.23299352824687958, -0.22156763076782227, -0.21014174818992615, -0.19871586561203003, -0.18728996813297272, -0.1758640855550766, -0.1644381880760193, -0.15301230549812317, -0.14158640801906586, -0.13016051054000854, -0.11873462051153183, -0.10730873048305511, -0.0958828404545784, -0.08445695042610168, -0.07303105294704437, -0.06160516291856766, -0.05017927289009094, -0.03875337541103363, -0.027327485382556915, -0.015901565551757812, -0.004475673660635948, 0.006950218230485916, 0.01837611198425293, 0.029802002012729645, 0.04122789204120636, 0.05265378952026367, 0.06407967954874039, 0.0755055695772171, 0.08693145960569382, 0.09835734963417053, 0.10978324711322784, 0.12120913714170456, 0.13263502717018127, 0.1440609246492386, 0.1554868221282959, 0.16691270470619202, 0.17833860218524933, 0.18976448476314545, 0.20119038224220276, 0.21261626482009888, 0.2240421622991562, 0.2354680597782135, 0.24689394235610962, 0.2583198547363281, 0.26974573731422424, 0.28117164969444275, 0.29259753227233887, 0.304023414850235, 0.3154492974281311, 0.3268752098083496, 0.3383010923862457, 0.34972697496414185]}, "parameters/net.layer2.attn_fc.weight": {"_type": "histogram", "values": [1.0, 0.0, 0.0, 1.0, 0.0, 0.0, 2.0, 0.0, 0.0, 3.0, 0.0, 2.0, 4.0, 2.0, 5.0, 5.0, 6.0, 4.0, 6.0, 4.0, 6.0, 10.0, 9.0, 17.0, 16.0, 15.0, 9.0, 26.0, 24.0, 12.0, 12.0, 21.0, 18.0, 17.0, 19.0, 17.0, 20.0, 23.0, 13.0, 16.0, 18.0, 18.0, 13.0, 13.0, 10.0, 11.0, 12.0, 9.0, 6.0, 3.0, 4.0, 6.0, 4.0, 3.0, 3.0, 3.0, 1.0, 4.0, 2.0, 3.0, 0.0, 0.0, 0.0, 1.0], "bins": [-0.29202964901924133, -0.2835226058959961, -0.27501553297042847, -0.2665084898471832, -0.258001446723938, -0.24949437379837036, -0.24098733067512512, -0.2324802726507187, -0.22397321462631226, -0.21546615660190582, -0.2069590985774994, -0.19845205545425415, -0.18994499742984772, -0.18143793940544128, -0.17293089628219604, -0.1644238382577896, -0.15591678023338318, -0.14740972220897675, -0.1389026641845703, -0.13039562106132507, -0.12188856303691864, -0.11338150501251221, -0.10487445443868637, -0.09636740386486053, -0.0878603458404541, -0.07935328781604767, -0.07084623724222183, -0.0623391829431057, -0.05383212864398956, -0.04532507434487343, -0.036818020045757294, -0.02831096574664116, -0.019803911447525024, -0.01129685714840889, -0.002789802849292755, 0.0057172514498233795, 0.014224305748939514, 0.02273136004805565, 0.031238414347171783, 0.03974546864628792, 0.04825252294540405, 0.05675957724452019, 0.06526663154363632, 0.07377368211746216, 0.08228074014186859, 0.09078779816627502, 0.09929484874010086, 0.1078018993139267, 0.11630895733833313, 0.12481601536273956, 0.133323073387146, 0.14183011651039124, 0.15033717453479767, 0.1588442325592041, 0.16735127568244934, 0.17585833370685577, 0.1843653917312622, 0.19287244975566864, 0.20137950778007507, 0.2098865509033203, 0.21839360892772675, 0.22690066695213318, 0.23540771007537842, 0.24391476809978485, 0.2524218261241913]}, "parameters/net.layer3.fc.weight": {"_type": "histogram", "values": [1.0, 0.0, 0.0, 0.0, 0.0, 0.0, 0.0, 0.0, 0.0, 3.0, 4.0, 2.0, 2.0, 0.0, 0.0, 3.0, 8.0, 3.0, 3.0, 7.0, 6.0, 12.0, 11.0, 12.0, 11.0, 12.0, 18.0, 8.0, 17.0, 18.0, 13.0, 22.0, 14.0, 19.0, 17.0, 19.0, 19.0, 25.0, 12.0, 22.0, 16.0, 19.0, 15.0, 10.0, 15.0, 17.0, 14.0, 8.0, 6.0, 6.0, 8.0, 7.0, 9.0, 3.0, 2.0, 2.0, 3.0, 0.0, 1.0, 0.0, 2.0, 1.0, 2.0, 3.0],