{"train_loss": 1.2567658424377441, "test_loss": 1.2586017847061157, "_timestamp": 1717438775.5196347, "_runtime": 369.7184088230133, "_step": 2499, "gradients/net.4.bias": {"_type": "histogram", "values": [1.0, 0.0, 0.0, 0.0, 0.0, 0.0, 0.0, 0.0, 0.0, 0.0, 0.0, 0.0, 0.0, 0.0, 0.0, 0.0, 0.0, 0.0, 0.0, 0.0, 0.0, 0.0, 0.0, 0.0, 0.0, 0.0, 0.0, 0.0, 0.0, 0.0, 0.0, 0.0, 0.0, 0.0, 0.0, 0.0, 0.0, 0.0, 0.0, 0.0, 0.0, 0.0, 0.0, 0.0, 0.0, 0.0, 0.0, 0.0, 0.0, 0.0, 0.0, 0.0, 0.0, 0.0, 0.0, 0.0, 0.0, 0.0, 0.0, 0.0, 0.0, 0.0, 0.0, 1.0], "bins": [-0.2183784395456314, -0.2049325704574585, -0.1914866864681244, -0.17804081737995148, -0.16459494829177856, -0.15114906430244446, -0.13770319521427155, -0.12425731867551804, -0.11081144213676453, -0.09736556559801102, -0.08391968905925751, -0.0704738199710846, -0.057027943432331085, -0.043582066893577576, -0.030136197805404663, -0.016690321266651154, -0.003244444727897644, 0.010201429948210716, 0.023647304624319077, 0.03709317743778229, 0.0505390539765358, 0.0639849305152893, 0.07743079960346222, 0.09087667614221573, 0.10432255268096924, 0.11776842921972275, 0.13121430575847626, 0.14466017484664917, 0.15810605883598328, 0.1715519279241562, 0.1849977970123291, 0.1984436810016632, 0.21188956499099731, 0.22533543407917023, 0.23878131806850433, 0.25222718715667725, 0.26567307114601135, 0.27911895513534546, 0.2925648093223572, 0.3060106933116913, 0.3194565773010254, 0.3329024612903595, 0.3463483154773712, 0.3597941994667053, 0.37324008345603943, 0.38668596744537354, 0.40013182163238525, 0.41357770562171936, 0.4270235598087311, 0.4404694437980652, 0.4539152979850769, 0.467361181974411, 0.4808070659637451, 0.49425292015075684, 0.5076987743377686, 0.521144688129425, 0.5345905423164368, 0.5480363965034485, 0.561482310295105, 0.5749281644821167, 0.5883740186691284, 0.6018199324607849, 0.6152657866477966, 0.6287116408348083, 0.6421575546264648]}, "gradients/net.4.weight": {"_type": "histogram", "values": [1.0, 0.0, 0.0, 0.0, 0.0, 0.0, 0.0, 0.0, 0.0, 0.0, 0.0, 1.0, 0.0, 0.0, 1.0, 0.0, 0.0, 1.0, 0.0, 1.0, 0.0, 6.0, 228.0, 7.0, 4.0, 3.0, 1.0, 4.0, 6.0, 8.0, 231.0, 4.0, 0.0, 0.0, 0.0, 0.0, 1.0, 0.0, 0.0, 2.0, 0.0, 0.0, 0.0, 1.0, 0.0, 0.0, 0.0, 0.0, 0.0, 0.0, 0.0, 0.0, 0.0, 0.0, 0.0, 0.0, 0.0, 0.0, 0.0, 0.0, 0.0, 0.0, 0.0, 1.0], "bins": [-1.7621372938156128, -1.6895273923873901, -1.6169174909591675, -1.5443075895309448, -1.4716976881027222, -1.3990877866744995, -1.3264780044555664, -1.2538681030273438, -1.181258201599121, -1.1086483001708984, -1.0360383987426758, -0.9634284973144531, -0.8908185958862305, -0.8182086944580078, -0.7455988526344299, -0.6729889512062073, -0.6003789901733398, -0.5277690887451172, -0.45515918731689453, -0.38254931569099426, -0.3099394142627716, -0.23732951283454895, -0.16471964120864868, -0.09210973978042603, -0.01949983835220337, 0.05311005562543869, 0.12571994960308075, 0.1983298361301422, 0.27093973755836487, 0.3435496389865875, 0.4161595106124878, 0.48876941204071045, 0.5613794326782227, 0.6339893341064453, 0.706599235534668, 0.7792091369628906, 0.8518190383911133, 0.9244289398193359, 0.9970387816429138, 1.0696487426757812, 1.142258644104004, 1.2148685455322266, 1.2874784469604492, 1.3600883483886719, 1.4326982498168945, 1.5053081512451172, 1.5779180526733398, 1.6505279541015625, 1.7231377363204956, 1.7957476377487183, 1.868357539176941, 1.9409674406051636, 2.0135772228240967, 2.0861871242523193, 2.158797025680542, 2.2314069271087646, 2.3040168285369873, 2.37662672996521, 2.4492366313934326, 2.5218465328216553, 2.594456434249878, 2.6670663356781006, 2.7396762371063232, 2.812286138534546, 2.8848960399627686]}, "gradients/net.2.bias": {"_type": "histogram", "values": [1.0, 0.0, 0.0, 0.0, 0.0, 0.0, 0.0, 0.0, 0.0, 1.0, 0.0, 0.0, 0.0, 1.0, 0.0, 1.0, 3.0, 2.0, 2.0, 4.0, 6.0, 6.0, 14.0, 9.0, 19.0, 37.0, 22.0, 41.0, 27.0, 20.0, 12.0, 6.0, 7.0, 3.0, 2.0, 4.0, 0.0, 1.0, 1.0, 1.0, 1.0, 0.0, 0.0, 0.0, 0.0, 0.0, 0.0, 0.0, 1.0, 0.0, 0.0, 0.0, 0.0, 0.0, 0.0, 0.0, 0.0, 0.0, 0.0, 0.0, 0.0, 0.0, 0.0, 1.0], "bins": [-0.2184763252735138, -0.21028220653533936, -0.2020881026983261, -0.19389398396015167, -0.18569988012313843, -0.177505761384964, -0.16931164264678955, -0.1611175388097763, -0.15292343497276306, -0.14472931623458862, -0.13653521239757538, -0.12834109365940094, -0.1201469898223877, -0.11195287108421326, -0.10375875979661942, -0.09556464850902557, -0.08737052977085114, -0.0791764184832573, -0.07098230719566345, -0.06278818845748901, -0.05459408089518547, -0.04639996960759163, -0.03820585459470749, -0.030011743307113647, -0.021817632019519806, -0.01362351980060339, -0.005429407581686974, 0.002764705568552017, 0.010958816856145859, 0.0191529281437397, 0.02734704315662384, 0.03554115444421768, 0.04373526573181152, 0.051929377019405365, 0.06012348830699921, 0.06831760704517365, 0.07651171088218689, 0.08470582962036133, 0.09289994090795517, 0.10109405219554901, 0.10928816348314285, 0.1174822747707367, 0.12567639350891113, 0.13387049734592438, 0.14206461608409882, 0.15025871992111206, 0.1584528386592865, 0.16664695739746094, 0.17484106123447418, 0.18303517997264862, 0.19122928380966187, 0.1994234025478363, 0.20761750638484955, 0.215811625123024, 0.22400572896003723, 0.23219984769821167, 0.2403939664363861, 0.24858808517456055, 0.256782203912735, 0.26497629284858704, 0.2731704115867615, 0.2813645303249359, 0.28955864906311035, 0.2977527379989624, 0.30594685673713684]}, "gradients/net.2.weight": {"_type": "histogram", "values": [2.0, 0.0, 1.0, 1.0, 1.0, 2.0, 5.0, 2.0, 12.0, 6.0, 6.0, 6.0, 3.0, 4.0, 6.0, 7.0, 12.0, 18.0, 16.0, 21.0, 15.0, 34.0, 35.0, 72.0, 134.0, 273.0, 455.0, 762.0, 1055.0, 2291.0, 23572.0, 3660.0, 3092.0, 23985.0, 2677.0, 1242.0, 783.0, 523.0, 281.0, 147.0, 84.0, 47.0, 37.0, 17.0, 13.0, 21.0, 15.0, 15.0, 10.0, 5.0, 5.0, 4.0, 6.0, 6.0, 7.0, 3.0, 8.0, 5.0, 1.0, 1.0, 4.0, 1.0, 1.0, 1.0], "bins": [-0.25719884037971497, -0.2491883784532547, -0.24117791652679443, -0.23316745460033417, -0.2251569926738739, -0.21714653074741364, -0.20913606882095337, -0.2011256217956543, -0.19311514496803284, -0.18510468304157257, -0.1770942211151123, -0.16908375918865204, -0.16107329726219177, -0.1530628353357315, -0.14505237340927124, -0.13704192638397217, -0.1290314644575119, -0.12102100253105164, -0.11301054060459137, -0.1050000786781311, -0.09698961675167084, -0.08897915482521057, -0.0809687003493309, -0.07295823842287064, -0.06494777649641037, -0.056937314569950104, -0.04892685264348984, -0.04091639444231987, -0.032905932515859604, -0.024895470589399338, -0.01688501238822937, -0.008874550461769104, -0.0008640885353088379, 0.007146372459828854, 0.015156833454966545, 0.023167293518781662, 0.031177755445241928, 0.039188217371702194, 0.04719867557287216, 0.05520913749933243, 0.0632195994257927, 0.07123006135225296, 0.07924052327871323, 0.0872509777545929, 0.09526143968105316, 0.10327190160751343, 0.1112823635339737, 0.11929282546043396, 0.12730328738689423, 0.1353137493133545, 0.14332421123981476, 0.15133467316627502, 0.1593451350927353, 0.16735559701919556, 0.17536604404449463, 0.1833765208721161, 0.19138696789741516, 0.19939742982387543, 0.2074078917503357, 0.21541835367679596, 0.22342881560325623, 0.2314392775297165, 0.23944973945617676, 0.24746018648147583, 0.2554706633090973]}, "gradients/net.0.bias": {"_type": "histogram", "values": [2.0, 0.0, 0.0, 0.0, 0.0, 0.0, 0.0, 3.0, 1.0, 3.0, 2.0, 3.0, 0.0, 2.0, 5.0, 3.0, 1.0, 3.0, 2.0, 7.0, 1.0, 3.0, 2.0, 4.0, 3.0, 68.0, 1.0, 1.0, 3.0, 1.0, 1.0, 5.0, 70.0, 1.0, 3.0, 3.0, 5.0, 3.0, 2.0, 3.0, 1.0, 3.0, 5.0, 3.0, 2.0, 3.0, 2.0, 1.0, 1.0, 3.0, 3.0, 1.0, 1.0, 0.0, 0.0, 0.0, 1.0, 2.0, 0.0, 0.0, 1.0, 0.0, 0.0, 3.0],