{"train_loss": 3.5497490102898155e-07, "train_grad": 3.63980620932125e-06, "train_H": 1.0253279469907284e-06, "test_loss": 3.6563781691256736e-07, "test_grad": 3.7478794183698483e-06, "test_h": 0, "test_H": 1.4053831591809285e-06, "_timestamp": 1717580728.7244613, "_runtime": 9.851166248321533, "_step": 192, "_wandb": {"runtime": 9}}