{"parameters/net.0.fc.weight": {"_type": "histogram", "values": [1.0, 0.0, 0.0, 0.0, 0.0, 2.0, 0.0, 0.0, 0.0, 1.0, 0.0, 4.0, 2.0, 0.0, 1.0, 4.0, 4.0, 3.0, 1.0, 3.0, 2.0, 1.0, 4.0, 7.0, 4.0, 6.0, 3.0, 8.0, 7.0, 7.0, 8.0, 7.0, 8.0, 7.0, 4.0, 4.0, 7.0, 11.0, 5.0, 12.0, 12.0, 8.0, 8.0, 8.0, 14.0, 7.0, 4.0, 4.0, 8.0, 6.0, 4.0, 3.0, 1.0, 0.0, 4.0, 2.0, 2.0, 5.0, 1.0, 3.0, 2.0, 0.0, 1.0, 1.0], "bins": [-0.5659561157226562, -0.5504747629165649, -0.5349934697151184, -0.5195121169090271, -0.5040308237075806, -0.48854947090148926, -0.47306811809539795, -0.45758679509162903, -0.4421054720878601, -0.4266241490840912, -0.41114282608032227, -0.39566147327423096, -0.38018015027046204, -0.3646988272666931, -0.3492174744606018, -0.3337361514568329, -0.31825482845306396, -0.30277350544929504, -0.2872921824455261, -0.2718108296394348, -0.2563295066356659, -0.24084818363189697, -0.22536684572696686, -0.20988550782203674, -0.19440418481826782, -0.1789228618144989, -0.1634415239095688, -0.14796018600463867, -0.13247886300086975, -0.11699753254652023, -0.10151620209217072, -0.0860348716378212, -0.07055354118347168, -0.05507221072912216, -0.039590880274772644, -0.024109549820423126, -0.008628219366073608, 0.006853111088275909, 0.022334441542625427, 0.037815771996974945, 0.05329710245132446, 0.06877843290567398, 0.0842597633600235, 0.09974109381437302, 0.11522242426872253, 0.13070374727249146, 0.14618508517742157, 0.16166642308235168, 0.1771477460861206, 0.19262906908988953, 0.20811040699481964, 0.22359174489974976, 0.23907306790351868, 0.2545543909072876, 0.2700357437133789, 0.2855170667171478, 0.30099838972091675, 0.31647971272468567, 0.3319610357284546, 0.3474423885345459, 0.3629237115383148, 0.37840503454208374, 0.39388638734817505, 0.40936771035194397, 0.4248490333557129]}, "_timestamp": 1722953700.4142523, "parameters/net.0.attn_fc.weight": {"_type": "histogram", "values": [2.0, 0.0, 0.0, 2.0, 1.0, 0.0, 0.0, 0.0, 1.0, 3.0, 0.0, 2.0, 1.0, 2.0, 4.0, 6.0, 1.0, 5.0, 2.0, 10.0, 4.0, 4.0, 5.0, 4.0, 3.0, 9.0, 9.0, 9.0, 4.0, 4.0, 5.0, 11.0, 6.0, 11.0, 6.0, 6.0, 8.0, 10.0, 6.0, 6.0, 7.0, 5.0, 2.0, 16.0, 8.0, 7.0, 5.0, 5.0, 3.0, 3.0, 3.0, 3.0, 3.0, 3.0, 1.0, 0.0, 1.0, 3.0, 3.0, 0.0, 1.0, 1.0, 0.0, 1.0], "bins": [-0.39115089178085327, -0.37908315658569336, -0.36701539158821106, -0.35494762659072876, -0.34287989139556885, -0.33081215620040894, -0.31874439120292664, -0.30667662620544434, -0.2946088910102844, -0.2825411558151245, -0.2704733908176422, -0.2584056258201599, -0.246337890625, -0.2342701405286789, -0.2222023904323578, -0.21013464033603668, -0.19806689023971558, -0.18599914014339447, -0.17393139004707336, -0.16186363995075226, -0.14979588985443115, -0.13772813975811005, -0.12566038966178894, -0.11359263956546783, -0.10152488946914673, -0.08945713937282562, -0.07738938927650452, -0.06532163918018341, -0.053253889083862305, -0.0411861389875412, -0.029118388891220093, -0.017050638794898987, -0.004982888698577881, 0.007084861397743225, 0.01915261149406433, 0.031220361590385437, 0.04328811168670654, 0.05535586178302765, 0.06742361187934875, 0.07949136197566986, 0.09155911207199097, 0.10362686216831207, 0.11569461226463318, 0.12776236236095428, 0.1398301124572754, 0.1518978625535965, 0.1639656126499176, 0.1760333627462387, 0.18810111284255981, 0.20016886293888092, 0.21223661303520203, 0.22430436313152313, 0.23637211322784424, 0.24843986332416534, 0.26050761342048645, 0.27257537841796875, 0.28464311361312866, 0.2967108488082886, 0.3087786138057709, 0.3208463788032532, 0.3329141139984131, 0.344981849193573, 0.3570496141910553, 0.3691173791885376, 0.3811851143836975]}, "parameters/net.2.fc.weight": {"_type": "histogram", "values": [2.0, 0.0, 0.0, 2.0, 0.0, 0.0, 2.0, 1.0, 2.0, 3.0, 3.0, 1.0, 3.0, 3.0, 5.0, 10.0, 3.0, 14.0, 10.0, 9.0, 15.0, 18.0, 12.0, 25.0, 18.0, 23.0, 17.0, 23.0, 26.0, 29.0, 33.0, 25.0, 33.0, 32.0, 35.0, 19.0, 21.0, 24.0, 31.0, 25.0, 16.0, 20.0, 26.0, 25.0, 24.0, 11.0, 13.0, 17.0, 7.0, 12.0, 6.0, 6.0, 6.0, 4.0, 2.0, 5.0, 3.0, 4.0, 0.0, 0.0, 1.0, 1.0, 1.0, 1.0], "bins": [-0.5781441330909729, -0.5609874129295349, -0.5438307523727417, -0.5266740322113037, -0.5095173716545105, -0.4923606514930725, -0.4752039611339569, -0.4580472707748413, -0.4408905804157257, -0.4237338900566101, -0.4065771996974945, -0.3894205093383789, -0.3722637891769409, -0.3551070988178253, -0.3379504084587097, -0.3207937180995941, -0.3036370277404785, -0.2864803373813629, -0.2693236470222473, -0.2521669566631317, -0.23501025140285492, -0.21785356104373932, -0.20069685578346252, -0.18354016542434692, -0.16638347506523132, -0.14922678470611572, -0.13207009434700012, -0.11491338908672333, -0.09775669872760773, -0.08060000836849213, -0.06344331055879593, -0.04628661647439003, -0.029129981994628906, -0.011973287910223007, 0.005183406174182892, 0.02234010025858879, 0.03949679434299469, 0.05665348842740059, 0.07381018251180649, 0.09096688032150269, 0.10812357068061829, 0.1252802610397339, 0.1424369513988495, 0.15959365665912628, 0.17675034701824188, 0.19390703737735748, 0.21106374263763428, 0.22822043299674988, 0.24537712335586548, 0.2625338137149811, 0.2796905040740967, 0.2968471944332123, 0.3140038847923279, 0.33116060495376587, 0.34831729531288147, 0.36547398567199707, 0.38263067603111267, 0.39978736639022827, 0.41694405674934387, 0.4341007471084595, 0.45125746726989746, 0.46841415762901306, 0.48557084798812866, 0.5027275085449219, 0.5198842287063599]}, "parameters/net.2.attn_fc.weight": {"_type": "histogram", "values": [1.0, 0.0, 0.0, 0.0, 0.0, 0.0, 0.0, 0.0, 0.0, 0.0, 0.0, 0.0, 0.0, 0.0, 0.0, 0.0, 0.0, 0.0, 0.0, 1.0, 0.0, 0.0, 0.0, 0.0, 1.0, 1.0, 0.0, 1.0, 1.0, 0.0, 1.0, 0.0, 0.0, 0.0, 0.0, 0.0, 0.0, 0.0, 0.0, 0.0, 0.0, 0.0, 0.0, 2.0, 0.0, 1.0, 0.0, 1.0, 0.0, 0.0, 0.0, 0.0, 0.0, 0.0, 0.0, 0.0, 0.0, 0.0, 0.0, 0.0, 0.0, 0.0, 0.0, 1.0], "bins": [-1.3704272508621216, -1.3291194438934326, -1.2878117561340332, -1.2465039491653442, -1.2051961421966553, -1.1638884544372559, -1.122580647468567, -1.0812729597091675, -1.0399651527404785, -0.9986574053764343, -0.9573496580123901, -0.9160418510437012, -0.874734103679657, -0.8334263563156128, -0.7921185493469238, -0.7508108019828796, -0.7095030546188354, -0.6681953072547913, -0.6268875598907471, -0.5855797529220581, -0.5442720055580139, -0.5029642581939697, -0.46165648102760315, -0.4203487038612366, -0.3790409564971924, -0.3377332091331482, -0.2964254319667816, -0.25511765480041504, -0.21380990743637085, -0.17250214517116547, -0.13119438290596008, -0.0898866206407547, -0.048578858375549316, -0.007271096110343933, 0.03403666615486145, 0.07534442842006683, 0.11665219068527222, 0.1579599529504776, 0.19926771521568298, 0.24057547748088837, 0.28188323974609375, 0.32319098711013794, 0.3644987642765045, 0.4058065414428711, 0.4471142888069153, 0.4884220361709595, 0.5297298431396484, 0.5710375905036926, 0.6123453378677368, 0.653653085231781, 0.6949608325958252, 0.7362686395645142, 0.7775763869285583, 0.8188841342926025, 0.8601919412612915, 0.9014996886253357, 0.9428074359893799, 0.9841151833534241, 1.0254229307174683, 1.0667307376861572, 1.1080384254455566, 1.1493462324142456, 1.1906540393829346, 1.231961727142334, 1.273269534111023]}, "train_loss_d4": 59.000091552734375, "train_H_d4": 56.007568359375, "test_loss_d4": 47.606781005859375, "test_H_d4": 44.5745964050293, "_runtime": 199.91674637794495, "_step": 0, "_wandb": {"runtime": 199}}