{"train_loss": 27.70421600341797, "test_loss": 27.6226863861084, "_timestamp": 1717443967.846261, "_runtime": 16.1818630695343, "_step": 99, "gradients/net.4.bias": {"_type": "histogram", "values": [1.0, 0.0, 0.0, 0.0, 0.0, 0.0, 0.0, 0.0, 0.0, 0.0, 0.0, 0.0, 0.0, 0.0, 0.0, 0.0, 0.0, 0.0, 0.0, 0.0, 0.0, 0.0, 0.0, 0.0, 0.0, 0.0, 0.0, 0.0, 0.0, 0.0, 0.0, 0.0, 0.0, 0.0, 0.0, 0.0, 0.0, 0.0, 0.0, 0.0, 0.0, 0.0, 0.0, 0.0, 0.0, 0.0, 0.0, 0.0, 0.0, 0.0, 0.0, 0.0, 0.0, 0.0, 0.0, 0.0, 0.0, 0.0, 0.0, 0.0, 0.0, 0.0, 0.0, 1.0], "bins": [-0.257221519947052, -0.2527969181537628, -0.24837234616279602, -0.24394775927066803, -0.23952317237854004, -0.23509857058525085, -0.23067399859428406, -0.22624939680099487, -0.22182480990886688, -0.2174002230167389, -0.2129756361246109, -0.2085510492324829, -0.20412646234035492, -0.19970187544822693, -0.19527727365493774, -0.19085268676280975, -0.18642809987068176, -0.18200351297855377, -0.17757892608642578, -0.1731543391942978, -0.1687297523021698, -0.16430515050888062, -0.15988057851791382, -0.15545597672462463, -0.15103140473365784, -0.14660681784152985, -0.14218223094940186, -0.13775764405727386, -0.13333305716514587, -0.1289084553718567, -0.1244838759303093, -0.1200592890381813, -0.11563469469547272, -0.11121010780334473, -0.10678552091121674, -0.10236093401908875, -0.09793633967638016, -0.09351175278425217, -0.08908716589212418, -0.08466257899999619, -0.0802379846572876, -0.0758133977651596, -0.07138881087303162, -0.06696422398090363, -0.06253962963819504, -0.05811504274606705, -0.053690455853939056, -0.049265868961811066, -0.044841278344392776, -0.040416691452264786, -0.0359921008348465, -0.031567513942718506, -0.027142925187945366, -0.022718336433172226, -0.018293749541044235, -0.013869160786271095, -0.009444572031497955, -0.005019983742386103, -0.00059539545327425, 0.0038291923701763153, 0.008253781124949455, 0.012678369879722595, 0.017102956771850586, 0.021527545526623726, 0.025952134281396866]}, "gradients/net.4.weight": {"_type": "histogram", "values": [2.0, 0.0, 0.0, 0.0, 0.0, 0.0, 0.0, 1.0, 1.0, 3.0, 1.0, 3.0, 2.0, 3.0, 2.0, 4.0, 4.0, 6.0, 7.0, 4.0, 8.0, 11.0, 14.0, 7.0, 7.0, 17.0, 16.0, 17.0, 11.0, 10.0, 13.0, 15.0, 12.0, 10.0, 10.0, 4.0, 3.0, 8.0, 4.0, 1.0, 4.0, 7.0, 2.0, 2.0, 2.0, 3.0, 2.0, 4.0, 9.0, 14.0, 16.0, 26.0, 24.0, 24.0, 33.0, 21.0, 22.0, 14.0, 16.0, 10.0, 9.0, 2.0, 2.0, 3.0], "bins": [-0.3818109631538391, -0.3742848038673401, -0.36675864458084106, -0.35923248529434204, -0.351706326007843, -0.344180166721344, -0.33665400743484497, -0.32912784814834595, -0.3216016888618469, -0.3140755295753479, -0.3065493702888489, -0.29902321100234985, -0.29149705171585083, -0.2839708924293518, -0.2764447331428528, -0.26891857385635376, -0.26139241456985474, -0.2538662552833557, -0.2463400959968567, -0.23881393671035767, -0.23128777742385864, -0.22376161813735962, -0.2162354588508606, -0.20870929956436157, -0.20118314027786255, -0.19365698099136353, -0.1861308217048645, -0.17860466241836548, -0.17107850313186646, -0.16355234384536743, -0.1560261845588684, -0.14850002527236938, -0.14097386598587036, -0.13344770669937134, -0.12592154741287231, -0.11839538812637329, -0.11086922883987427, -0.10334306955337524, -0.09581691026687622, -0.0882907509803772, -0.08076459914445877, -0.07323843985795975, -0.06571228057146072, -0.0581861212849617, -0.05065996199846268, -0.043133802711963654, -0.03560764342546463, -0.028081484138965607, -0.020555324852466583, -0.01302916556596756, -0.005503006279468536, 0.002023153007030487, 0.00954931229352951, 0.017075471580028534, 0.024601630866527557, 0.03212779015302658, 0.039653949439525604, 0.04718010872602463, 0.05470626801252365, 0.062232427299022675, 0.0697585865855217, 0.07728474587202072, 0.08481090515851974, 0.09233706444501877, 0.09986322373151779]}, "gradients/net.2.bias": {"_type": "histogram", "values": [1.0, 0.0, 2.0, 1.0, 1.0, 2.0, 0.0, 1.0, 0.0, 2.0, 1.0, 0.0, 1.0, 3.0, 2.0, 0.0, 4.0, 2.0, 3.0, 3.0, 5.0, 2.0, 6.0, 3.0, 7.0, 7.0, 6.0, 9.0, 11.0, 11.0, 9.0, 9.0, 4.0, 8.0, 8.0, 4.0, 3.0, 4.0, 4.0, 4.0, 7.0, 3.0, 7.0, 5.0, 8.0, 12.0, 12.0, 10.0, 6.0, 10.0, 1.0, 2.0, 2.0, 4.0, 6.0, 1.0, 1.0, 3.0, 2.0, 0.0, 0.0, 0.0, 0.0, 1.0], "bins": [-0.05382239818572998, -0.05234133452177048, -0.050860270857810974, -0.04937920719385147, -0.04789814352989197, -0.046417079865932465, -0.04493601620197296, -0.04345495253801346, -0.041973888874053955, -0.04049282521009445, -0.03901176154613495, -0.037530697882175446, -0.03604963421821594, -0.03456857055425644, -0.033087506890296936, -0.03160644322633743, -0.030125383287668228, -0.028644319623708725, -0.027163255959749222, -0.02568219229578972, -0.024201128631830215, -0.022720064967870712, -0.02123900316655636, -0.019757939502596855, -0.018276875838637352, -0.01679581217467785, -0.015314748510718346, -0.013833685778081417, -0.012352622114121914, -0.01087155845016241, -0.009390495717525482, -0.007909432053565979, -0.006428368389606476, -0.004947304725646973, -0.003466241527348757, -0.001985178329050541, -0.0005041146650910378, 0.0009769489988684654, 0.002458011731505394, 0.003939075395464897, 0.0054201390594244, 0.0069012027233839035, 0.008382266387343407, 0.009863329119980335, 0.011344392783939838, 0.012825456447899342, 0.01430651918053627, 0.015787582844495773, 0.017268646508455276, 0.01874971017241478, 0.020230773836374283, 0.021711837500333786, 0.02319290116429329, 0.024673964828252792, 0.026155026629567146, 0.02763609029352665, 0.029117153957486153, 0.030598217621445656, 0.03207927942276001, 0.03356034308671951, 0.035041406750679016, 0.03652247041463852, 0.03800353407859802, 0.039484597742557526, 0.04096566140651703]}, "gradients/net.2.weight": {"_type": "histogram", "values": [1.0, 3.0, 2.0, 1.0, 2.0, 2.0, 10.0, 10.0, 10.0, 11.0, 25.0, 43.0, 55.0, 90.0, 139.0, 186.0, 296.0, 402.0, 583.0, 925.0, 1529.0, 2521.0, 3995.0, 7036.0, 5415.0, 3409.0, 2272.0, 1484.0, 1066.0, 904.0, 777.0, 881.0, 972.0, 1263.0, 1963.0, 2825.0, 4557.0, 7192.0, 4897.0, 2865.0, 1731.0, 1042.0, 687.0, 430.0, 342.0, 217.0, 147.0, 108.0, 67.0, 48.0, 23.0, 24.0, 15.0, 13.0, 4.0, 7.0, 3.0, 2.0, 3.0, 0.0, 1.0, 0.0, 1.0, 2.0], "bins": [-0.04375443235039711, -0.04232753813266754, -0.04090064391493797, -0.039473749697208405, -0.03804685175418854, -0.03661995753645897, -0.0351930633187294, -0.03376616910099983, -0.032339274883270264, -0.030912380665540695, -0.029485484585165977, -0.02805859036743641, -0.02663169614970684, -0.025204800069332123, -0.023777905851602554, -0.022351011633872986, -0.020924115553498268, -0.0194972213357687, -0.018070325255393982, -0.016643431037664413, -0.015216536819934845, -0.013789641670882702, -0.012362746521830559, -0.01093585230410099, -0.009508957155048847, -0.008082062005996704, -0.006655167788267136, -0.0052282726392149925, -0.0038013779558241367, -0.002374483272433281, -0.0009475881233811378, 0.00047930609434843063, 0.0019062012434005737, 0.0033330959267914295, 0.004759990610182285, 0.006186885759234428, 0.007613780442625284, 0.00904067512601614, 0.010467570275068283, 0.011894464492797852, 0.013321359641849995, 0.014748254790902138, 0.016175149008631706, 0.017602045089006424, 0.019028939306735992, 0.02045583352446556, 0.02188272774219513, 0.023309621959924698, 0.024736518040299416, 0.026163412258028984, 0.027590308338403702, 0.02901720255613327, 0.03044409677386284, 0.03187099099159241, 0.033297888934612274, 0.034724779427051544, 0.03615167737007141, 0.03757857158780098, 0.03900546580553055, 0.040432363748550415, 0.041859257966279984, 0.04328615218400955, 0.04471304640173912, 0.04613994061946869, 0.04756683483719826]}, "gradients/net.0.bias": {"_type": "histogram", "values": [1.0, 0.0, 0.0, 0.0, 2.0, 1.0, 2.0, 2.0, 5.0, 4.0, 1.0, 5.0, 4.0, 3.0, 3.0, 2.0, 3.0, 4.0, 5.0, 6.0, 12.0, 8.0, 2.0, 5.0, 9.0, 10.0, 12.0, 9.0, 8.0, 11.0, 8.0, 7.0, 9.0, 12.0, 6.0, 7.0, 6.0, 5.0, 8.0, 4.0, 4.0, 3.0, 3.0, 4.0, 5.0, 3.0, 6.0, 3.0, 3.0, 3.0, 1.0, 3.0, 1.0, 1.0, 0.0, 0.0, 0.0, 0.0, 0.0, 0.0, 0.0, 1.0, 0.0, 1.0],