{"train_loss_d1": 9.789449691772461, "train_grad_d1": 4.298879623413086, "train_H_d1": 5.488995552062988, "test_loss_d1": 9.99177360534668, "test_grad_d1": 4.172586917877197, "test_H_d1": 5.818389892578125, "_timestamp": 1719442901.8111098, "_runtime": 429.3934488296509, "_step": 1, "_wandb": {"runtime": 429}}