{"train_loss": 0.0002755301247816533, "train_grad": 3.0476910978904925e-05, "test_loss": 0.0002672409755177796, "test_grad": 3.04283184959786e-05, "_timestamp": 1717543758.510538, "_runtime": 49.442941188812256, "_step": 499, "gradients/net.0.weight": {"_type": "histogram", "values": [1.0, 2.0, 3.0, 1.0, 3.0, 1.0, 3.0, 2.0, 4.0, 5.0, 4.0, 4.0, 5.0, 10.0, 8.0, 8.0, 16.0, 17.0, 17.0, 33.0, 43.0, 53.0, 55.0, 81.0, 95.0, 134.0, 169.0, 201.0, 236.0, 275.0, 252.0, 258.0, 222.0, 164.0, 146.0, 125.0, 83.0, 77.0, 59.0, 31.0, 34.0, 26.0, 26.0, 19.0, 10.0, 9.0, 8.0, 4.0, 3.0, 3.0, 4.0, 2.0, 3.0, 4.0, 3.0, 0.0, 2.0, 1.0, 1.0, 0.0, 2.0, 0.0, 1.0, 1.0], "bins": [-4.4064850044378545e-06, -4.2605674934748095e-06, -4.114649982511764e-06, -3.96873292629607e-06, -3.822815415333025e-06, -3.67689790436998e-06, -3.530980393406935e-06, -3.38506288244389e-06, -3.2391455988545204e-06, -3.0932280878914753e-06, -2.9473108043021057e-06, -2.8013932933390606e-06, -2.6554757823760156e-06, -2.509558498786646e-06, -2.363640987823601e-06, -2.2177237042342313e-06, -2.071806193271186e-06, -1.925888682308141e-06, -1.7799713987187715e-06, -1.6340538877557265e-06, -1.4881364904795191e-06, -1.3422190932033118e-06, -1.1963015822402667e-06, -1.0503841849640594e-06, -9.04466787687852e-07, -7.585493904116447e-07, -6.126319362920185e-07, -4.6671451059410174e-07, -3.2079708489618497e-07, -1.7487968761997763e-07, -2.896223350035143e-08, 1.1695522061927477e-07, 2.628721631481312e-07, 4.08789588846048e-07, 5.547070145439648e-07, 7.00624468663591e-07, 8.465418659397983e-07, 9.924592632160056e-07, 1.1383767741790507e-06, 1.284294171455258e-06, 1.4302115687314654e-06, 1.5761289660076727e-06, 1.72204636328388e-06, 1.8679638742469251e-06, 2.01388138520997e-06, 2.15979866879934e-06, 2.305716179762385e-06, 2.4516334633517545e-06, 2.5975509743147995e-06, 2.7434684852778446e-06, 2.889385768867214e-06, 3.0353032798302593e-06, 3.181220563419629e-06, 3.327138074382674e-06, 3.473055585345719e-06, 3.618973096308764e-06, 3.7648903798981337e-06, 3.910807663487503e-06, 4.056725174450548e-06, 4.2026426854135934e-06, 4.3485601963766385e-06, 4.494477252592333e-06, 4.640394763555378e-06, 4.786312274518423e-06, 4.932229785481468e-06]}, "gradients/net.2.weight": {"_type": "histogram", "values": [2.0, 0.0, 1.0, 1.0, 3.0, 1.0, 2.0, 4.0, 5.0, 18.0, 17.0, 11.0, 24.0, 21.0, 44.0, 49.0, 50.0, 96.0, 106.0, 138.0, 160.0, 237.0, 271.0, 362.0, 432.0, 590.0, 790.0, 1019.0, 1469.0, 2327.0, 3889.0, 7852.0, 17187.0, 12766.0, 5664.0, 2960.0, 1861.0, 1270.0, 877.0, 664.0, 522.0, 373.0, 302.0, 250.0, 177.0, 150.0, 121.0, 116.0, 66.0, 51.0, 32.0, 33.0, 23.0, 18.0, 18.0, 13.0, 7.0, 8.0, 6.0, 2.0, 3.0, 2.0, 2.0, 1.0], "bins": [-1.844433427322656e-06, -1.788171516636794e-06, -1.7319097196377697e-06, -1.6756478089519078e-06, -1.6193858982660458e-06, -1.5631239875801839e-06, -1.5068621905811597e-06, -1.4506002798952977e-06, -1.3943383692094358e-06, -1.3380764585235738e-06, -1.2818146615245496e-06, -1.2255527508386876e-06, -1.1692908401528257e-06, -1.1130289294669637e-06, -1.0567671324679395e-06, -1.0005052217820776e-06, -9.442434247830533e-07, -8.879815709406103e-07, -8.317196602547483e-07, -7.754578064123052e-07, -7.191958957264433e-07, -6.629340418840002e-07, -6.066721880415571e-07, -5.504102773556951e-07, -4.941484235132521e-07, -4.3788654124909954e-07, -3.81624658984947e-07, -3.2536280514250393e-07, -2.691009228783514e-07, -2.128390406141989e-07, -1.565771867717558e-07, -1.0031530450760329e-07, -4.405342224345077e-08, 1.2208452915274393e-08, 6.847032807399955e-08, 1.2473219612729736e-07, 1.8099407839144988e-07, 2.372559606556024e-07, 2.935178144980455e-07, 3.49779696762198e-07, 4.060415790263505e-07, 4.6230346129050304e-07, 5.185653435546556e-07, 5.748271973970986e-07, 6.310890512395417e-07, 6.873509619254037e-07, 7.436128157678468e-07, 7.998746696102899e-07, 8.561365802961518e-07, 9.123984341385949e-07, 9.68660287981038e-07, 1.0249221986669e-06, 1.0811841093527619e-06, 1.1374459063517861e-06, 1.193707817037648e-06, 1.24996972772351e-06, 1.3062315247225342e-06, 1.3624934354083962e-06, 1.4187552324074204e-06, 1.4750171430932824e-06, 1.5312790537791443e-06, 1.5875409644650063e-06, 1.6438027614640305e-06, 1.7000646721498924e-06, 1.7563265828357544e-06]}, "gradients/net.4.bias": {"_type": "histogram", "values": [1.0, 0.0, 0.0, 0.0, 0.0, 2.0, 0.0, 1.0, 0.0, 0.0, 0.0, 0.0, 0.0, 0.0, 0.0, 0.0, 0.0, 0.0, 0.0, 1.0, 0.0, 0.0, 0.0, 0.0, 0.0, 0.0, 0.0, 0.0, 0.0, 0.0, 0.0, 0.0, 1.0, 0.0, 0.0, 0.0, 0.0, 0.0, 0.0, 0.0, 1.0, 0.0, 0.0, 0.0, 1.0, 0.0, 0.0, 1.0, 0.0, 0.0, 0.0, 0.0, 0.0, 0.0, 0.0, 1.0, 1.0, 0.0, 0.0, 0.0, 0.0, 0.0, 0.0, 1.0], "bins": [-4.40697522208211e-06, -4.2600463530106936e-06, -4.113117483939277e-06, -3.9661886148678605e-06, -3.819259745796444e-06, -3.672330649351352e-06, -3.5254017802799353e-06, -3.3784726838348433e-06, -3.2315438147634268e-06, -3.0846149456920102e-06, -2.9376860766205937e-06, -2.790757207549177e-06, -2.643828111104085e-06, -2.4968992420326686e-06, -2.349970372961252e-06, -2.20304127651616e-06, -2.056112634818419e-06, -1.9091837657470023e-06, -1.762254782988748e-06, -1.6153259139173315e-06, -1.4683969311590772e-06, -1.3214680620876607e-06, -1.174539193016244e-06, -1.0276102102579898e-06, -8.806813411865733e-07, -7.337524152717378e-07, -5.868234893569024e-07, -4.3989462028548587e-07, -2.9296569437065045e-07, -1.4603676845581504e-07, 8.92100615601521e-10, 1.478210833738558e-07, 2.9474995244527236e-07, 4.416788783601078e-07, 5.886078042749432e-07, 7.355366733463597e-07, 8.824655992611952e-07, 1.0293945251760306e-06, 1.1763233942474471e-06, 1.3232523770057014e-06, 1.470181246077118e-06, 1.6171101151485345e-06, 1.7640390979067888e-06, 1.9109679669782054e-06, 2.057896836049622e-06, 2.2048257051210385e-06, 2.351754574192455e-06, 2.498683670637547e-06, 2.6456125397089636e-06, 2.79254140878038e-06, 2.9394702778517967e-06, 3.0863993742968887e-06, 3.2333282433683053e-06, 3.380257112439722e-06, 3.5271859815111384e-06, 3.674114850582555e-06, 3.8210437196539715e-06, 3.967972588725388e-06, 4.114901457796805e-06, 4.261830326868221e-06, 4.408759195939638e-06, 4.555688065011054e-06, 4.702616934082471e-06, 4.849546257901238e-06, 4.996475126972655e-06]}, "gradients/net.4.weight": {"_type": "histogram", "values": [1.0, 0.0, 1.0, 0.0, 5.0, 3.0, 5.0, 6.0, 9.0, 8.0, 9.0, 16.0, 13.0, 21.0, 22.0, 33.0, 34.0, 32.0, 49.0, 49.0, 62.0, 108.0, 140.0, 171.0, 210.0, 324.0, 513.0, 246.0, 174.0, 134.0, 121.0, 99.0, 72.0, 58.0, 49.0, 47.0, 30.0, 26.0, 23.0, 25.0, 23.0, 11.0, 15.0, 10.0, 10.0, 5.0, 6.0, 9.0, 6.0, 7.0, 3.0, 1.0, 2.0, 2.0, 4.0, 1.0, 3.0, 2.0, 3.0, 0.0, 0.0, 0.0, 0.0, 1.0],