{"train_loss": 28.323930740356445, "train_grad": 3.1830153465270996, "train_H": 26.718669891357422, "test_loss": 34.59296417236328, "test_grad": 3.2493720054626465, "test_H": 32.95398712158203, "_timestamp": 1719435306.5956113, "_runtime": 2278.1265604496, "_step": 11, "_wandb": {"runtime": 2277}}