{"train_loss": 0.0022511458955705166, "test_loss": 0.0019919886253774166, "_timestamp": 1717437588.1926122, "_runtime": 46.12557911872864, "_step": 499, "gradients/net.4.bias": {"_type": "histogram", "values": [1.0, 0.0, 0.0, 0.0, 0.0, 0.0, 0.0, 0.0, 0.0, 0.0, 0.0, 0.0, 0.0, 0.0, 0.0, 0.0, 0.0, 0.0, 0.0, 0.0, 0.0, 0.0, 0.0, 0.0, 0.0, 0.0, 0.0, 0.0, 0.0, 0.0, 0.0, 0.0, 0.0, 0.0, 0.0, 0.0, 0.0, 0.0, 0.0, 0.0, 0.0, 0.0, 0.0, 0.0, 0.0, 0.0, 0.0, 0.0, 0.0, 0.0, 0.0, 0.0, 0.0, 0.0, 0.0, 0.0, 0.0, 0.0, 0.0, 0.0, 0.0, 0.0, 0.0, 1.0], "bins": [-0.20030809938907623, -0.19762054085731506, -0.1949329972267151, -0.1922454535961151, -0.18955789506435394, -0.18687033653259277, -0.1841827929019928, -0.18149524927139282, -0.17880769073963165, -0.17612013220787048, -0.1734325885772705, -0.17074504494667053, -0.16805748641490936, -0.1653699278831482, -0.16268238425254822, -0.15999484062194824, -0.15730728209018707, -0.1546197235584259, -0.15193217992782593, -0.14924463629722595, -0.14655707776546478, -0.1438695192337036, -0.14118197560310364, -0.13849443197250366, -0.1358068734407425, -0.13311931490898132, -0.13043177127838135, -0.12774422764778137, -0.1250566691160202, -0.12236911803483963, -0.11968156695365906, -0.11699401587247849, -0.11430647224187851, -0.11161892116069794, -0.10893137007951736, -0.10624381899833679, -0.10355626791715622, -0.10086871683597565, -0.09818116575479507, -0.0954936146736145, -0.09280606359243393, -0.09011851251125336, -0.08743096143007278, -0.08474341034889221, -0.08205585926771164, -0.07936830818653107, -0.0766807571053505, -0.07399320602416992, -0.07130565494298935, -0.06861810386180878, -0.0659305527806282, -0.06324300169944763, -0.06055545061826706, -0.05786789953708649, -0.055180348455905914, -0.05249279737472534, -0.04980524629354477, -0.0471176952123642, -0.044430144131183624, -0.04174259305000305, -0.03905504196882248, -0.03636749088764191, -0.033679939806461334, -0.03099238872528076, -0.02830483764410019]}, "gradients/net.4.weight": {"_type": "histogram", "values": [1.0, 1.0, 1.0, 1.0, 2.0, 0.0, 1.0, 0.0, 2.0, 1.0, 1.0, 2.0, 2.0, 1.0, 2.0, 6.0, 2.0, 1.0, 4.0, 5.0, 0.0, 3.0, 4.0, 4.0, 2.0, 3.0, 5.0, 0.0, 4.0, 0.0, 4.0, 2.0, 1.0, 2.0, 2.0, 1.0, 4.0, 3.0, 3.0, 3.0, 0.0, 6.0, 3.0, 4.0, 6.0, 6.0, 11.0, 9.0, 9.0, 11.0, 15.0, 14.0, 9.0, 6.0, 9.0, 14.0, 11.0, 9.0, 4.0, 5.0, 2.0, 4.0, 0.0, 3.0], "bins": [-0.3316580355167389, -0.32583922147750854, -0.3200204074382782, -0.31420159339904785, -0.3083827793598175, -0.30256396532058716, -0.2967451512813568, -0.29092633724212646, -0.2851075232028961, -0.27928870916366577, -0.2734698951244354, -0.2676510810852051, -0.26183226704597473, -0.2560134530067444, -0.25019463896751404, -0.24437583982944489, -0.23855704069137573, -0.23273822665214539, -0.22691941261291504, -0.2211005985736847, -0.21528178453445435, -0.209462970495224, -0.20364415645599365, -0.1978253573179245, -0.19200652837753296, -0.1861877143383026, -0.18036890029907227, -0.17455008625984192, -0.16873127222061157, -0.16291245818138123, -0.15709364414215088, -0.15127484500408173, -0.14545603096485138, -0.13963721692562103, -0.13381840288639069, -0.12799958884716034, -0.12218078225851059, -0.11636196821928024, -0.1105431541800499, -0.10472434759140015, -0.0989055335521698, -0.09308671951293945, -0.0872679054737091, -0.08144909143447876, -0.07563028484582901, -0.06981147080659866, -0.06399265676736832, -0.05817384645342827, -0.05235502868890762, -0.04653621464967728, -0.04071740433573723, -0.03489859029650688, -0.029079778119921684, -0.023260965943336487, -0.01744215190410614, -0.011623341590166092, -0.005804527550935745, 1.4285091310739517e-05, 0.005833097733557224, 0.011651910841464996, 0.017470723018050194, 0.02328953519463539, 0.029108349233865738, 0.034927159547805786, 0.04074597358703613]}, "gradients/net.2.bias": {"_type": "histogram", "values": [1.0, 0.0, 0.0, 1.0, 0.0, 0.0, 4.0, 0.0, 1.0, 0.0, 2.0, 2.0, 1.0, 5.0, 2.0, 3.0, 4.0, 8.0, 5.0, 5.0, 3.0, 4.0, 5.0, 6.0, 8.0, 3.0, 3.0, 4.0, 4.0, 9.0, 2.0, 2.0, 3.0, 0.0, 0.0, 1.0, 2.0, 2.0, 4.0, 4.0, 0.0, 0.0, 1.0, 2.0, 0.0, 3.0, 0.0, 1.0, 3.0, 1.0, 0.0, 2.0, 0.0, 1.0, 0.0, 0.0, 0.0, 0.0, 0.0, 0.0, 0.0, 0.0, 0.0, 1.0], "bins": [-0.020319581031799316, -0.01951690763235092, -0.018714232370257378, -0.017911558970808983, -0.01710888370871544, -0.016306210309267044, -0.01550353690981865, -0.01470086257904768, -0.01389818824827671, -0.013095513917505741, -0.012292839586734772, -0.011490166187286377, -0.010687491856515408, -0.009884817525744438, -0.009082144126296043, -0.008279469795525074, -0.007476795464754105, -0.006674121133983135, -0.005871447268873453, -0.005068773403763771, -0.004266099072992802, -0.0034634247422218323, -0.00266075087711215, -0.0018580770120024681, -0.0010554026812314987, -0.000252728583291173, 0.0005499455146491528, 0.0013526196125894785, 0.0021552937105298042, 0.0029579680413007736, 0.0037606419064104557, 0.004563315771520138, 0.005365988239645958, 0.006168662570416927, 0.006971336435526609, 0.0077740103006362915, 0.008576684631407261, 0.00937935896217823, 0.010182032361626625, 0.010984706692397594, 0.011787381023168564, 0.012590055353939533, 0.013392729684710503, 0.014195403084158897, 0.014998077414929867, 0.015800751745700836, 0.01660342514514923, 0.017406098544597626, 0.01820877380669117, 0.019011447206139565, 0.01981412246823311, 0.020616795867681503, 0.021419469267129898, 0.022222144529223442, 0.023024817928671837, 0.02382749319076538, 0.024630166590213776, 0.02543283998966217, 0.026235515251755714, 0.02703818865120411, 0.027840863913297653, 0.028643537312746048, 0.029446210712194443, 0.030248884111642838, 0.03105155937373638]}, "gradients/net.2.weight": {"_type": "histogram", "values": [2.0, 0.0, 2.0, 0.0, 2.0, 5.0, 8.0, 4.0, 3.0, 11.0, 11.0, 22.0, 29.0, 26.0, 35.0, 58.0, 75.0, 93.0, 116.0, 143.0, 213.0, 246.0, 352.0, 435.0, 554.0, 747.0, 960.0, 1426.0, 2688.0, 2385.0, 1495.0, 981.0, 811.0, 567.0, 464.0, 327.0, 246.0, 184.0, 143.0, 94.0, 91.0, 61.0, 47.0, 47.0, 34.0, 28.0, 21.0, 16.0, 16.0, 12.0, 13.0, 4.0, 6.0, 4.0, 6.0, 5.0, 2.0, 3.0, 0.0, 2.0, 0.0, 1.0, 1.0, 1.0], "bins": [-0.021893948316574097, -0.021139902994036674, -0.020385857671499252, -0.01963181421160698, -0.018877768889069557, -0.018123723566532135, -0.017369680106639862, -0.01661563478410244, -0.015861589461565018, -0.015107544139027596, -0.014353499747812748, -0.0135994553565979, -0.012845410034060478, -0.012091364711523056, -0.011337320320308208, -0.010583275929093361, -0.009829230606555939, -0.009075185284018517, -0.008321140892803669, -0.007567096035927534, -0.006813051179051399, -0.006059006322175264, -0.0053049614652991295, -0.004550916608422995, -0.0037968717515468597, -0.003042826894670725, -0.00228878203779459, -0.0015347371809184551, -0.0007806923240423203, -2.664746716618538e-05, 0.0007273973897099495, 0.0014814422465860844, 0.00223548524081707, 0.002989530097693205, 0.0037435749545693398, 0.004497619811445475, 0.0052516646683216095, 0.006005709525197744, 0.006759754382073879, 0.007513799238950014, 0.008267844095826149, 0.009021889418363571, 0.009775933809578419, 0.010529978200793266, 0.011284023523330688, 0.01203806884586811, 0.012792113237082958, 0.013546157628297806, 0.014300202950835228, 0.01505424827337265, 0.015808291733264923, 0.016562337055802345, 0.017316382378339767, 0.01807042770087719, 0.018824473023414612, 0.019578516483306885, 0.020332561805844307, 0.02108660712838173, 0.021840650588274002, 0.022594695910811424, 0.023348741233348846, 0.02410278655588627, 0.02485683187842369, 0.025610875338315964, 0.026364920660853386]}, "gradients/net.0.bias": {"_type": "histogram", "values": [1.0, 0.0, 0.0, 2.0, 0.0, 0.0, 2.0, 2.0, 2.0, 1.0, 1.0, 2.0, 1.0, 4.0, 2.0, 4.0, 3.0, 4.0, 2.0, 1.0, 3.0, 4.0, 3.0, 1.0, 4.0, 4.0, 3.0, 4.0, 4.0, 2.0, 3.0, 0.0, 0.0, 5.0, 3.0, 3.0, 3.0, 0.0, 2.0, 4.0, 3.0, 1.0, 3.0, 4.0, 1.0, 4.0, 3.0, 1.0, 1.0, 2.0, 3.0, 2.0, 0.0, 2.0, 1.0, 2.0, 1.0, 1.0, 1.0, 0.0, 0.0, 0.0, 0.0, 3.0],