{"train_loss": 1.4624537229537964, "test_loss": 1.4620800018310547, "_timestamp": 1717445606.2770343, "_runtime": 150.67784523963928, "_step": 999, "gradients/net.4.bias": {"_type": "histogram", "values": [1.0, 0.0, 0.0, 0.0, 0.0, 0.0, 0.0, 0.0, 0.0, 0.0, 0.0, 0.0, 0.0, 0.0, 0.0, 0.0, 0.0, 0.0, 0.0, 0.0, 0.0, 0.0, 0.0, 0.0, 0.0, 0.0, 0.0, 0.0, 0.0, 0.0, 0.0, 0.0, 0.0, 0.0, 0.0, 0.0, 0.0, 0.0, 0.0, 0.0, 0.0, 0.0, 0.0, 0.0, 0.0, 0.0, 0.0, 0.0, 0.0, 0.0, 0.0, 0.0, 0.0, 0.0, 0.0, 0.0, 0.0, 0.0, 0.0, 0.0, 0.0, 0.0, 0.0, 1.0], "bins": [-0.11533995717763901, -0.1133163571357727, -0.1112927496433258, -0.1092691496014595, -0.1072455421090126, -0.1052219420671463, -0.1031983345746994, -0.1011747345328331, -0.0991511344909668, -0.0971275344491005, -0.0951039269566536, -0.09308032691478729, -0.0910567194223404, -0.08903311938047409, -0.08700951188802719, -0.08498591184616089, -0.08296230435371399, -0.08093870431184769, -0.07891509681940079, -0.07689149677753448, -0.07486788928508759, -0.07284428924322128, -0.07082068175077438, -0.06879708170890808, -0.06677347421646118, -0.06474987417459488, -0.06272626668214798, -0.06070266291499138, -0.05867905914783478, -0.056655459105968475, -0.054631855338811874, -0.05260825157165527, -0.05058465525507927, -0.04856105148792267, -0.04653744772076607, -0.04451384395360947, -0.042490243911743164, -0.040466636419296265, -0.03844303637742996, -0.03641943261027336, -0.03439582884311676, -0.03237222507596016, -0.03034862130880356, -0.028325019404292107, -0.026301415637135506, -0.024277811869978905, -0.022254209965467453, -0.020230606198310852, -0.01820700243115425, -0.01618339866399765, -0.014159795828163624, -0.012136192992329597, -0.010112589225172997, -0.008088985458016396, -0.006065382622182369, -0.004041779786348343, -0.002018176019191742, 5.427282303571701e-06, 0.0020290305837988853, 0.004052633885294199, 0.006076237186789513, 0.008099840953946114, 0.01012344378978014, 0.012147046625614166, 0.014170650392770767]}, "gradients/net.4.weight": {"_type": "histogram", "values": [1.0, 0.0, 0.0, 0.0, 0.0, 2.0, 1.0, 1.0, 0.0, 0.0, 0.0, 0.0, 1.0, 0.0, 1.0, 2.0, 0.0, 1.0, 1.0, 3.0, 4.0, 1.0, 4.0, 4.0, 85.0, 8.0, 18.0, 102.0, 7.0, 3.0, 6.0, 3.0, 4.0, 9.0, 12.0, 80.0, 20.0, 106.0, 8.0, 4.0, 1.0, 0.0, 1.0, 0.0, 1.0, 3.0, 0.0, 2.0, 0.0, 0.0, 0.0, 0.0, 0.0, 1.0, 0.0, 0.0, 0.0, 0.0, 0.0, 0.0, 0.0, 0.0, 0.0, 1.0], "bins": [-0.3181685507297516, -0.30930668115615845, -0.3004448115825653, -0.2915829122066498, -0.28272104263305664, -0.2738591730594635, -0.26499730348587036, -0.2561354339122772, -0.2472735494375229, -0.23841167986392975, -0.22954979538917542, -0.22068792581558228, -0.21182605624198914, -0.2029641717672348, -0.19410230219364166, -0.18524041771888733, -0.1763785481452942, -0.16751667857170105, -0.15865479409694672, -0.14979292452335358, -0.14093104004859924, -0.1320691704750061, -0.12320730090141296, -0.11434542387723923, -0.10548354685306549, -0.09662166982889175, -0.08775979280471802, -0.07889792323112488, -0.07003604620695114, -0.061174169182777405, -0.05231229588389397, -0.04345042258501053, -0.03458854556083679, -0.025726670399308205, -0.016864795237779617, -0.00800292007625103, 0.0008589550852775574, 0.009720832109451294, 0.018582705408334732, 0.02744457870721817, 0.03630645573139191, 0.04516833275556564, 0.05403020605444908, 0.06289207935333252, 0.07175395637750626, 0.08061583340167999, 0.08947770297527313, 0.09833957999944687, 0.1072014570236206, 0.11606333404779434, 0.12492521107196808, 0.13378708064556122, 0.14264896512031555, 0.1515108346939087, 0.16037270426750183, 0.16923457384109497, 0.1780964583158493, 0.18695832788944244, 0.19582021236419678, 0.20468208193778992, 0.21354395151138306, 0.2224058359861374, 0.23126770555973053, 0.24012959003448486, 0.248991459608078]}, "gradients/net.2.bias": {"_type": "histogram", "values": [1.0, 0.0, 0.0, 0.0, 0.0, 1.0, 0.0, 0.0, 0.0, 0.0, 1.0, 0.0, 0.0, 0.0, 2.0, 2.0, 0.0, 2.0, 4.0, 9.0, 9.0, 6.0, 11.0, 7.0, 11.0, 19.0, 12.0, 10.0, 3.0, 5.0, 6.0, 10.0, 4.0, 1.0, 1.0, 4.0, 4.0, 1.0, 6.0, 8.0, 3.0, 3.0, 10.0, 13.0, 11.0, 9.0, 9.0, 10.0, 6.0, 9.0, 1.0, 4.0, 2.0, 2.0, 0.0, 2.0, 0.0, 0.0, 1.0, 0.0, 0.0, 0.0, 0.0, 1.0], "bins": [-0.037258606404066086, -0.036175861954689026, -0.035093117505311966, -0.034010373055934906, -0.032927628606557846, -0.031844884157180786, -0.030762141570448875, -0.029679397121071815, -0.028596652671694756, -0.027513908222317696, -0.026431163772940636, -0.025348419323563576, -0.024265676736831665, -0.023182932287454605, -0.022100187838077545, -0.021017443388700485, -0.019934698939323425, -0.018851954489946365, -0.017769210040569305, -0.016686465591192245, -0.01560372207313776, -0.0145209776237607, -0.013438234105706215, -0.012355489656329155, -0.011272745206952095, -0.010190000757575035, -0.009107256308197975, -0.00802451279014349, -0.00694176834076643, -0.00585902389138937, -0.004776279907673597, -0.0036935359239578247, -0.0026107951998710632, -0.001528050983324647, -0.00044530676677823067, 0.0006374374497681856, 0.001720181666314602, 0.002802926115691662, 0.0038856700994074345, 0.004968414083123207, 0.006051158532500267, 0.007133902981877327, 0.008216647431254387, 0.009299390949308872, 0.010382135398685932, 0.011464879848062992, 0.012547623366117477, 0.013630367815494537, 0.014713112264871597, 0.015795856714248657, 0.016878601163625717, 0.017961345613002777, 0.019044090062379837, 0.020126834511756897, 0.021209577098488808, 0.022292321547865868, 0.023375065997242928, 0.024457810446619987, 0.025540554895997047, 0.026623299345374107, 0.027706041932106018, 0.028788786381483078, 0.029871530830860138, 0.030954275280237198, 0.03203701972961426]}, "gradients/net.2.weight": {"_type": "histogram", "values": [3.0, 1.0, 2.0, 2.0, 2.0, 6.0, 3.0, 3.0, 1.0, 1.0, 4.0, 3.0, 7.0, 12.0, 17.0, 25.0, 31.0, 61.0, 91.0, 129.0, 189.0, 314.0, 504.0, 762.0, 1070.0, 1523.0, 21354.0, 2445.0, 1575.0, 1143.0, 932.0, 814.0, 856.0, 1163.0, 1405.0, 2085.0, 21773.0, 1693.0, 1163.0, 819.0, 536.0, 357.0, 212.0, 169.0, 105.0, 69.0, 33.0, 22.0, 12.0, 8.0, 5.0, 5.0, 4.0, 2.0, 2.0, 2.0, 0.0, 2.0, 0.0, 1.0, 1.0, 2.0, 0.0, 1.0], "bins": [-0.06612338870763779, -0.06403402984142303, -0.06194467470049858, -0.05985531955957413, -0.057765960693359375, -0.05567660182714462, -0.05358724668622017, -0.051497891545295715, -0.04940853267908096, -0.04731917381286621, -0.04522981867194176, -0.0431404635310173, -0.04105110466480255, -0.0389617457985878, -0.036872390657663345, -0.03478303551673889, -0.03269367665052414, -0.030604319646954536, -0.028514962643384933, -0.02642560563981533, -0.024336248636245728, -0.022246891632676125, -0.02015753462910652, -0.01806817762553692, -0.015978820621967316, -0.013889463618397713, -0.01180010661482811, -0.009710749611258507, -0.007621392607688904, -0.005532035604119301, -0.003442678600549698, -0.001353321596980095, 0.0007360354065895081, 0.002825392410159111, 0.004914749413728714, 0.007004106417298317, 0.00909346342086792, 0.011182820424437523, 0.013272177428007126, 0.015361534431576729, 0.017450891435146332, 0.019540248438715935, 0.021629605442285538, 0.02371896244585514, 0.025808319449424744, 0.027897676452994347, 0.02998703345656395, 0.0320763885974884, 0.034165747463703156, 0.03625510632991791, 0.03834446147084236, 0.040433816611766815, 0.04252317547798157, 0.04461253434419632, 0.04670188948512077, 0.04879124462604523, 0.05088060349225998, 0.05296996235847473, 0.055059317499399185, 0.05714867264032364, 0.05923803150653839, 0.06132739037275314, 0.0634167492389679, 0.06550610065460205, 0.0675954595208168]}, "gradients/net.0.bias": {"_type": "histogram", "values": [1.0, 0.0, 0.0, 0.0, 0.0, 0.0, 0.0, 0.0, 0.0, 0.0, 0.0, 0.0, 0.0, 0.0, 0.0, 0.0, 1.0, 0.0, 0.0, 0.0, 0.0, 1.0, 0.0, 1.0, 3.0, 0.0, 1.0, 3.0, 7.0, 2.0, 5.0, 71.0, 2.0, 2.0, 6.0, 2.0, 4.0, 2.0, 1.0, 5.0, 1.0, 3.0, 6.0, 3.0, 4.0, 2.0, 0.0, 2.0, 4.0, 3.0, 3.0, 86.0, 3.0, 1.0, 2.0, 4.0, 0.0, 0.0, 4.0, 1.0, 0.0, 2.0, 1.0, 1.0],