{"parameters/net.0.fc.weight": {"_type": "histogram", "values": [2.0, 0.0, 0.0, 0.0, 0.0, 2.0, 0.0, 0.0, 1.0, 0.0, 4.0, 3.0, 0.0, 4.0, 5.0, 4.0, 10.0, 4.0, 5.0, 4.0, 5.0, 7.0, 10.0, 2.0, 5.0, 6.0, 5.0, 5.0, 16.0, 11.0, 10.0, 10.0, 9.0, 8.0, 6.0, 16.0, 4.0, 5.0, 7.0, 8.0, 4.0, 5.0, 5.0, 5.0, 5.0, 1.0, 10.0, 2.0, 5.0, 3.0, 0.0, 2.0, 0.0, 0.0, 1.0, 1.0, 2.0, 1.0, 0.0, 0.0, 0.0, 0.0, 0.0, 1.0], "bins": [-0.4982684254646301, -0.4823743402957916, -0.46648022532463074, -0.45058614015579224, -0.43469202518463135, -0.41879794001579285, -0.40290382504463196, -0.38700973987579346, -0.37111562490463257, -0.35522153973579407, -0.33932745456695557, -0.3234333395957947, -0.3075392544269562, -0.2916451394557953, -0.2757510542869568, -0.2598569393157959, -0.2439628541469574, -0.2280687540769577, -0.212174654006958, -0.1962805539369583, -0.18038645386695862, -0.16449236869812012, -0.14859826862812042, -0.13270416855812073, -0.11681006848812103, -0.10091596841812134, -0.08502186834812164, -0.06912777572870255, -0.05323367565870285, -0.037339575588703156, -0.02144547924399376, -0.0055513810366392136, 0.010342717170715332, 0.026236815378069878, 0.04213091358542442, 0.05802500993013382, 0.07391911000013351, 0.08981321007013321, 0.10570730268955231, 0.121601402759552, 0.1374955028295517, 0.1533896028995514, 0.1692837029695511, 0.18517780303955078, 0.20107188820838928, 0.21696598827838898, 0.23286008834838867, 0.24875418841838837, 0.26464828848838806, 0.28054237365722656, 0.29643648862838745, 0.31233057379722595, 0.32822468876838684, 0.34411877393722534, 0.36001288890838623, 0.37590697407722473, 0.39180105924606323, 0.4076951742172241, 0.4235892593860626, 0.4394833743572235, 0.455377459526062, 0.4712715744972229, 0.4871656596660614, 0.5030597448348999, 0.5189538598060608]}, "_timestamp": 1722956327.7336342, "parameters/net.0.attn_fc.weight": {"_type": "histogram", "values": [1.0, 0.0, 0.0, 0.0, 1.0, 2.0, 3.0, 0.0, 3.0, 2.0, 3.0, 1.0, 2.0, 1.0, 4.0, 3.0, 6.0, 6.0, 6.0, 8.0, 6.0, 6.0, 11.0, 8.0, 9.0, 9.0, 14.0, 5.0, 10.0, 11.0, 14.0, 4.0, 12.0, 9.0, 10.0, 11.0, 9.0, 3.0, 8.0, 4.0, 7.0, 3.0, 5.0, 2.0, 1.0, 1.0, 2.0, 0.0, 1.0, 2.0, 0.0, 0.0, 1.0, 0.0, 1.0, 2.0, 1.0, 0.0, 1.0, 0.0, 0.0, 0.0, 0.0, 1.0], "bins": [-0.34988436102867126, -0.3376951515674591, -0.32550594210624695, -0.3133167326450348, -0.30112752318382263, -0.2889383137226105, -0.2767491042613983, -0.26455989480018616, -0.252370685338974, -0.24018149077892303, -0.22799228131771088, -0.21580307185649872, -0.20361386239528656, -0.1914246529340744, -0.17923544347286224, -0.16704623401165009, -0.15485702455043793, -0.14266781508922577, -0.1304786056280136, -0.11828939616680145, -0.1061001867055893, -0.09391098469495773, -0.08172177523374557, -0.06953256577253342, -0.05734335631132126, -0.0451541468501091, -0.03296493738889694, -0.020775731652975082, -0.008586522191762924, 0.0036026863381266594, 0.015791894868016243, 0.027981102466583252, 0.04017031192779541, 0.05235952138900757, 0.06454873085021973, 0.07673794031143188, 0.08892714977264404, 0.1011163517832756, 0.11330556124448776, 0.12549477815628052, 0.13768398761749268, 0.14987318217754364, 0.1620623916387558, 0.17425160109996796, 0.18644081056118011, 0.19863002002239227, 0.21081922948360443, 0.2230084389448166, 0.23519764840602875, 0.2473868578672409, 0.25957605242729187, 0.27176526188850403, 0.2839544713497162, 0.29614368081092834, 0.3083328902721405, 0.32052209973335266, 0.3327113091945648, 0.344900518655777, 0.35708972811698914, 0.3692789375782013, 0.38146814703941345, 0.3936573565006256, 0.40584656596183777, 0.4180357754230499, 0.4302249848842621]}, "parameters/net.2.fc.weight": {"_type": "histogram", "values": [1.0, 0.0, 0.0, 0.0, 0.0, 3.0, 2.0, 1.0, 3.0, 3.0, 8.0, 6.0, 4.0, 10.0, 14.0, 8.0, 21.0, 25.0, 19.0, 23.0, 22.0, 23.0, 26.0, 26.0, 33.0, 37.0, 37.0, 41.0, 25.0, 27.0, 27.0, 23.0, 41.0, 24.0, 24.0, 24.0, 23.0, 19.0, 16.0, 16.0, 10.0, 19.0, 11.0, 8.0, 6.0, 4.0, 3.0, 5.0, 7.0, 4.0, 2.0, 0.0, 2.0, 0.0, 0.0, 0.0, 0.0, 0.0, 0.0, 0.0, 0.0, 0.0, 1.0, 1.0], "bins": [-0.5251158475875854, -0.5064857602119446, -0.4878557026386261, -0.4692256450653076, -0.45059555768966675, -0.4319654703140259, -0.4133354127407074, -0.3947053551673889, -0.37607526779174805, -0.3574451804161072, -0.3388151228427887, -0.3201850652694702, -0.30155497789382935, -0.2829248905181885, -0.26429483294487, -0.24566476047039032, -0.22703468799591064, -0.20840461552143097, -0.1897745430469513, -0.17114447057247162, -0.15251439809799194, -0.13388432562351227, -0.11525425314903259, -0.09662418067455292, -0.07799410820007324, -0.05936403572559357, -0.04073396325111389, -0.022103890776634216, -0.003473818302154541, 0.015156254172325134, 0.03378632664680481, 0.052416399121284485, 0.07104647159576416, 0.08967654407024384, 0.10830661654472351, 0.12693668901920319, 0.14556676149368286, 0.16419683396816254, 0.1828269064426422, 0.2014569789171219, 0.22008705139160156, 0.23871712386608124, 0.2573471963405609, 0.2759772539138794, 0.29460734128952026, 0.31323742866516113, 0.3318674862384796, 0.3504975438117981, 0.36912763118743896, 0.38775771856307983, 0.4063877761363983, 0.4250178337097168, 0.44364792108535767, 0.46227800846099854, 0.480908066034317, 0.4995381236076355, 0.5181682109832764, 0.5367982983589172, 0.5554283857345581, 0.5740584135055542, 0.5926885008811951, 0.6113185882568359, 0.629948616027832, 0.6485787034034729, 0.6672087907791138]}, "parameters/net.2.attn_fc.weight": {"_type": "histogram", "values": [1.0, 0.0, 0.0, 0.0, 0.0, 0.0, 0.0, 0.0, 0.0, 0.0, 0.0, 0.0, 1.0, 0.0, 0.0, 0.0, 0.0, 0.0, 0.0, 1.0, 0.0, 1.0, 0.0, 0.0, 0.0, 0.0, 0.0, 0.0, 1.0, 1.0, 0.0, 0.0, 0.0, 0.0, 0.0, 0.0, 0.0, 0.0, 1.0, 0.0, 0.0, 0.0, 0.0, 0.0, 0.0, 0.0, 0.0, 0.0, 0.0, 0.0, 0.0, 1.0, 0.0, 2.0, 0.0, 0.0, 1.0, 0.0, 0.0, 0.0, 0.0, 0.0, 0.0, 1.0], "bins": [-0.48100757598876953, -0.45885950326919556, -0.43671146035194397, -0.41456338763237, -0.3924153447151184, -0.37026727199554443, -0.34811922907829285, -0.32597115635871887, -0.3038231134414673, -0.2816750407218933, -0.25952696800231934, -0.23737892508506775, -0.21523085236549377, -0.193082794547081, -0.1709347367286682, -0.14878667891025543, -0.12663862109184265, -0.10449056327342987, -0.08234250545501709, -0.06019444018602371, -0.03804638236761093, -0.015898322686553, 0.006249736994504929, 0.02839779667556286, 0.05054585635662079, 0.07269391417503357, 0.09484197199344635, 0.11699003726243973, 0.1391381025314331, 0.1612861603498459, 0.18343421816825867, 0.20558227598667145, 0.22773033380508423, 0.249878391623497, 0.2720264494419098, 0.29417452216148376, 0.31632256507873535, 0.3384706377983093, 0.3606186807155609, 0.3827667534351349, 0.4049147963523865, 0.42706286907196045, 0.4492109417915344, 0.471358984708786, 0.49350705742836, 0.5156551003456116, 0.5378031730651855, 0.5599512457847595, 0.5820993185043335, 0.6042473316192627, 0.6263954043388367, 0.6485434770584106, 0.6706915497779846, 0.6928395628929138, 0.7149876356124878, 0.7371357083320618, 0.7592837810516357, 0.7814318537712097, 0.8035798668861389, 0.8257279396057129, 0.8478760123252869, 0.8700240850448608, 0.89217209815979, 0.914320170879364, 0.936468243598938]}, "train_loss_d1": 9.968843460083008, "train_H_d1": 9.863632202148438, "test_loss_d1": 2.1755993366241455, "test_H_d1": 10.186102867126465, "_runtime": 86.91130828857422, "_step": 0, "_wandb": {"runtime": 84}}