{"train_loss": 13.0248441696167, "test_loss": 13.356776237487793, "_timestamp": 1717437807.3751268, "_runtime": 62.12679076194763, "_step": 499, "gradients/net.6.bias": {"_type": "histogram", "values": [1.0, 0.0, 0.0, 0.0, 0.0, 0.0, 0.0, 0.0, 0.0, 0.0, 0.0, 0.0, 0.0, 0.0, 0.0, 0.0, 0.0, 0.0, 0.0, 0.0, 0.0, 0.0, 0.0, 0.0, 0.0, 0.0, 0.0, 0.0, 0.0, 0.0, 0.0, 0.0, 0.0, 0.0, 0.0, 0.0, 0.0, 0.0, 0.0, 0.0, 0.0, 0.0, 0.0, 0.0, 0.0, 0.0, 0.0, 0.0, 0.0, 0.0, 0.0, 0.0, 0.0, 0.0, 0.0, 0.0, 0.0, 0.0, 0.0, 0.0, 0.0, 0.0, 0.0, 1.0], "bins": [0.37177637219429016, 0.3720003366470337, 0.3722243309020996, 0.37244829535484314, 0.37267225980758667, 0.3728962540626526, 0.3731202185153961, 0.37334418296813965, 0.37356817722320557, 0.3737921416759491, 0.374016135931015, 0.37424010038375854, 0.3744640648365021, 0.374688059091568, 0.3749120235443115, 0.37513598799705505, 0.3753599524497986, 0.3755839169025421, 0.37580791115760803, 0.37603187561035156, 0.3762558400630951, 0.376479834318161, 0.37670379877090454, 0.37692776322364807, 0.3771517276763916, 0.37737569212913513, 0.37759968638420105, 0.3778236508369446, 0.3780476152896881, 0.37827160954475403, 0.37849557399749756, 0.3787195384502411, 0.378943532705307, 0.37916749715805054, 0.37939149141311646, 0.37961545586586, 0.3798394203186035, 0.38006341457366943, 0.38028737902641296, 0.3805113434791565, 0.3807353377342224, 0.38095930218696594, 0.38118329644203186, 0.3814072608947754, 0.3816312253475189, 0.38185521960258484, 0.38207918405532837, 0.3823031485080719, 0.38252711296081543, 0.38275107741355896, 0.3829750716686249, 0.3831990361213684, 0.38342300057411194, 0.38364699482917786, 0.3838709592819214, 0.3840949237346649, 0.38431888818740845, 0.384542852640152, 0.3847668468952179, 0.3849908113479614, 0.38521477580070496, 0.3854387700557709, 0.3856627345085144, 0.38588669896125793, 0.38611069321632385]}, "gradients/net.6.weight": {"_type": "histogram", "values": [2.0, 0.0, 0.0, 1.0, 0.0, 1.0, 0.0, 2.0, 2.0, 3.0, 6.0, 4.0, 13.0, 5.0, 5.0, 7.0, 10.0, 13.0, 22.0, 15.0, 9.0, 9.0, 18.0, 11.0, 5.0, 9.0, 6.0, 7.0, 3.0, 4.0, 6.0, 1.0, 2.0, 2.0, 4.0, 5.0, 4.0, 3.0, 4.0, 3.0, 1.0, 2.0, 1.0, 1.0, 0.0, 1.0, 0.0, 0.0, 2.0, 2.0, 1.0, 3.0, 0.0, 1.0, 3.0, 0.0, 1.0, 3.0, 1.0, 0.0, 2.0, 1.0, 1.0, 3.0], "bins": [0.1530185490846634, 0.1583295613527298, 0.1636405736207962, 0.1689515858888626, 0.17426259815692902, 0.17957361042499542, 0.18488460779190063, 0.19019562005996704, 0.19550663232803345, 0.20081764459609985, 0.20612865686416626, 0.21143966913223267, 0.21675068140029907, 0.22206169366836548, 0.22737270593643188, 0.2326837182044983, 0.2379947304725647, 0.2433057427406311, 0.2486167550086975, 0.2539277672767639, 0.2592387795448303, 0.26454979181289673, 0.26986080408096313, 0.27517181634902954, 0.28048282861709595, 0.28579384088516235, 0.29110485315322876, 0.29641586542129517, 0.3017268776893616, 0.307037889957428, 0.3123489022254944, 0.3176599144935608, 0.3229709267616272, 0.3282819390296936, 0.33359295129776, 0.3389039635658264, 0.3442149758338928, 0.34952598810195923, 0.35483700037002563, 0.36014801263809204, 0.36545902490615845, 0.37077003717422485, 0.37608104944229126, 0.38139206171035767, 0.3867030739784241, 0.3920140862464905, 0.3973250985145569, 0.4026361107826233, 0.4079471230506897, 0.4132581353187561, 0.4185691475868225, 0.4238801598548889, 0.4291911721229553, 0.43450218439102173, 0.43981319665908813, 0.44512420892715454, 0.45043519139289856, 0.45574620366096497, 0.46105721592903137, 0.4663682281970978, 0.4716792404651642, 0.4769902527332306, 0.482301265001297, 0.4876122772693634, 0.4929232895374298]}, "gradients/net.4.bias": {"_type": "histogram", "values": [1.0, 1.0, 0.0, 0.0, 0.0, 1.0, 0.0, 0.0, 0.0, 0.0, 0.0, 0.0, 1.0, 0.0, 1.0, 0.0, 0.0, 2.0, 1.0, 0.0, 2.0, 1.0, 4.0, 3.0, 1.0, 4.0, 4.0, 8.0, 8.0, 6.0, 12.0, 5.0, 3.0, 6.0, 5.0, 5.0, 13.0, 3.0, 2.0, 2.0, 4.0, 3.0, 1.0, 1.0, 2.0, 2.0, 0.0, 1.0, 2.0, 1.0, 2.0, 0.0, 0.0, 0.0, 1.0, 1.0, 0.0, 0.0, 0.0, 1.0, 0.0, 0.0, 0.0, 1.0], "bins": [-0.07571102678775787, -0.07338491827249527, -0.07105880975723267, -0.06873270124197006, -0.06640659272670746, -0.06408047676086426, -0.06175437197089195, -0.05942825973033905, -0.05710215121507645, -0.05477604269981384, -0.05244993418455124, -0.050123825669288635, -0.04779771342873573, -0.04547160491347313, -0.043145496398210526, -0.04081938415765762, -0.03849327936768532, -0.036167170852422714, -0.03384106233716011, -0.03151495009660721, -0.029188841581344604, -0.026862733066082, -0.024536624550819397, -0.022210514172911644, -0.01988440565764904, -0.017558297142386436, -0.015232186764478683, -0.01290607824921608, -0.010579968802630901, -0.008253859356045723, -0.005927750840783119, -0.003601640462875366, -0.0012755319476127625, 0.0010505772661417723, 0.003376686479896307, 0.005702795460820198, 0.008028904907405376, 0.010355014353990555, 0.012681122869253159, 0.015007233247160912, 0.017333341762423515, 0.01965945027768612, 0.021985560655593872, 0.024311669170856476, 0.02663777768611908, 0.028963888064026833, 0.03128999471664429, 0.03361610695719719, 0.03594221547245979, 0.0382683239877224, 0.040594432502985, 0.0429205447435379, 0.04524665325880051, 0.04757276177406311, 0.049898870289325714, 0.05222497880458832, 0.05455108731985092, 0.056877195835113525, 0.05920330435037613, 0.06152941286563873, 0.06385552138090134, 0.06618162989616394, 0.06850774586200714, 0.07083385437726974, 0.07315996289253235]}, "gradients/net.4.weight": {"_type": "histogram", "values": [43.0, 82.0, 0.0, 0.0, 0.0, 64.0, 0.0, 0.0, 105.0, 0.0, 55.0, 84.0, 144.0, 71.0, 49.0, 71.0, 292.0, 71.0, 124.0, 470.0, 96.0, 455.0, 94.0, 879.0, 617.0, 702.0, 780.0, 862.0, 326.0, 953.0, 1609.0, 728.0, 732.0, 380.0, 558.0, 1048.0, 801.0, 258.0, 274.0, 438.0, 483.0, 122.0, 150.0, 167.0, 129.0, 3.0, 180.0, 114.0, 43.0, 210.0, 61.0, 102.0, 83.0, 50.0, 0.0, 37.0, 0.0, 0.0, 0.0, 0.0, 90.0, 0.0, 0.0, 45.0], "bins": [-0.05558691918849945, -0.05376913398504257, -0.05195134878158569, -0.050133563578128815, -0.048315782099962234, -0.046497996896505356, -0.04468021169304848, -0.0428624264895916, -0.04104464501142502, -0.03922685980796814, -0.03740907460451126, -0.03559128940105438, -0.0337735079228878, -0.03195572271943092, -0.030137937515974045, -0.028320152312517166, -0.026502367109060287, -0.02468458190560341, -0.02286679856479168, -0.0210490133613348, -0.01923123002052307, -0.017413444817066193, -0.015595659613609314, -0.01377787534147501, -0.011960091069340706, -0.010142306797206402, -0.008324522525072098, -0.006506737321615219, -0.004688953049480915, -0.002871168777346611, -0.0010533835738897324, 0.0007644006982445717, 0.0025821812450885773, 0.004399965517222881, 0.006217750255018473, 0.008035534992814064, 0.009853319264948368, 0.011671103537082672, 0.01348888874053955, 0.015306673012673855, 0.01712445728480816, 0.018942242488265038, 0.020760025829076767, 0.022577811032533646, 0.024395596235990524, 0.026213379576802254, 0.028031164780259132, 0.029848948121070862, 0.03166673332452774, 0.03348451852798462, 0.0353023037314415, 0.037120088934898376, 0.03893787041306496, 0.040755655616521835, 0.042573440819978714, 0.04439122602343559, 0.04620900750160217, 0.04802679270505905, 0.04984457790851593, 0.05166236311197281, 0.05348014459013939, 0.05529792979359627, 0.057115714997053146, 0.058933500200510025, 0.060751285403966904]}, "gradients/net.2.bias": {"_type": "histogram", "values": [1.0, 0.0, 1.0, 0.0, 0.0, 1.0, 2.0, 0.0, 2.0, 1.0, 2.0, 0.0, 1.0, 3.0, 2.0, 2.0, 6.0, 2.0, 2.0, 1.0, 4.0, 3.0, 5.0, 2.0, 1.0, 3.0, 1.0, 2.0, 5.0, 2.0, 7.0, 3.0, 3.0, 2.0, 2.0, 2.0, 4.0, 2.0, 0.0, 4.0, 3.0, 3.0, 2.0, 0.0, 6.0, 0.0, 0.0, 1.0, 2.0, 8.0, 1.0, 2.0, 4.0, 3.0, 0.0, 2.0, 1.0, 1.0, 0.0, 1.0, 1.0, 0.0, 0.0, 1.0],