{"train_loss": 12.271982192993164, "test_loss": 12.185084342956543, "_timestamp": 1717444950.805186, "_runtime": 17.490952014923096, "_step": 99, "gradients/net.4.bias": {"_type": "histogram", "values": [1.0, 0.0, 0.0, 1.0, 0.0, 1.0, 0.0, 0.0, 0.0, 0.0, 0.0, 1.0, 0.0, 0.0, 0.0, 1.0, 0.0, 1.0, 0.0, 0.0, 0.0, 0.0, 1.0, 0.0, 0.0, 0.0, 0.0, 0.0, 0.0, 0.0, 0.0, 0.0, 1.0, 1.0, 0.0, 0.0, 0.0, 0.0, 0.0, 0.0, 0.0, 0.0, 1.0, 0.0, 0.0, 0.0, 0.0, 0.0, 0.0, 0.0, 0.0, 0.0, 0.0, 0.0, 0.0, 0.0, 0.0, 0.0, 0.0, 1.0, 0.0, 0.0, 0.0, 1.0], "bins": [-0.050168588757514954, -0.048465535044670105, -0.04676247760653496, -0.04505942016839981, -0.04335636645555496, -0.041653312742710114, -0.039950255304574966, -0.03824719786643982, -0.03654414415359497, -0.03484109044075012, -0.033138033002614975, -0.03143497556447983, -0.02973192185163498, -0.02802886627614498, -0.026325810700654984, -0.024622755125164986, -0.022919699549674988, -0.02121664397418499, -0.019513588398694992, -0.017810532823204994, -0.016107477247714996, -0.014404421672224998, -0.012701366096735, -0.010998310521245003, -0.009295254945755005, -0.007592199370265007, -0.005889143794775009, -0.004186088219285011, -0.0024830326437950134, -0.0007799770683050156, 0.0009230785071849823, 0.00262613408267498, 0.0043291933834552765, 0.006032248958945274, 0.007735304534435272, 0.00943836010992527, 0.011141415685415268, 0.012844471260905266, 0.014547526836395264, 0.01625058241188526, 0.01795363798737526, 0.019656693562865257, 0.021359749138355255, 0.023062804713845253, 0.02476586028933525, 0.02646891586482525, 0.028171971440315247, 0.029875027015805244, 0.03157808259129524, 0.03328114002943039, 0.03498419374227524, 0.03668724745512009, 0.038390304893255234, 0.04009336233139038, 0.04179641604423523, 0.04349946975708008, 0.045202527195215225, 0.04690558463335037, 0.04860863834619522, 0.05031169205904007, 0.05201474949717522, 0.053717806935310364, 0.05542086064815521, 0.05712391436100006, 0.05882697179913521]}, "gradients/net.4.weight": {"_type": "histogram", "values": [113.0, 56.0, 0.0, 126.0, 10.0, 138.0, 0.0, 0.0, 0.0, 0.0, 24.0, 120.0, 0.0, 0.0, 2.0, 214.0, 229.0, 0.0, 61.0, 59.0, 109.0, 148.0, 0.0, 0.0, 0.0, 4.0, 103.0, 5.0, 114.0, 8.0, 278.0, 73.0, 6.0, 0.0, 0.0, 0.0, 117.0, 0.0, 0.0, 0.0, 0.0, 0.0, 0.0, 45.0, 195.0, 220.0, 81.0, 63.0, 34.0, 1.0, 0.0, 0.0, 0.0, 0.0, 0.0, 0.0, 0.0, 0.0, 27.0, 129.0, 2.0, 0.0, 67.0, 91.0], "bins": [-0.039048898965120316, -0.0377337746322155, -0.036418650299310684, -0.03510352969169617, -0.03378840535879135, -0.032473281025886536, -0.03115815669298172, -0.029843032360076904, -0.028527909889817238, -0.027212785556912422, -0.025897663086652756, -0.02458253875374794, -0.023267414420843124, -0.021952291950583458, -0.020637167617678642, -0.019322045147418976, -0.01800692081451416, -0.016691796481609344, -0.015376674011349678, -0.014061549678444862, -0.012746426276862621, -0.01143130287528038, -0.010116178542375565, -0.008801055140793324, -0.0074859317392110825, -0.006170808337628841, -0.004855684470385313, -0.0035405606031417847, -0.0022254372015595436, -0.0009103137999773026, 0.0004048105329275131, 0.0017199339345097542, 0.0030350536108016968, 0.004350177012383938, 0.005665300879627466, 0.006980424746870995, 0.008295548148453236, 0.009610671550035477, 0.010925795882940292, 0.012240919284522533, 0.013556042686104774, 0.014871166087687016, 0.016186289489269257, 0.017501413822174072, 0.018816538155078888, 0.020131660625338554, 0.02144678495824337, 0.022761907428503036, 0.024077031761407852, 0.025392156094312668, 0.026707278564572334, 0.02802240289747715, 0.029337525367736816, 0.030652649700641632, 0.03196777403354645, 0.03328289836645126, 0.03459802269935608, 0.035913147032260895, 0.03722827136516571, 0.038543395698070526, 0.03985851630568504, 0.04117364063858986, 0.042488764971494675, 0.04380388930439949, 0.04511900991201401]}, "gradients/net.2.bias": {"_type": "histogram", "values": [2.0, 2.0, 3.0, 1.0, 3.0, 2.0, 7.0, 6.0, 8.0, 4.0, 4.0, 8.0, 5.0, 7.0, 6.0, 9.0, 10.0, 4.0, 3.0, 3.0, 7.0, 4.0, 4.0, 4.0, 0.0, 1.0, 0.0, 2.0, 1.0, 0.0, 0.0, 1.0, 0.0, 0.0, 0.0, 0.0, 3.0, 2.0, 2.0, 4.0, 2.0, 8.0, 6.0, 7.0, 8.0, 5.0, 7.0, 4.0, 13.0, 13.0, 8.0, 7.0, 8.0, 7.0, 3.0, 6.0, 3.0, 1.0, 3.0, 1.0, 2.0, 0.0, 0.0, 2.0], "bins": [-0.016705643385648727, -0.01616254821419716, -0.015619452111423016, -0.015076356939971447, -0.014533260837197304, -0.013990165665745735, -0.013447070494294167, -0.012903975322842598, -0.012360879220068455, -0.011817784048616886, -0.011274687945842743, -0.010731592774391174, -0.010188497602939606, -0.009645401500165462, -0.009102306328713894, -0.00855921022593975, -0.008016115054488182, -0.007473019417375326, -0.00692992378026247, -0.006386828608810902, -0.005843732971698046, -0.00530063733458519, -0.004757542163133621, -0.004214446526020765, -0.0036713508889079094, -0.0031282552517950535, -0.0025851598475128412, -0.002042064443230629, -0.001498968806117773, -0.0009558731690049171, -0.0004127777647227049, 0.00013031763955950737, 0.0006734151393175125, 0.0012165106600150466, 0.0017596061807125807, 0.002302701584994793, 0.002845797222107649, 0.0033888928592205048, 0.003931988030672073, 0.004475083667784929, 0.005018179304897785, 0.005561274942010641, 0.006104370579123497, 0.006647465750575066, 0.0071905613876879215, 0.0077336570248007774, 0.008276752196252346, 0.00881984829902649, 0.009362943470478058, 0.009906038641929626, 0.01044913474470377, 0.010992229916155338, 0.011535326018929482, 0.01207842119038105, 0.012621516361832619, 0.013164611533284187, 0.01370770763605833, 0.0142508028075099, 0.014793898910284042, 0.015336994081735611, 0.01588008925318718, 0.016423184424638748, 0.016966281458735466, 0.017509376630187035, 0.018052471801638603]}, "gradients/net.2.weight": {"_type": "histogram", "values": [59.0, 2532.0, 29122.0, 877.0, 20.0, 0.0, 0.0, 0.0, 0.0, 0.0, 0.0, 0.0, 0.0, 0.0, 0.0, 0.0, 0.0, 0.0, 0.0, 0.0, 0.0, 0.0, 0.0, 0.0, 0.0, 0.0, 0.0, 0.0, 0.0, 0.0, 0.0, 0.0, 0.0, 0.0, 0.0, 0.0, 0.0, 0.0, 0.0, 0.0, 0.0, 0.0, 0.0, 0.0, 0.0, 0.0, 0.0, 0.0, 0.0, 0.0, 0.0, 0.0, 0.0, 0.0, 0.0, 0.0, 0.0, 0.0, 2.0, 141.0, 6513.0, 25832.0, 431.0, 7.0], "bins": [-0.010798275470733643, -0.010458067990839481, -0.01011786051094532, -0.009777652099728584, -0.009437444619834423, -0.009097237139940262, -0.008757028728723526, -0.008416821248829365, -0.008076613768935204, -0.007736406289041042, -0.007396198343485594, -0.007055990397930145, -0.006715782918035984, -0.006375575438141823, -0.006035367492586374, -0.005695159547030926, -0.0053549520671367645, -0.005014744587242603, -0.004674536641687155, -0.004334328696131706, -0.003994121216237545, -0.00365391350351274, -0.0033137057907879353, -0.0029734980780631304, -0.0026332903653383255, -0.0022930826526135206, -0.0019528749398887157, -0.0016126672271639109, -0.001272459514439106, -0.0009322518017143011, -0.0005920440889894962, -0.00025183637626469135, 8.837040513753891e-05, 0.0004285781178623438, 0.0007687858305871487, 0.0011089935433119535, 0.0014492012560367584, 0.0017894089687615633, 0.002129616681486368, 0.002469824394211173, 0.002810032106935978, 0.003150239819660783, 0.0034904475323855877, 0.0038306552451103926, 0.0041708629578351974, 0.004511070437729359, 0.004851278383284807, 0.005191486328840256, 0.005531693808734417, 0.005871901288628578, 0.006212109234184027, 0.006552317179739475, 0.0068925246596336365, 0.007232732139527798, 0.007572940085083246, 0.007913148030638695, 0.008253355510532856, 0.008593562990427017, 0.008933771401643753, 0.009273978881537914, 0.009614186361432076, 0.009954393841326237, 0.010294601321220398, 0.010634809732437134, 0.010975017212331295]}, "gradients/net.0.bias": {"_type": "histogram", "values": [1.0, 0.0, 0.0, 0.0, 0.0, 0.0, 3.0, 5.0, 0.0, 3.0, 7.0, 10.0, 9.0, 6.0, 13.0, 10.0, 11.0, 22.0, 8.0, 9.0, 6.0, 5.0, 3.0, 0.0, 0.0, 0.0, 0.0, 0.0, 0.0, 0.0, 0.0, 0.0, 0.0, 0.0, 0.0, 0.0, 0.0, 0.0, 0.0, 0.0, 1.0, 0.0, 0.0, 0.0, 1.0, 5.0, 6.0, 5.0, 7.0, 12.0, 9.0, 9.0, 10.0, 9.0, 11.0, 7.0, 10.0, 7.0, 5.0, 4.0, 4.0, 1.0, 1.0, 1.0],