{"train_loss_d2": 5.103880405426025, "train_H_d2": 26.139379501342773, "test_loss_d2": 3.6420936584472656, "test_H_d2": 15.821832656860352, "_timestamp": 1723226297.6328428, "_runtime": 1892.621417760849, "_step": 96, "parameters/net.0.in_w.weight": {"_type": "histogram", "values": [2.0, 2.0, 0.0, 0.0, 4.0, 2.0, 1.0, 1.0, 4.0, 0.0, 3.0, 2.0, 0.0, 5.0, 4.0, 7.0, 2.0, 3.0, 3.0, 6.0, 9.0, 8.0, 1.0, 5.0, 5.0, 4.0, 18.0, 7.0, 3.0, 5.0, 3.0, 5.0, 7.0, 8.0, 7.0, 8.0, 15.0, 7.0, 8.0, 4.0, 7.0, 2.0, 8.0, 4.0, 4.0, 3.0, 10.0, 3.0, 5.0, 3.0, 2.0, 1.0, 3.0, 2.0, 0.0, 1.0, 1.0, 1.0, 1.0, 0.0, 2.0, 2.0, 1.0, 2.0], "bins": [-1.119637370109558, -1.0834718942642212, -1.0473062992095947, -1.0111408233642578, -0.9749752879142761, -0.9388097524642944, -0.9026442766189575, -0.8664787411689758, -0.8303132057189941, -0.7941476702690125, -0.7579821348190308, -0.7218166589736938, -0.6856511235237122, -0.6494855880737305, -0.6133201122283936, -0.5771545767784119, -0.5409890413284302, -0.5048235058784485, -0.4686580002307892, -0.4324924945831299, -0.3963269591331482, -0.3601614236831665, -0.3239959180355072, -0.2878304123878479, -0.2516648769378662, -0.21549935638904572, -0.17933383584022522, -0.14316831529140472, -0.10700279474258423, -0.07083727419376373, -0.03467175364494324, 0.0014937669038772583, 0.037659406661987305, 0.0738249272108078, 0.1099904477596283, 0.1461559683084488, 0.1823214888572693, 0.21848700940608978, 0.2546525299549103, 0.2908180356025696, 0.32698357105255127, 0.36314910650253296, 0.39931461215019226, 0.43548011779785156, 0.47164565324783325, 0.5078111886978149, 0.5439766645431519, 0.5801421999931335, 0.6163077354431152, 0.6524732708930969, 0.6886388063430786, 0.7248042821884155, 0.7609698176383972, 0.7971353530883789, 0.8333008289337158, 0.8694663643836975, 0.9056318998336792, 0.9417974352836609, 0.9779629707336426, 1.0141284465789795, 1.0502939224243164, 1.0864595174789429, 1.1226249933242798, 1.1587905883789062, 1.1949560642242432]}, "parameters/net.0.out_w.weight": {"_type": "histogram", "values": [1.0, 0.0, 0.0, 0.0, 0.0, 0.0, 0.0, 2.0, 0.0, 1.0, 0.0, 0.0, 1.0, 0.0, 2.0, 0.0, 3.0, 0.0, 1.0, 5.0, 5.0, 7.0, 6.0, 5.0, 7.0, 4.0, 5.0, 10.0, 6.0, 9.0, 6.0, 10.0, 15.0, 5.0, 5.0, 14.0, 7.0, 8.0, 10.0, 15.0, 5.0, 5.0, 6.0, 7.0, 7.0, 3.0, 4.0, 4.0, 6.0, 12.0, 6.0, 5.0, 3.0, 0.0, 1.0, 1.0, 0.0, 2.0, 1.0, 1.0, 1.0, 0.0, 0.0, 1.0], "bins": [-1.602318286895752, -1.5571810007095337, -1.5120437145233154, -1.4669065475463867, -1.4217692613601685, -1.3766319751739502, -1.3314948081970215, -1.2863575220108032, -1.241220235824585, -1.1960829496383667, -1.1509456634521484, -1.1058084964752197, -1.0606712102890015, -1.0155339241027832, -0.9703966975212097, -0.9252594709396362, -0.880122184753418, -0.8349848985671997, -0.7898476719856262, -0.7447104454040527, -0.6995731592178345, -0.6544358730316162, -0.6092986464500427, -0.5641614198684692, -0.519024133682251, -0.4738868772983551, -0.42874962091445923, -0.38361236453056335, -0.3384751081466675, -0.2933378517627716, -0.24820059537887573, -0.20306333899497986, -0.15792608261108398, -0.11278882622718811, -0.06765156984329224, -0.022514313459396362, 0.02262294292449951, 0.06776019930839539, 0.11289745569229126, 0.15803471207618713, 0.203171968460083, 0.24830922484397888, 0.29344648122787476, 0.33858373761177063, 0.3837209939956665, 0.4288582503795624, 0.47399550676345825, 0.5191327333450317, 0.56427001953125, 0.6094073057174683, 0.6545445322990417, 0.6996817588806152, 0.7448190450668335, 0.7899563312530518, 0.8350935578346252, 0.8802307844161987, 0.925368070602417, 0.9705053567886353, 1.0156426429748535, 1.0607798099517822, 1.1059170961380005, 1.1510543823242188, 1.1961915493011475, 1.2413288354873657, 1.286466121673584]}, "parameters/net.2.in_w.weight": {"_type": "histogram", "values": [3.0, 0.0, 2.0, 1.0, 7.0, 2.0, 7.0, 7.0, 9.0, 10.0, 5.0, 8.0, 9.0, 10.0, 22.0, 16.0, 18.0, 15.0, 16.0, 9.0, 28.0, 26.0, 19.0, 17.0, 18.0, 24.0, 21.0, 25.0, 26.0, 30.0, 20.0, 21.0, 25.0, 20.0, 18.0, 16.0, 16.0, 21.0, 19.0, 16.0, 23.0, 12.0, 13.0, 12.0, 16.0, 11.0, 11.0, 8.0, 7.0, 11.0, 7.0, 7.0, 7.0, 5.0, 4.0, 4.0, 3.0, 1.0, 0.0, 0.0, 0.0, 0.0, 2.0, 2.0], "bins": [-0.19187115132808685, -0.18578381836414337, -0.1796964854001999, -0.1736091524362564, -0.16752181947231293, -0.16143448650836945, -0.15534715354442596, -0.14925982058048248, -0.143172487616539, -0.13708515465259552, -0.13099782168865204, -0.12491048872470856, -0.11882315576076508, -0.1127358227968216, -0.10664848983287811, -0.10056115686893463, -0.09447382390499115, -0.08838649094104767, -0.08229915797710419, -0.0762118250131607, -0.07012449204921722, -0.06403715908527374, -0.05794982612133026, -0.05186249315738678, -0.0457751601934433, -0.03968782722949982, -0.033600494265556335, -0.027513161301612854, -0.021425828337669373, -0.015338495373725891, -0.00925116240978241, -0.0031638294458389282, 0.002923518419265747, 0.009010851383209229, 0.01509818434715271, 0.02118551731109619, 0.027272850275039673, 0.033360183238983154, 0.039447516202926636, 0.04553484916687012, 0.0516221821308136, 0.05770951509475708, 0.06379684805870056, 0.06988418102264404, 0.07597151398658752, 0.082058846950531, 0.08814617991447449, 0.09423351287841797, 0.10032084584236145, 0.10640817880630493, 0.11249551177024841, 0.1185828447341919, 0.12467017769813538, 0.13075751066207886, 0.13684484362602234, 0.14293217658996582, 0.1490195095539093, 0.15510684251785278, 0.16119417548179626, 0.16728150844573975, 0.17336884140968323, 0.1794561743736267, 0.1855435073375702, 0.19163084030151367, 0.19771817326545715]}, "parameters/net.2.out_w.weight": {"_type": "histogram", "values": [2.0, 2.0, 0.0, 1.0, 2.0, 5.0, 7.0, 8.0, 8.0, 6.0, 11.0, 11.0, 14.0, 10.0, 14.0, 13.0, 9.0, 18.0, 15.0, 18.0, 29.0, 21.0, 17.0, 15.0, 22.0, 15.0, 18.0, 25.0, 18.0, 18.0, 15.0, 22.0, 23.0, 27.0, 15.0, 21.0, 23.0, 19.0, 13.0, 16.0, 13.0, 15.0, 21.0, 18.0, 14.0, 14.0, 13.0, 8.0, 14.0, 14.0, 10.0, 7.0, 9.0, 7.0, 5.0, 5.0, 6.0, 5.0, 0.0, 1.0, 1.0, 0.0, 0.0, 2.0], "bins": [-0.18224342167377472, -0.1766466200351715, -0.1710498183965683, -0.1654530167579651, -0.15985621511936188, -0.15425941348075867, -0.14866259694099426, -0.14306579530239105, -0.13746899366378784, -0.13187219202518463, -0.12627539038658142, -0.12067858874797821, -0.115081787109375, -0.10948498547077179, -0.10388817638158798, -0.09829137474298477, -0.09269457310438156, -0.08709777146577835, -0.08150096982717514, -0.07590416073799133, -0.07030735909938812, -0.06471055746078491, -0.0591137558221817, -0.05351695045828819, -0.04792014881968498, -0.04232334718108177, -0.03672654181718826, -0.031129740178585052, -0.025532936677336693, -0.019936133176088333, -0.014339330606162548, -0.008742528036236763, -0.0031457245349884033, 0.002451078500598669, 0.008047881536185741, 0.013644684106111526, 0.019241487607359886, 0.024838291108608246, 0.030435092747211456, 0.036031898111104965, 0.041628699749708176, 0.047225501388311386, 0.052822306752204895, 0.058419108390808105, 0.06401591002941132, 0.06961271166801453, 0.07520952075719833, 0.08080632239580154, 0.08640312403440475, 0.09199992567300797, 0.09759672731161118, 0.10319353640079498, 0.1087903380393982, 0.1143871396780014, 0.11998394131660461, 0.12558074295520782, 0.13117754459381104, 0.13677434623241425, 0.14237114787101746, 0.14796796441078186, 0.15356476604938507, 0.15916156768798828, 0.1647583693265915, 0.1703551709651947, 0.1759519726037979]}, "_wandb": {"runtime": 1899}}