{"train_loss": 0.011260833591222763, "train_grad": 0.03234926238656044, "test_loss": 0.011632275767624378, "test_grad": 0.03174879401922226, "_timestamp": 1717630093.586137, "_runtime": 81.72209095954895, "_step": 11, "gradients/linear.bias": {"_type": "histogram", "values": [1.0, 0.0, 0.0, 0.0, 0.0, 1.0, 0.0, 0.0, 1.0, 0.0, 0.0, 0.0, 1.0, 0.0, 0.0, 0.0, 0.0, 0.0, 0.0, 0.0, 0.0, 1.0, 0.0, 0.0, 0.0, 0.0, 0.0, 2.0, 0.0, 0.0, 0.0, 1.0, 1.0, 0.0, 1.0, 0.0, 0.0, 0.0, 0.0, 0.0, 0.0, 0.0, 1.0, 0.0, 0.0, 0.0, 0.0, 0.0, 0.0, 0.0, 0.0, 0.0, 0.0, 0.0, 0.0, 0.0, 0.0, 0.0, 0.0, 0.0, 0.0, 0.0, 0.0, 1.0], "bins": [-9.069512452697381e-05, -8.71255761012435e-05, -8.355602767551318e-05, -7.998647924978286e-05, -7.641693810001016e-05, -7.284738239832222e-05, -6.927784124854952e-05, -6.57082928228192e-05, -6.213874439708889e-05, -5.856919597135857e-05, -5.499964754562825e-05, -5.143010275787674e-05, -4.786055433214642e-05, -4.42910059064161e-05, -4.072146111866459e-05, -3.7151912692934275e-05, -3.358236426720396e-05, -3.001281584147364e-05, -2.6443269234732725e-05, -2.287372262799181e-05, -1.9304174202261493e-05, -1.5734625776531175e-05, -1.216507916979026e-05, -8.595532563049346e-06, -5.025984137319028e-06, -1.4564366210834123e-06, 2.1131108951522037e-06, 5.68265841138782e-06, 9.252205927623436e-06, 1.2821754353353754e-05, 1.6391300960094668e-05, 1.9960847566835582e-05, 2.3530403268523514e-05, 2.7099951694253832e-05, 3.066950011998415e-05, 3.423904490773566e-05, 3.780859333346598e-05, 4.1378141759196296e-05, 4.494768654694781e-05, 4.8517234972678125e-05, 5.208678339840844e-05, 5.565633182413876e-05, 5.922588024986908e-05, 6.27954286755994e-05, 6.63649698253721e-05, 6.993452552706003e-05, 7.350406667683274e-05, 7.707361510256305e-05, 8.064316352829337e-05, 8.421271195402369e-05, 8.778226037975401e-05, 9.135180880548432e-05, 9.492135723121464e-05, 9.849089838098735e-05, 0.00010206044680671766, 0.00010562999523244798, 0.0001091995436581783, 0.00011276909208390862, 0.00011633864050963894, 0.00011990818893536925, 0.00012347773008514196, 0.0001270472857868299, 0.0001306168269366026, 0.00013418638263829052, 0.00013775592378806323]}, "gradients/linear.weight": {"_type": "histogram", "values": [1.0, 0.0, 0.0, 0.0, 0.0, 1.0, 0.0, 1.0, 1.0, 1.0, 1.0, 0.0, 1.0, 4.0, 5.0, 7.0, 3.0, 7.0, 12.0, 9.0, 10.0, 20.0, 26.0, 38.0, 20.0, 47.0, 45.0, 53.0, 53.0, 54.0, 82.0, 72.0, 91.0, 69.0, 80.0, 77.0, 75.0, 70.0, 44.0, 65.0, 62.0, 44.0, 49.0, 52.0, 33.0, 33.0, 29.0, 13.0, 18.0, 15.0, 10.0, 5.0, 6.0, 4.0, 1.0, 4.0, 5.0, 2.0, 1.0, 2.0, 1.0, 0.0, 0.0, 2.0], "bins": [-0.00020884642435703427, -0.00020281309843994677, -0.00019677975797094405, -0.00019074643205385655, -0.00018471310613676906, -0.00017867976566776633, -0.00017264643975067884, -0.00016661311383359134, -0.00016057977336458862, -0.00015454644744750112, -0.0001485131069784984, -0.0001424797810614109, -0.00013644644059240818, -0.00013041311467532068, -0.0001243797887582332, -0.00011834645556518808, -0.00011231312237214297, -0.00010627978917909786, -0.00010024645598605275, -9.421313006896526e-05, -8.817979687592015e-05, -8.214646368287504e-05, -7.611313776578754e-05, -7.007980457274243e-05, -6.404647137969732e-05, -5.801313818665221e-05, -5.197980863158591e-05, -4.594647907651961e-05, -3.99131458834745e-05, -3.387981269042939e-05, -2.7846483135363087e-05, -2.1813153580296785e-05, -1.5779820387251675e-05, -9.74648901319597e-06, -3.713157639140263e-06, 2.3201737349154428e-06, 8.353505108971149e-06, 1.4386836483026855e-05, 2.042016785708256e-05, 2.6453497412148863e-05, 3.248683060519397e-05, 3.852016379823908e-05, 4.4553493353305385e-05, 5.058682290837169e-05, 5.6620156101416796e-05, 6.26534892944619e-05, 6.86868152115494e-05, 7.472014840459451e-05, 8.075348159763962e-05, 8.678681479068473e-05, 9.282014798372984e-05, 9.885347390081733e-05, 0.00010488680709386244, 0.00011092014028690755, 0.00011695346620399505, 0.00012298679212108254, 0.00012902013259008527, 0.00013505345850717276, 0.0001410867989761755, 0.00014712012489326298, 0.0001531534653622657, 0.0001591867912793532, 0.0001652201171964407, 0.00017125345766544342, 0.00017728678358253092]}, "gradients/gru_block.bias_hh_l0": {"_type": "histogram", "values": [1.0, 0.0, 0.0, 0.0, 0.0, 0.0, 1.0, 0.0, 0.0, 1.0, 1.0, 0.0, 1.0, 2.0, 0.0, 1.0, 1.0, 1.0, 3.0, 0.0, 0.0, 4.0, 6.0, 2.0, 3.0, 5.0, 6.0, 4.0, 10.0, 12.0, 20.0, 16.0, 28.0, 42.0, 66.0, 40.0, 28.0, 21.0, 7.0, 9.0, 4.0, 11.0, 6.0, 1.0, 1.0, 3.0, 2.0, 3.0, 2.0, 1.0, 1.0, 0.0, 2.0, 2.0, 0.0, 0.0, 0.0, 1.0, 0.0, 0.0, 0.0, 0.0, 1.0, 1.0], "bins": [-8.323241490870714e-05, -8.077607344603166e-05, -7.831973198335618e-05, -7.586339779663831e-05, -7.340705633396283e-05, -7.095071487128735e-05, -6.849438068456948e-05, -6.6038039221894e-05, -6.358169775921851e-05, -6.112535629654303e-05, -5.866901847184636e-05, -5.621268064714968e-05, -5.37563391844742e-05, -5.129999772179872e-05, -4.884365989710204e-05, -4.638732207240537e-05, -4.3930980609729886e-05, -4.1474639147054404e-05, -3.901830132235773e-05, -3.6561963497661054e-05, -3.410562203498557e-05, -3.164928057231009e-05, -2.9192942747613415e-05, -2.6736603103927337e-05, -2.4280263460241258e-05, -2.182392381655518e-05, -1.93675841728691e-05, -1.6911244529183023e-05, -1.4454904885496944e-05, -1.1998565241810866e-05, -9.542225598124787e-06, -7.085885954438709e-06, -4.62954631075263e-06, -2.1732066670665517e-06, 2.8313297661952674e-07, 2.7394726203056052e-06, 5.195812263991684e-06, 7.652151907677762e-06, 1.010849155136384e-05, 1.256483119504992e-05, 1.5021170838735998e-05, 1.7477510482422076e-05, 1.9933850126108155e-05, 2.2390189769794233e-05, 2.484652941348031e-05, 2.730286905716639e-05, 2.975920870085247e-05, 3.2215546525549144e-05, 3.4671887988224626e-05, 3.712822945090011e-05, 3.958456727559678e-05, 4.204090510029346e-05, 4.449724656296894e-05, 4.695358802564442e-05, 4.9409925850341097e-05, 5.186626367503777e-05, 5.4322605137713253e-05, 5.6778946600388736e-05, 5.923528442508541e-05, 6.169162224978209e-05, 6.414796371245757e-05, 6.660430517513305e-05, 6.906063936185092e-05, 7.15169808245264e-05, 7.397332228720188e-05]}, "gradients/gru_block.weight_hh_l0": {"_type": "histogram", "values": [1.0, 0.0, 0.0, 0.0, 0.0, 0.0, 1.0, 1.0, 3.0, 8.0, 5.0, 5.0, 13.0, 18.0, 37.0, 36.0, 49.0, 76.0, 87.0, 123.0, 130.0, 239.0, 341.0, 475.0, 717.0, 1009.0, 1644.0, 2987.0, 8024.0, 21372.0, 5129.0, 2337.0, 1380.0, 890.0, 586.0, 432.0, 282.0, 178.0, 127.0, 108.0, 73.0, 73.0, 37.0, 38.0, 28.0, 11.0, 15.0, 9.0, 4.0, 2.0, 4.0, 4.0, 2.0, 0.0, 0.0, 1.0, 0.0, 0.0, 0.0, 0.0, 0.0, 0.0, 0.0, 1.0],