{"train_loss_d1": 2.052067995071411, "train_H_d1": 8.94192886352539, "test_loss_d1": 1.8346136808395386, "test_H_d1": 7.343275547027588, "_timestamp": 1723223712.408834, "_runtime": 23.51761507987976, "_step": 0, "_wandb": {"runtime": 32}}