{"train_loss": 0.0023389740381389856, "train_grad": 0.0021697755437344313, "test_loss": 0.002628014888614416, "test_grad": 0.0023736776784062386, "_timestamp": 1717542780.9527717, "_runtime": 238.76223754882812, "_step": 127, "gradients/net.0.weight": {"_type": "histogram", "values": [1.0, 0.0, 1.0, 2.0, 0.0, 1.0, 3.0, 4.0, 1.0, 3.0, 8.0, 9.0, 7.0, 19.0, 16.0, 24.0, 34.0, 35.0, 45.0, 57.0, 64.0, 79.0, 84.0, 123.0, 134.0, 162.0, 212.0, 248.0, 271.0, 228.0, 207.0, 187.0, 156.0, 128.0, 105.0, 97.0, 70.0, 51.0, 39.0, 34.0, 22.0, 22.0, 16.0, 10.0, 9.0, 10.0, 8.0, 2.0, 4.0, 3.0, 8.0, 4.0, 0.0, 1.0, 1.0, 1.0, 0.0, 0.0, 1.0, 0.0, 0.0, 0.0, 0.0, 1.0], "bins": [-0.0005930818151682615, -0.000572355929762125, -0.0005516301025636494, -0.0005309042171575129, -0.0005101783899590373, -0.0004894525045529008, -0.0004687266191467643, -0.0004480007628444582, -0.00042727490654215217, -0.0004065490502398461, -0.00038582319393754005, -0.00036509730853140354, -0.0003443714522290975, -0.00032364559592679143, -0.0003029197105206549, -0.00028219385421834886, -0.0002614679979160428, -0.00024074214161373675, -0.00022001627075951546, -0.00019929039990529418, -0.00017856454360298812, -0.00015783868730068207, -0.00013711281644646078, -0.0001163869455922395, -9.566108928993344e-05, -7.493522571166977e-05, -5.42093621334061e-05, -3.348349855514243e-05, -1.2757634976878762e-05, 7.968228601384908e-06, 2.8694092179648578e-05, 4.941996303386986e-05, 7.014581933617592e-05, 9.087168291443959e-05, 0.00011159754649270326, 0.00013232341734692454, 0.0001530492736492306, 0.00017377512995153666, 0.00019450100080575794, 0.00021522687165997922, 0.00023595272796228528, 0.00025667858426459134, 0.0002774044405668974, 0.0002981303259730339, 0.00031885618227533996, 0.000339582038577646, 0.00036030792398378253, 0.0003810337802860886, 0.00040175963658839464, 0.0004224854928907007, 0.00044321134919300675, 0.00046393723459914327, 0.0004846630909014493, 0.0005053889472037554, 0.0005261148326098919, 0.0005468407180160284, 0.000567566545214504, 0.0005882924306206405, 0.0006090182578191161, 0.0006297441432252526, 0.0006504700286313891, 0.0006711958558298647, 0.0006919217412360013, 0.0007126475684344769, 0.0007333734538406134]}, "gradients/net.2.weight": {"_type": "histogram", "values": [1.0, 0.0, 2.0, 0.0, 1.0, 0.0, 2.0, 0.0, 4.0, 0.0, 3.0, 6.0, 6.0, 9.0, 16.0, 20.0, 21.0, 20.0, 44.0, 61.0, 90.0, 141.0, 224.0, 379.0, 617.0, 1003.0, 1891.0, 3630.0, 7547.0, 18126.0, 16958.0, 7045.0, 3361.0, 1756.0, 1011.0, 558.0, 324.0, 204.0, 161.0, 91.0, 67.0, 33.0, 37.0, 17.0, 9.0, 6.0, 9.0, 6.0, 7.0, 3.0, 2.0, 0.0, 3.0, 1.0, 1.0, 0.0, 0.0, 0.0, 0.0, 0.0, 1.0, 0.0, 0.0, 1.0], "bins": [-0.0003502655017655343, -0.0003385751915629953, -0.00032688488136045635, -0.0003151945711579174, -0.00030350429005920887, -0.0002918139798566699, -0.00028012366965413094, -0.00026843335945159197, -0.000256743049249053, -0.00024505273904651403, -0.00023336242884397507, -0.00022167213319335133, -0.00020998182299081236, -0.0001982915127882734, -0.00018660121713764966, -0.0001749109069351107, -0.00016322059673257172, -0.00015153028653003275, -0.0001398399763274938, -0.00012814968067687005, -0.00011645937047433108, -0.00010476906027179211, -9.307875734521076e-05, -8.138845441862941e-05, -6.969814421609044e-05, -5.800783765153028e-05, -4.631753108697012e-05, -3.462722452240996e-05, -2.29369179578498e-05, -1.124661139328964e-05, 4.436951712705195e-07, 1.2133998097851872e-05, 2.3824279196560383e-05, 3.551458576112054e-05, 4.72048923256807e-05, 5.889519889024086e-05, 7.058550545480102e-05, 8.227581565733999e-05, 9.396611858392134e-05, 0.0001056564215105027, 0.00011734673171304166, 0.00012903704191558063, 0.0001407273521181196, 0.00015241764776874334, 0.0001641079579712823, 0.00017579826817382127, 0.000187488563824445, 0.00019917887402698398, 0.00021086918422952294, 0.0002225594944320619, 0.00023424980463460088, 0.00024594011483713984, 0.0002576304250396788, 0.0002693207061383873, 0.0002810110163409263, 0.00029270132654346526, 0.0003043916367460042, 0.0003160819469485432, 0.00032777225715108216, 0.0003394625673536211, 0.00035115284845232964, 0.0003628431586548686, 0.00037453346885740757, 0.00038622377905994654, 0.0003979140892624855]}, "gradients/net.4.bias": {"_type": "histogram", "values": [1.0, 0.0, 0.0, 0.0, 0.0, 0.0, 0.0, 0.0, 0.0, 0.0, 0.0, 0.0, 1.0, 0.0, 0.0, 0.0, 0.0, 0.0, 0.0, 0.0, 1.0, 0.0, 1.0, 0.0, 0.0, 0.0, 0.0, 0.0, 0.0, 0.0, 0.0, 0.0, 0.0, 1.0, 0.0, 0.0, 0.0, 0.0, 0.0, 0.0, 0.0, 0.0, 0.0, 1.0, 1.0, 0.0, 1.0, 0.0, 1.0, 0.0, 0.0, 1.0, 0.0, 0.0, 0.0, 0.0, 0.0, 0.0, 1.0, 0.0, 0.0, 0.0, 0.0, 1.0], "bins": [-0.0016698846593499184, -0.0016261920100077987, -0.001582499360665679, -0.0015388067113235593, -0.0014951140619814396, -0.00145142141263932, -0.0014077287632972002, -0.0013640361139550805, -0.0013203434646129608, -0.0012766508152708411, -0.0012329581659287214, -0.0011892655165866017, -0.001145572867244482, -0.0011018802179023623, -0.0010581875685602427, -0.001014494919218123, -0.0009708022698760033, -0.0009271096205338836, -0.0008834169711917639, -0.0008397243218496442, -0.0007960316725075245, -0.0007523390231654048, -0.0007086463738232851, -0.0006649537244811654, -0.0006212610751390457, -0.000577568425796926, -0.0005338757764548063, -0.0004901831271126866, -0.00044649047777056694, -0.00040279782842844725, -0.00035910517908632755, -0.00031541252974420786, -0.00027171999681741, -0.0002280273474752903, -0.0001843346981331706, -0.0001406420487910509, -9.694939944893122e-05, -5.3256750106811523e-05, -9.56410076469183e-06, 3.4128548577427864e-05, 7.782119791954756e-05, 0.00012151384726166725, 0.00016520649660378695, 0.00020889914594590664, 0.00025259179528802633, 0.000296284444630146, 0.0003399770939722657, 0.0003836697433143854, 0.0004273623926565051, 0.0004710550419986248, 0.0005147476913407445, 0.0005584403406828642, 0.0006021329900249839, 0.0006458256393671036, 0.0006895182887092233, 0.000733210938051343, 0.0007769035873934627, 0.0008205962367355824, 0.000864288886077702, 0.0009079815354198217, 0.0009516741847619414, 0.0009953668341040611, 0.0010390594834461808, 0.0010827521327883005, 0.0011264447821304202]}, "gradients/net.4.weight": {"_type": "histogram", "values": [1.0, 0.0, 0.0, 1.0, 0.0, 2.0, 3.0, 1.0, 0.0, 1.0, 0.0, 3.0, 1.0, 1.0, 2.0, 5.0, 9.0, 6.0, 14.0, 10.0, 10.0, 25.0, 25.0, 25.0, 32.0, 32.0, 46.0, 79.0, 92.0, 102.0, 120.0, 159.0, 229.0, 314.0, 355.0, 324.0, 223.0, 183.0, 147.0, 106.0, 91.0, 79.0, 64.0, 35.0, 32.0, 24.0, 17.0, 10.0, 10.0, 8.0, 4.0, 3.0, 0.0, 1.0, 2.0, 2.0, 0.0, 0.0, 0.0, 1.0, 0.0, 0.0, 0.0, 1.0],