{"parameters/net.0.fc.weight": {"_type": "histogram", "values": [1.0, 0.0, 0.0, 0.0, 0.0, 0.0, 0.0, 0.0, 0.0, 0.0, 1.0, 0.0, 0.0, 0.0, 0.0, 0.0, 1.0, 0.0, 0.0, 1.0, 0.0, 0.0, 2.0, 1.0, 3.0, 4.0, 3.0, 4.0, 8.0, 7.0, 8.0, 11.0, 18.0, 13.0, 8.0, 6.0, 3.0, 6.0, 11.0, 10.0, 9.0, 11.0, 7.0, 9.0, 14.0, 14.0, 12.0, 9.0, 9.0, 7.0, 5.0, 4.0, 5.0, 3.0, 2.0, 0.0, 1.0, 2.0, 0.0, 0.0, 0.0, 1.0, 1.0, 1.0], "bins": [-0.7429957985877991, -0.7239565849304199, -0.704917311668396, -0.6858780980110168, -0.6668388843536377, -0.6477996110916138, -0.6287603974342346, -0.6097211241722107, -0.5906819105148315, -0.5716426968574524, -0.5526034235954285, -0.5335642099380493, -0.5145249366760254, -0.49548572301864624, -0.4764465093612671, -0.45740726590156555, -0.438368022441864, -0.4193287789821625, -0.40028953552246094, -0.3812503218650818, -0.36221107840538025, -0.3431718349456787, -0.32413262128829956, -0.305093377828598, -0.2860541343688965, -0.26701489090919495, -0.2479756623506546, -0.22893643379211426, -0.20989719033241272, -0.19085794687271118, -0.17181871831417084, -0.1527794897556305, -0.13374027609825134, -0.1147010400891304, -0.09566180408000946, -0.07662256807088852, -0.05758333206176758, -0.03854409605264664, -0.019504860043525696, -0.00046562403440475464, 0.018573611974716187, 0.03761284798383713, 0.05665208399295807, 0.07569132000207901, 0.09473055601119995, 0.11376979202032089, 0.13280902802944183, 0.15184825658798218, 0.17088750004768372, 0.18992674350738525, 0.2089659720659256, 0.22800520062446594, 0.24704444408416748, 0.266083687543869, 0.28512293100357056, 0.3041621446609497, 0.32320138812065125, 0.3422406315803528, 0.36127984523773193, 0.38031908869743347, 0.399358332157135, 0.41839757561683655, 0.4374368190765381, 0.45647603273391724, 0.4755152761936188]}, "_timestamp": 1723033821.7127519, "parameters/net.0.attn_fc.weight": {"_type": "histogram", "values": [1.0, 0.0, 0.0, 0.0, 0.0, 1.0, 0.0, 2.0, 0.0, 0.0, 1.0, 2.0, 4.0, 2.0, 1.0, 4.0, 2.0, 5.0, 3.0, 1.0, 8.0, 3.0, 9.0, 7.0, 7.0, 8.0, 11.0, 8.0, 6.0, 13.0, 10.0, 12.0, 4.0, 9.0, 12.0, 8.0, 10.0, 11.0, 4.0, 5.0, 8.0, 8.0, 6.0, 4.0, 7.0, 3.0, 2.0, 2.0, 3.0, 5.0, 2.0, 2.0, 3.0, 0.0, 1.0, 0.0, 2.0, 0.0, 2.0, 0.0, 0.0, 0.0, 0.0, 2.0], "bins": [-0.37445998191833496, -0.3629037141799927, -0.3513474464416504, -0.3397911787033081, -0.3282349109649658, -0.31667864322662354, -0.30512237548828125, -0.29356610774993896, -0.2820098400115967, -0.2704535722732544, -0.2588973045349121, -0.24734103679656982, -0.23578476905822754, -0.22422850131988525, -0.21267223358154297, -0.20111596584320068, -0.1895596981048584, -0.1780034303665161, -0.16644716262817383, -0.15489089488983154, -0.14333462715148926, -0.13177835941314697, -0.12022209167480469, -0.1086658239364624, -0.09710955619812012, -0.08555328845977783, -0.07399702072143555, -0.06244075298309326, -0.05088448524475098, -0.03932821750640869, -0.027771949768066406, -0.01621568202972412, -0.004659414291381836, 0.006896853446960449, 0.018453121185302734, 0.03000938892364502, 0.041565656661987305, 0.05312192440032959, 0.06467819213867188, 0.07623445987701416, 0.08779072761535645, 0.09934699535369873, 0.11090326309204102, 0.1224595308303833, 0.13401579856872559, 0.14557206630706787, 0.15712833404541016, 0.16868460178375244, 0.18024086952209473, 0.191797137260437, 0.2033534049987793, 0.21490967273712158, 0.22646594047546387, 0.23802220821380615, 0.24957847595214844, 0.2611347436904907, 0.272691011428833, 0.2842472791671753, 0.2958035469055176, 0.30735981464385986, 0.31891608238220215, 0.33047235012054443, 0.3420286178588867, 0.353584885597229, 0.3651411533355713]}, "parameters/net.2.fc.weight": {"_type": "histogram", "values": [1.0, 0.0, 0.0, 1.0, 1.0, 2.0, 4.0, 3.0, 1.0, 2.0, 1.0, 8.0, 3.0, 5.0, 4.0, 11.0, 7.0, 8.0, 10.0, 21.0, 14.0, 20.0, 17.0, 23.0, 15.0, 20.0, 30.0, 35.0, 23.0, 34.0, 26.0, 27.0, 28.0, 23.0, 34.0, 31.0, 22.0, 22.0, 24.0, 27.0, 26.0, 29.0, 18.0, 22.0, 17.0, 11.0, 12.0, 8.0, 7.0, 6.0, 1.0, 5.0, 2.0, 3.0, 2.0, 1.0, 3.0, 0.0, 0.0, 1.0, 2.0, 1.0, 1.0, 2.0], "bins": [-0.5854853391647339, -0.5674152374267578, -0.5493451356887817, -0.5312750935554504, -0.5132049918174744, -0.4951348900794983, -0.4770648181438446, -0.4589947462081909, -0.44092464447021484, -0.42285454273223877, -0.4047844707965851, -0.3867143988609314, -0.3686442971229553, -0.35057419538497925, -0.33250412344932556, -0.3144340515136719, -0.2963639497756958, -0.2782938480377197, -0.26022377610206604, -0.24215368926525116, -0.22408360242843628, -0.2060135155916214, -0.18794342875480652, -0.16987334191799164, -0.15180325508117676, -0.13373316824436188, -0.115663081407547, -0.09759299457073212, -0.07952290773391724, -0.061452820897102356, -0.043382734060287476, -0.025312647223472595, -0.007242560386657715, 0.010827526450157166, 0.028897613286972046, 0.046967700123786926, 0.0650377869606018, 0.08310787379741669, 0.10117796063423157, 0.11924804747104645, 0.13731813430786133, 0.1553882211446762, 0.1734583079814911, 0.19152839481830597, 0.20959848165512085, 0.22766856849193573, 0.2457386553287506, 0.2638087272644043, 0.28187882900238037, 0.29994893074035645, 0.31801900267601013, 0.3360890746116638, 0.3541591763496399, 0.37222927808761597, 0.39029935002326965, 0.40836942195892334, 0.4264395236968994, 0.4445096254348755, 0.4625796973705292, 0.48064976930618286, 0.49871987104415894, 0.516789972782135, 0.5348600149154663, 0.5529301166534424, 0.5710002183914185]}, "parameters/net.2.attn_fc.weight": {"_type": "histogram", "values": [1.0, 0.0, 0.0, 0.0, 0.0, 3.0, 0.0, 1.0, 0.0, 1.0, 0.0, 0.0, 0.0, 2.0, 0.0, 0.0, 0.0, 0.0, 0.0, 0.0, 0.0, 0.0, 0.0, 0.0, 0.0, 0.0, 0.0, 0.0, 0.0, 0.0, 0.0, 0.0, 0.0, 0.0, 0.0, 0.0, 0.0, 0.0, 1.0, 0.0, 0.0, 0.0, 1.0, 1.0, 0.0, 0.0, 0.0, 0.0, 0.0, 0.0, 0.0, 0.0, 0.0, 0.0, 0.0, 0.0, 0.0, 0.0, 0.0, 0.0, 0.0, 0.0, 0.0, 1.0], "bins": [-0.4803300201892853, -0.4675365090370178, -0.45474302768707275, -0.4419495463371277, -0.42915603518486023, -0.4163625240325928, -0.4035690426826477, -0.39077556133270264, -0.3779820501804352, -0.3651885390281677, -0.35239505767822266, -0.3396015763282776, -0.32680806517601013, -0.3140145540237427, -0.3012210726737976, -0.28842759132385254, -0.2756340801715851, -0.2628405690193176, -0.25004708766937256, -0.2372535914182663, -0.22446009516716003, -0.21166659891605377, -0.1988731026649475, -0.18607960641384125, -0.17328611016273499, -0.16049261391162872, -0.14769911766052246, -0.1349056214094162, -0.12211212515830994, -0.10931862890720367, -0.09652513265609741, -0.08373163640499115, -0.0709381103515625, -0.05814461410045624, -0.045351117849349976, -0.03255762159824371, -0.01976412534713745, -0.006970629096031189, 0.005822867155075073, 0.018616363406181335, 0.0314098596572876, 0.04420335590839386, 0.05699685215950012, 0.06979034841060638, 0.08258384466171265, 0.09537734091281891, 0.10817083716392517, 0.12096433341503143, 0.1337578296661377, 0.14655132591724396, 0.15934482216835022, 0.17213831841945648, 0.18493181467056274, 0.197725310921669, 0.21051880717277527, 0.22331230342388153, 0.2361057996749878, 0.24889929592609406, 0.2616927921772003, 0.2744863033294678, 0.28727978467941284, 0.3000732660293579, 0.31286677718162537, 0.3256602883338928, 0.3384537696838379]}, "train_loss_d1": 8.15036678314209, "train_H_d1": 8.031962394714355, "test_loss_d1": 1.9546055793762207, "test_H_d1": 7.645879745483398, "_runtime": 1443.9961009025574, "_step": 26, "_wandb": {"runtime": 1471}}