{"train_loss": 7.494653982575983e-05, "train_grad": 1.671052632445935e-05, "test_loss": 7.53879503463395e-05, "test_grad": 1.628874997550156e-05, "_timestamp": 1717624580.739635, "_runtime": 502.136442899704, "_step": 49, "gradients/net.0.weight": {"_type": "histogram", "values": [1.0, 1.0, 0.0, 0.0, 1.0, 2.0, 1.0, 1.0, 3.0, 4.0, 4.0, 8.0, 5.0, 8.0, 9.0, 8.0, 16.0, 27.0, 20.0, 35.0, 46.0, 37.0, 48.0, 56.0, 68.0, 89.0, 114.0, 106.0, 122.0, 113.0, 122.0, 129.0, 138.0, 139.0, 147.0, 138.0, 144.0, 125.0, 137.0, 112.0, 112.0, 107.0, 87.0, 79.0, 76.0, 65.0, 46.0, 35.0, 28.0, 27.0, 20.0, 18.0, 16.0, 12.0, 12.0, 13.0, 4.0, 7.0, 7.0, 7.0, 3.0, 3.0, 1.0, 3.0], "bins": [-0.0001578286028234288, -0.00015323776460718364, -0.00014864691183902323, -0.00014405607362277806, -0.00013946523540653288, -0.00013487438263837248, -0.0001302835444221273, -0.0001256926916539669, -0.00012110185343772173, -0.00011651100794551894, -0.00011192016245331615, -0.00010732932423707098, -0.00010273847874486819, -9.81476332526654e-05, -9.355679503642023e-05, -8.896594954421744e-05, -8.437510405201465e-05, -7.978425855981186e-05, -7.519341306760907e-05, -7.06025748513639e-05, -6.601172935916111e-05, -6.142088386695832e-05, -5.683004201273434e-05, -5.223920015851036e-05, -4.764835466630757e-05, -4.305750917410478e-05, -3.84666673198808e-05, -3.387582546565682e-05, -2.928497997345403e-05, -2.4694136300240643e-05, -2.0103292627027258e-05, -1.5512450772803277e-05, -1.0921605280600488e-05, -6.330761607387103e-06, -1.739917934173718e-06, 2.850925739039667e-06, 7.441769412253052e-06, 1.2032613085466437e-05, 1.6623456758679822e-05, 2.1214298612903804e-05, 2.5805144105106592e-05, 3.0395987778319977e-05, 3.498683145153336e-05, 3.9577673305757344e-05, 4.416851879796013e-05, 4.875936429016292e-05, 5.33502061443869e-05, 5.7941047998610884e-05, 6.253189349081367e-05, 6.712273898301646e-05, 7.171358447521925e-05, 7.630442269146442e-05, 8.089526818366721e-05, 8.548611367587e-05, 9.007695189211518e-05, 9.466779738431796e-05, 9.925864287652075e-05, 0.00010384948836872354, 0.00010844033386092633, 0.0001130311720771715, 0.00011762201756937429, 0.00012221286306157708, 0.00012680370127782226, 0.00013139453949406743, 0.00013598539226222783]}, "gradients/net.2.weight": {"_type": "histogram", "values": [2.0, 0.0, 0.0, 0.0, 1.0, 0.0, 2.0, 6.0, 5.0, 5.0, 6.0, 8.0, 21.0, 25.0, 37.0, 40.0, 45.0, 80.0, 119.0, 168.0, 247.0, 318.0, 520.0, 719.0, 1179.0, 1713.0, 2616.0, 4055.0, 6336.0, 9994.0, 11946.0, 9009.0, 5635.0, 3683.0, 2362.0, 1476.0, 1003.0, 665.0, 434.0, 327.0, 205.0, 165.0, 108.0, 63.0, 46.0, 35.0, 27.0, 23.0, 13.0, 16.0, 9.0, 4.0, 2.0, 5.0, 1.0, 0.0, 2.0, 1.0, 0.0, 1.0, 1.0, 1.0, 0.0, 1.0], "bins": [-8.97216159501113e-05, -8.676732977619395e-05, -8.38130436022766e-05, -8.085875015240163e-05, -7.790446397848427e-05, -7.495017780456692e-05, -7.199589163064957e-05, -6.904160545673221e-05, -6.608731928281486e-05, -6.313303310889751e-05, -6.017874329700135e-05, -5.7224457123083994e-05, -5.427017094916664e-05, -5.131588113727048e-05, -4.836159496335313e-05, -4.5407308789435774e-05, -4.2453018977539614e-05, -3.949873280362226e-05, -3.65444429917261e-05, -3.359015681780875e-05, -3.0635870643891394e-05, -2.7681582650984637e-05, -2.472729465807788e-05, -2.1773008484160528e-05, -1.881872049125377e-05, -1.5864432498347014e-05, -1.2910146324429661e-05, -9.955858331522904e-06, -7.001571248110849e-06, -4.0472841646987945e-06, -1.0929961717920378e-06, 1.8612900021253154e-06, 4.815577995032072e-06, 7.769865078444127e-06, 1.0724152161856182e-05, 1.3678440154762939e-05, 1.6632726328680292e-05, 1.958701432158705e-05, 2.2541302314493805e-05, 2.549558848841116e-05, 2.8449876481317915e-05, 3.140416447422467e-05, 3.4358450648142025e-05, 3.7312740460038185e-05, 4.026702663395554e-05, 4.322131280787289e-05, 4.6175598981790245e-05, 4.91298851557076e-05, 5.208417496760376e-05, 5.503846114152111e-05, 5.799275095341727e-05, 6.0947037127334625e-05, 6.390132330125198e-05, 6.685560947516933e-05, 6.98099029250443e-05, 7.276418909896165e-05, 7.5718475272879e-05, 7.867276144679636e-05, 8.162704762071371e-05, 8.458133379463106e-05, 8.753562724450603e-05, 9.048991341842338e-05, 9.344419959234074e-05, 9.639848576625809e-05, 9.935277194017544e-05]}, "gradients/net.4.bias": {"_type": "histogram", "values": [1.0, 0.0, 0.0, 0.0, 0.0, 0.0, 0.0, 0.0, 0.0, 0.0, 0.0, 0.0, 0.0, 0.0, 0.0, 0.0, 0.0, 2.0, 0.0, 0.0, 0.0, 0.0, 0.0, 0.0, 0.0, 0.0, 0.0, 0.0, 0.0, 0.0, 1.0, 1.0, 0.0, 0.0, 1.0, 0.0, 0.0, 1.0, 0.0, 0.0, 1.0, 0.0, 1.0, 0.0, 0.0, 0.0, 0.0, 0.0, 0.0, 0.0, 0.0, 0.0, 0.0, 0.0, 0.0, 0.0, 0.0, 0.0, 1.0, 0.0, 0.0, 1.0, 0.0, 1.0], "bins": [-0.00031454989220947027, -0.0003041602030862123, -0.0002937704848591238, -0.00028338079573586583, -0.00027299110661260784, -0.00026260141748934984, -0.0002522116992622614, -0.0002418220101390034, -0.00023143230646383017, -0.00022104260278865695, -0.00021065291366539896, -0.00020026320999022573, -0.0001898735063150525, -0.00017948381719179451, -0.0001690941135166213, -0.00015870440984144807, -0.00014831472071819007, -0.00013792501704301685, -0.00012753532791975886, -0.00011714562424458563, -0.00010675592784537002, -9.636623144615442e-05, -8.597652777098119e-05, -7.558683137176558e-05, -6.519713497254997e-05, -5.4807438573334366e-05, -4.441773853613995e-05, -3.4028038498945534e-05, -2.3638342099729925e-05, -1.3248645700514317e-05, -2.8589420253410935e-06, 7.530754373874515e-06, 1.7920450773090124e-05, 2.8310148991295137e-05, 3.869984720950015e-05, 4.9089547246694565e-05, 5.9479243645910174e-05, 6.986894004512578e-05, 8.0258643720299e-05, 9.064834011951461e-05, 0.00010103803651873022, 0.00011142773291794583, 0.00012181742931716144, 0.00013220713299233466, 0.0001425968366675079, 0.00015298652579076588, 0.0001633762294659391, 0.00017376593314111233, 0.00018415562226437032, 0.00019454532593954355, 0.00020493501506280154, 0.00021532471873797476, 0.00022571440786123276, 0.00023610411153640598, 0.0002464938152115792, 0.0002568835043348372, 0.00026727322256192565, 0.00027766291168518364, 0.0002880526299122721, 0.0002984423190355301, 0.0003088320081587881, 0.0003192216972820461, 0.00032961141550913453, 0.0003400011046323925, 0.0003503907937556505]}, "gradients/net.4.weight": {"_type": "histogram", "values": [1.0, 0.0, 0.0, 0.0, 0.0, 0.0, 3.0, 0.0, 3.0, 1.0, 4.0, 4.0, 12.0, 7.0, 5.0, 8.0, 15.0, 15.0, 16.0, 28.0, 15.0, 26.0, 23.0, 39.0, 46.0, 61.0, 58.0, 93.0, 102.0, 124.0, 176.0, 236.0, 232.0, 203.0, 203.0, 199.0, 193.0, 150.0, 128.0, 121.0, 130.0, 83.0, 66.0, 47.0, 41.0, 33.0, 27.0, 27.0, 10.0, 8.0, 15.0, 8.0, 8.0, 4.0, 2.0, 1.0, 3.0, 5.0, 0.0, 1.0, 2.0, 0.0, 0.0, 1.0],