{"train_loss": 11.91253662109375, "test_loss": 11.783475875854492, "_timestamp": 1717445091.8521867, "_runtime": 20.219911575317383, "_step": 99, "gradients/net.4.bias": {"_type": "histogram", "values": [1.0, 0.0, 0.0, 0.0, 0.0, 0.0, 0.0, 1.0, 0.0, 0.0, 0.0, 0.0, 0.0, 0.0, 0.0, 0.0, 0.0, 0.0, 0.0, 0.0, 0.0, 0.0, 0.0, 0.0, 0.0, 1.0, 1.0, 0.0, 0.0, 1.0, 0.0, 0.0, 2.0, 0.0, 0.0, 0.0, 0.0, 1.0, 0.0, 2.0, 0.0, 0.0, 0.0, 1.0, 0.0, 0.0, 0.0, 0.0, 0.0, 0.0, 0.0, 0.0, 0.0, 0.0, 0.0, 0.0, 0.0, 0.0, 0.0, 0.0, 0.0, 0.0, 0.0, 1.0], "bins": [-0.041457969695329666, -0.04008978232741356, -0.03872159868478775, -0.03735341131687164, -0.035985227674245834, -0.03461704030632973, -0.03324885666370392, -0.03188066929578781, -0.030512483790516853, -0.029144298285245895, -0.027776112779974937, -0.02640792727470398, -0.025039739906787872, -0.023671556264162064, -0.022303368896245956, -0.020935183390975, -0.01956699788570404, -0.018198812380433083, -0.016830626875162125, -0.015462440438568592, -0.014094254933297634, -0.012726069428026676, -0.011357882991433144, -0.009989697486162186, -0.008621511980891228, -0.00725332647562027, -0.0058851405046880245, -0.004516954533755779, -0.0031487690284848213, -0.0017805835232138634, -0.0004123970866203308, 0.0009557884186506271, 0.0023239776492118835, 0.003692163387313485, 0.005060349125415087, 0.006428535096347332, 0.00779672060161829, 0.009164906106889248, 0.01053309254348278, 0.011901278048753738, 0.013269463554024696, 0.014637649059295654, 0.016005834564566612, 0.01737402006983757, 0.018742207437753677, 0.020110391080379486, 0.021478578448295593, 0.02284676395356655, 0.02421494945883751, 0.025583134964108467, 0.026951320469379425, 0.028319507837295532, 0.02968769147992134, 0.031055878847837448, 0.03242406249046326, 0.033792249858379364, 0.03516043722629547, 0.03652862459421158, 0.03789680823683739, 0.039264995604753494, 0.0406331792473793, 0.04200136661529541, 0.04336955398321152, 0.044737737625837326, 0.046105921268463135]}, "gradients/net.4.weight": {"_type": "histogram", "values": [49.0, 74.0, 1.0, 0.0, 0.0, 0.0, 5.0, 105.0, 5.0, 0.0, 0.0, 0.0, 0.0, 116.0, 0.0, 0.0, 239.0, 0.0, 8.0, 107.0, 17.0, 119.0, 136.0, 287.0, 107.0, 79.0, 62.0, 0.0, 0.0, 0.0, 0.0, 0.0, 140.0, 0.0, 13.0, 260.0, 0.0, 0.0, 8.0, 267.0, 9.0, 333.0, 161.0, 4.0, 105.0, 18.0, 0.0, 0.0, 0.0, 0.0, 0.0, 0.0, 0.0, 0.0, 0.0, 0.0, 0.0, 61.0, 48.0, 0.0, 0.0, 0.0, 36.0, 93.0], "bins": [-0.032937195152044296, -0.0318618007004261, -0.030786406248807907, -0.029711011797189713, -0.028635617345571518, -0.027560222893953323, -0.02648482657968998, -0.025409432128071785, -0.02433403767645359, -0.023258643224835396, -0.0221832487732172, -0.021107854321599007, -0.020032458007335663, -0.018957063555717468, -0.017881669104099274, -0.01680627465248108, -0.015730880200862885, -0.01465548574924469, -0.013580091297626495, -0.012504695914685726, -0.011429301463067532, -0.010353907011449337, -0.009278511628508568, -0.008203117176890373, -0.007127722725272179, -0.006052328273653984, -0.004976933356374502, -0.003901538671925664, -0.0028261439874768257, -0.0017507495358586311, -0.0006753546185791492, 0.00040004029870033264, 0.0014754347503185272, 0.0025508294347673655, 0.0036262241192162037, 0.004701619036495686, 0.00577701348811388, 0.006852407939732075, 0.007927803322672844, 0.009003197774291039, 0.010078592225909233, 0.011153986677527428, 0.012229381129145622, 0.013304776512086391, 0.014380170963704586, 0.01545556541532278, 0.01653096079826355, 0.017606355249881744, 0.01868174970149994, 0.019757144153118134, 0.020832538604736328, 0.021907933056354523, 0.022983327507972717, 0.024058721959590912, 0.025134118273854256, 0.02620951272547245, 0.027284907177090645, 0.02836030162870884, 0.029435696080327034, 0.03051109053194523, 0.03158648684620857, 0.03266188129782677, 0.03373727574944496, 0.034812670201063156, 0.03588806465268135]}, "gradients/net.2.bias": {"_type": "histogram", "values": [1.0, 0.0, 1.0, 2.0, 2.0, 2.0, 2.0, 3.0, 8.0, 6.0, 10.0, 8.0, 13.0, 9.0, 13.0, 10.0, 14.0, 9.0, 1.0, 6.0, 4.0, 2.0, 2.0, 0.0, 0.0, 0.0, 0.0, 0.0, 0.0, 0.0, 0.0, 0.0, 0.0, 0.0, 0.0, 0.0, 0.0, 0.0, 0.0, 1.0, 3.0, 3.0, 2.0, 3.0, 2.0, 7.0, 7.0, 7.0, 16.0, 13.0, 6.0, 16.0, 10.0, 11.0, 5.0, 5.0, 4.0, 3.0, 1.0, 0.0, 0.0, 1.0, 1.0, 1.0], "bins": [-0.018535420298576355, -0.01795329712331295, -0.017371175810694695, -0.01678905263543129, -0.016206931322813034, -0.01562480814754963, -0.015042685903608799, -0.014460563659667969, -0.013878441415727139, -0.013296319171786308, -0.012714196927845478, -0.012132074683904648, -0.011549951508641243, -0.010967830196022987, -0.010385707020759583, -0.009803584776818752, -0.009221462532877922, -0.008639340288937092, -0.008057218044996262, -0.007475095335394144, -0.006892973091453314, -0.006310850847512484, -0.005728728137910366, -0.005146605893969536, -0.004564483650028706, -0.003982361406087875, -0.0034002389293164015, -0.0028181164525449276, -0.0022359942086040974, -0.0016538719646632671, -0.0010717494878917933, -0.0004896270111203194, 9.249337017536163e-05, 0.0006746157305315137, 0.0012567380908876657, 0.0018388604512438178, 0.00242098281159997, 0.0030031050555408, 0.003585227532312274, 0.004167350009083748, 0.004749472253024578, 0.005331594496965408, 0.0059137167409062386, 0.006495839450508356, 0.007077961694449186, 0.0076600839383900166, 0.008242206647992134, 0.008824328891932964, 0.009406451135873795, 0.009988573379814625, 0.010570695623755455, 0.011152817867696285, 0.011734940111637115, 0.01231706328690052, 0.01289918553084135, 0.01348130777478218, 0.014063430018723011, 0.014645552262663841, 0.015227674506604671, 0.0158097967505455, 0.016391919925808907, 0.016974041238427162, 0.017556164413690567, 0.018138285726308823, 0.018720408901572227]}, "gradients/net.2.weight": {"_type": "histogram", "values": [31.0, 1223.0, 30659.0, 736.0, 34.0, 2.0, 0.0, 0.0, 0.0, 0.0, 0.0, 0.0, 0.0, 0.0, 0.0, 0.0, 0.0, 0.0, 0.0, 0.0, 0.0, 0.0, 0.0, 0.0, 0.0, 0.0, 0.0, 0.0, 0.0, 0.0, 0.0, 0.0, 0.0, 0.0, 0.0, 0.0, 0.0, 0.0, 0.0, 0.0, 0.0, 0.0, 0.0, 0.0, 0.0, 0.0, 0.0, 0.0, 0.0, 0.0, 0.0, 0.0, 0.0, 0.0, 0.0, 0.0, 0.0, 0.0, 4.0, 48.0, 2071.0, 30234.0, 486.0, 8.0], "bins": [-0.010828780010342598, -0.010489191859960556, -0.010149603709578514, -0.009810015559196472, -0.00947042740881443, -0.009130839258432388, -0.008791251108050346, -0.008451662957668304, -0.008112074807286263, -0.007772486656904221, -0.007432898506522179, -0.007093310356140137, -0.006753722205758095, -0.006414134055376053, -0.006074546370655298, -0.005734958220273256, -0.005395370535552502, -0.00505578238517046, -0.004716194234788418, -0.004376606084406376, -0.004037017934024334, -0.0036974300164729357, -0.0033578420989215374, -0.0030182539485394955, -0.0026786657981574535, -0.0023390776477754116, -0.0019994894973933697, -0.0016599015798419714, -0.0013203134294599295, -0.0009807252790778875, -0.0006411373615264893, -0.0003015492111444473, 3.803987056016922e-05, 0.00037762796273455024, 0.0007172160549089313, 0.0010568040888756514, 0.0013963922392576933, 0.0017359803896397352, 0.0020755683071911335, 0.0024151564575731754, 0.0027547446079552174, 0.0030943327583372593, 0.0034339209087193012, 0.0037735088262706995, 0.004113096743822098, 0.00445268489420414, 0.004792273044586182, 0.005131861194968224, 0.0054714493453502655, 0.0058110374957323074, 0.006150625646114349, 0.006490213796496391, 0.006829801946878433, 0.007169390097260475, 0.00750897778198123, 0.007848566398024559, 0.008188154548406601, 0.008527742698788643, 0.008867330849170685, 0.009206918999552727, 0.009546507149934769, 0.00988609530031681, 0.010225683450698853, 0.010565271601080894, 0.010904858820140362]}, "gradients/net.0.bias": {"_type": "histogram",