{"train_loss": 0.0010655774967744946, "train_grad": 0.00019002356566488743, "test_loss": 0.001899135299026966, "test_grad": 0.00031598989153280854, "_timestamp": 1717583072.2932923, "_runtime": 193.0240113735199, "_step": 499, "gradients/net.0.weight": {"_type": "histogram", "values": [1.0, 0.0, 0.0, 0.0, 0.0, 0.0, 1.0, 0.0, 2.0, 2.0, 3.0, 1.0, 5.0, 4.0, 10.0, 14.0, 17.0, 17.0, 26.0, 43.0, 43.0, 53.0, 55.0, 80.0, 98.0, 102.0, 116.0, 122.0, 151.0, 150.0, 146.0, 191.0, 155.0, 176.0, 164.0, 156.0, 136.0, 135.0, 122.0, 106.0, 82.0, 78.0, 61.0, 57.0, 40.0, 45.0, 28.0, 18.0, 11.0, 15.0, 8.0, 7.0, 4.0, 5.0, 3.0, 1.0, 1.0, 1.0, 1.0, 1.0, 0.0, 1.0, 0.0, 1.0], "bins": [-0.00023266623611561954, -0.00022551778238266706, -0.0002183693286497146, -0.00021122087491676211, -0.00020407242118380964, -0.00019692396745085716, -0.0001897755137179047, -0.0001826270599849522, -0.00017547860625199974, -0.00016833015251904726, -0.00016118169878609478, -0.0001540332450531423, -0.00014688479132018983, -0.00013973633758723736, -0.00013258788385428488, -0.0001254394301213324, -0.00011829097638837993, -0.00011114252265542746, -0.00010399406892247498, -9.68456151895225e-05, -8.969716145657003e-05, -8.254870772361755e-05, -7.540025399066508e-05, -6.82518002577126e-05, -6.110334652476013e-05, -5.395489279180765e-05, -4.6806439058855176e-05, -3.96579853259027e-05, -3.2509531592950225e-05, -2.536107785999775e-05, -1.8212624127045274e-05, -1.1064170394092798e-05, -3.915731213055551e-06, 3.2327225198969245e-06, 1.03811762528494e-05, 1.7529629985801876e-05, 2.467808371875435e-05, 3.182653745170683e-05, 3.89749911846593e-05, 4.612344491761178e-05, 5.327189865056425e-05, 6.042035238351673e-05, 6.75688061164692e-05, 7.471725984942168e-05, 8.186571358237416e-05, 8.901416731532663e-05, 9.61626210482791e-05, 0.00010331107478123158, 0.00011045952851418406, 0.00011760798224713653, 0.000124756435980089, 0.00013190488971304148, 0.00013905334344599396, 0.00014620179717894644, 0.0001533502509118989, 0.0001604987046448514, 0.00016764715837780386, 0.00017479561211075634, 0.0001819440658437088, 0.0001890925195766613, 0.00019624097330961376, 0.00020338942704256624, 0.00021053788077551872, 0.0002176863345084712, 0.00022483478824142367]}, "gradients/net.2.weight": {"_type": "histogram", "values": [1.0, 0.0, 0.0, 1.0, 1.0, 2.0, 1.0, 2.0, 9.0, 8.0, 13.0, 16.0, 24.0, 37.0, 57.0, 84.0, 117.0, 172.0, 233.0, 296.0, 426.0, 662.0, 900.0, 1372.0, 1818.0, 2603.0, 3595.0, 4985.0, 6690.0, 8583.0, 8417.0, 6797.0, 5033.0, 3609.0, 2603.0, 1964.0, 1349.0, 914.0, 608.0, 467.0, 327.0, 221.0, 151.0, 108.0, 76.0, 53.0, 40.0, 27.0, 20.0, 11.0, 9.0, 4.0, 6.0, 6.0, 3.0, 2.0, 0.0, 0.0, 0.0, 0.0, 0.0, 0.0, 2.0, 1.0], "bins": [-7.994700717972592e-05, -7.728347554802895e-05, -7.461995119228959e-05, -7.195641956059262e-05, -6.929288792889565e-05, -6.662935629719868e-05, -6.396583194145933e-05, -6.130230030976236e-05, -5.863876867806539e-05, -5.597524068434723e-05, -5.331170905265026e-05, -5.0648181058932096e-05, -4.7984649427235126e-05, -4.5321121433516964e-05, -4.26575934397988e-05, -3.999406180810183e-05, -3.733053381438367e-05, -3.466700582066551e-05, -3.200347418896854e-05, -2.9339946195250377e-05, -2.6676414563553408e-05, -2.4012886569835246e-05, -2.134935675712768e-05, -1.8685826944420114e-05, -1.602229713171255e-05, -1.3358767319004983e-05, -1.0695237506297417e-05, -8.031708603084553e-06, -5.368178790376987e-06, -2.7046489776694216e-06, -4.112007445655763e-08, 2.622409738251008e-06, 5.285939550958574e-06, 7.94946936366614e-06, 1.0612999176373705e-05, 1.327652807958657e-05, 1.5940058801788837e-05, 1.8603586795507e-05, 2.1267116608214565e-05, 2.393064642092213e-05, 2.6594176233629696e-05, 2.9257706046337262e-05, 3.1921234040055424e-05, 3.458476567175239e-05, 3.7248293665470555e-05, 3.9911825297167525e-05, 4.257535329088569e-05, 4.5238884922582656e-05, 4.790241291630082e-05, 5.056594091001898e-05, 5.322947254171595e-05, 5.589300053543411e-05, 5.855653216713108e-05, 6.122006016084924e-05, 6.388359179254621e-05, 6.654711614828557e-05, 6.921064777998254e-05, 7.18741794116795e-05, 7.453770376741886e-05, 7.720123539911583e-05, 7.98647670308128e-05, 8.252829866250977e-05, 8.519182301824912e-05, 8.78553546499461e-05, 9.051888628164306e-05]}, "gradients/net.4.bias": {"_type": "histogram", "values": [1.0, 0.0, 0.0, 0.0, 0.0, 0.0, 0.0, 0.0, 0.0, 0.0, 0.0, 0.0, 0.0, 0.0, 0.0, 0.0, 0.0, 0.0, 1.0, 0.0, 1.0, 0.0, 0.0, 1.0, 0.0, 0.0, 0.0, 0.0, 3.0, 0.0, 0.0, 0.0, 0.0, 1.0, 0.0, 0.0, 0.0, 0.0, 0.0, 0.0, 0.0, 1.0, 1.0, 0.0, 0.0, 0.0, 0.0, 0.0, 1.0, 0.0, 0.0, 0.0, 0.0, 0.0, 0.0, 0.0, 0.0, 0.0, 0.0, 0.0, 0.0, 0.0, 0.0, 1.0], "bins": [-0.0003944786440115422, -0.000381191581254825, -0.0003679045184981078, -0.0003546174557413906, -0.0003413303929846734, -0.00032804335933178663, -0.00031475629657506943, -0.0003014692338183522, -0.000288182171061635, -0.0002748951083049178, -0.0002616080455482006, -0.0002483209827914834, -0.00023503393458668143, -0.00022174687182996422, -0.00020845980907324702, -0.00019517276086844504, -0.0001818856835598126, -0.0001685986208030954, -0.0001553115580463782, -0.00014202450984157622, -0.00012873744708485901, -0.00011545038432814181, -0.0001021633215714246, -8.887626609066501e-05, -7.558920333394781e-05, -6.23021405772306e-05, -4.901508509647101e-05, -3.5728022339753807e-05, -2.244096322101541e-05, -9.15390410227701e-06, 4.133158654440194e-06, 1.7420214135199785e-05, 3.070727689191699e-05, 4.399433601065539e-05, 5.7281395129393786e-05, 7.056845788611099e-05, 8.385551336687058e-05, 9.714257612358779e-05, 0.00011042963888030499, 0.00012371668708510697, 0.00013700374984182417, 0.00015029081259854138, 0.00016357787535525858, 0.0001768649381119758, 0.00019015198631677777, 0.00020343904907349497, 0.00021672611183021218, 0.00023001316003501415, 0.00024330023734364659, 0.00025658728554844856, 0.00026987434830516577, 0.00028316141106188297, 0.0002964484738186002, 0.0003097355365753174, 0.0003230225993320346, 0.0003363096620887518, 0.000349596724845469, 0.0003628837876021862, 0.0003761708503589034, 0.0003894579131156206, 0.0004027449758723378, 0.000416032038629055, 0.00042931910138577223, 0.000442606135038659, 0.0004558931977953762]}, "gradients/net.4.weight": {"_type": "histogram", "values": [1.0, 0.0, 0.0, 1.0, 1.0, 0.0, 1.0, 1.0, 2.0, 5.0, 4.0, 5.0, 6.0, 4.0, 4.0, 8.0, 5.0, 7.0, 19.0, 20.0, 29.0, 34.0, 38.0, 48.0, 53.0, 86.0, 105.0, 149.0, 167.0, 208.0, 239.0, 269.0, 290.0, 264.0, 210.0, 164.0, 138.0, 94.0, 83.0, 77.0, 47.0, 40.0, 30.0, 22.0, 19.0, 18.0, 7.0, 10.0, 10.0, 6.0, 7.0, 3.0, 4.0, 3.0, 3.0, 2.0, 0.0, 1.0, 0.0, 0.0, 0.0, 0.0, 0.0, 1.0],