{"train_loss": 8.797379493713379, "train_grad": 3.791980743408203, "train_H": 5.004047870635986, "test_loss": 8.618730545043945, "test_grad": 3.6258232593536377, "test_H": 4.992234230041504, "_timestamp": 1719436737.8413506, "_runtime": 735.2109966278076, "_step": 4}