{"train_loss": 0.01800098828971386, "train_grad": 0.07118222117424011, "test_loss": 0.01746949926018715, "test_grad": 0.07052908837795258, "_timestamp": 1717628067.4725301, "_runtime": 17.79348921775818, "_step": 1, "_wandb": {"runtime": 27}}