{"train_loss": 5.3148212941778183e-08, "train_grad": 5.405628940025053e-07, "train_H": 6.303920940808894e-07, "test_loss": 1.0437577913080531e-07, "test_grad": 1.035844320540491e-06, "test_h": 0, "test_H": 2.4534028852940537e-06, "_timestamp": 1717580026.9660869, "_runtime": 26.370771884918213, "_step": 588, "gradients/NN.net.2.bias": {"_type": "histogram", "values": [0.0, 0.0, 0.0, 0.0, 0.0, 0.0, 0.0, 0.0, 0.0, 0.0, 0.0, 0.0, 0.0, 0.0, 0.0, 0.0, 0.0, 0.0, 0.0, 0.0, 0.0, 0.0, 0.0, 0.0, 0.0, 0.0, 0.0, 0.0, 0.0, 0.0, 0.0, 1.0, 0.0, 0.0, 0.0, 0.0, 0.0, 0.0, 0.0, 0.0, 0.0, 0.0, 0.0, 0.0, 0.0, 0.0, 0.0, 0.0, 0.0, 0.0, 0.0, 0.0, 0.0, 0.0, 0.0, 0.0, 0.0, 0.0, 0.0, 0.0, 0.0, 0.0, 0.0, 0.0], "bins": [-1.5232755856686708e-07, -1.5232755856686708e-07, -1.5232755856686708e-07, -1.5232755856686708e-07, -1.5232755856686708e-07, -1.5232755856686708e-07, -1.5232755856686708e-07, -1.5232755856686708e-07, -1.5232755856686708e-07, -1.5232755856686708e-07, -1.5232755856686708e-07, -1.5232755856686708e-07, -1.5232755856686708e-07, -1.5232755856686708e-07, -1.5232755856686708e-07, -1.5232755856686708e-07, -1.5232755856686708e-07, -1.5232755856686708e-07, -1.5232755856686708e-07, -1.5232755856686708e-07, -1.5232755856686708e-07, -1.5232755856686708e-07, -1.5232755856686708e-07, -1.5232755856686708e-07, -1.5232755856686708e-07, -1.5232755856686708e-07, -1.5232755856686708e-07, -1.5232755856686708e-07, -1.5232755856686708e-07, -1.5232755856686708e-07, -1.5232755856686708e-07, -1.5232755856686708e-07, -1.5232755856686708e-07, -1.5232755856686708e-07, -1.5232755856686708e-07, -1.5232755856686708e-07, -1.5232755856686708e-07, -1.5232755856686708e-07, -1.5232755856686708e-07, -1.5232755856686708e-07, -1.5232755856686708e-07, -1.5232755856686708e-07, -1.5232755856686708e-07, -1.5232755856686708e-07, -1.5232755856686708e-07, -1.5232755856686708e-07, -1.5232755856686708e-07, -1.5232755856686708e-07, -1.5232755856686708e-07, -1.5232755856686708e-07, -1.5232755856686708e-07, -1.5232755856686708e-07, -1.5232755856686708e-07, -1.5232755856686708e-07, -1.5232755856686708e-07, -1.5232755856686708e-07, -1.5232755856686708e-07, -1.5232755856686708e-07, -1.5232755856686708e-07, -1.5232755856686708e-07, -1.5232755856686708e-07, -1.5232755856686708e-07, -1.5232755856686708e-07, -1.5232755856686708e-07, -1.5232755856686708e-07]}, "gradients/NN.net.2.weight": {"_type": "histogram", "values": [2.0, 1.0, 1.0, 0.0, 3.0, 1.0, 3.0, 4.0, 8.0, 4.0, 5.0, 5.0, 3.0, 8.0, 9.0, 14.0, 10.0, 14.0, 6.0, 6.0, 13.0, 13.0, 10.0, 17.0, 23.0, 11.0, 23.0, 23.0, 14.0, 22.0, 21.0, 14.0, 14.0, 20.0, 9.0, 17.0, 20.0, 9.0, 5.0, 9.0, 9.0, 10.0, 10.0, 7.0, 9.0, 8.0, 4.0, 7.0, 6.0, 4.0, 4.0, 5.0, 1.0, 2.0, 3.0, 0.0, 2.0, 0.0, 3.0, 0.0, 0.0, 2.0, 1.0, 1.0], "bins": [-7.599217042297823e-06, -7.344266578002134e-06, -7.0893156589590944e-06, -6.834365194663405e-06, -6.579414730367716e-06, -6.324464266072027e-06, -6.0695133470289875e-06, -5.8145628827332985e-06, -5.5596119636902586e-06, -5.3046614993945695e-06, -5.04971058035153e-06, -4.794760116055841e-06, -4.539809651760152e-06, -4.284858732717112e-06, -4.029908268421423e-06, -3.7749578041257337e-06, -3.5200073398300447e-06, -3.26505664816068e-06, -3.010106183864991e-06, -2.7551554921956267e-06, -2.5002050278999377e-06, -2.2452543362305732e-06, -1.9903036445612088e-06, -1.735353066578682e-06, -1.4804024885961553e-06, -1.2254519106136286e-06, -9.705013326311018e-07, -7.155506409617374e-07, -4.6060006297921063e-07, -2.056494849966839e-07, 4.9301206672680564e-08, 3.042517846552073e-07, 5.592028173850849e-07, 8.141533953676117e-07, 1.0691039733501384e-06, 1.3240546650195029e-06, 1.5790052430020296e-06, 1.8339558209845563e-06, 2.088906512653921e-06, 2.34385697694961e-06, 2.5988076686189743e-06, 2.8537583602883387e-06, 3.1087088245840278e-06, 3.3636595162533922e-06, 3.6186102079227567e-06, 3.873560672218446e-06, 4.128511136514135e-06, 4.383462055557175e-06, 4.638412519852864e-06, 4.893362984148553e-06, 5.1483139031915925e-06, 5.4032643674872816e-06, 5.658214831782971e-06, 5.91316529607866e-06, 6.1681162151216995e-06, 6.4230666794173885e-06, 6.678017598460428e-06, 6.9329680627561174e-06, 7.187918981799157e-06, 7.442869446094846e-06, 7.697820365137886e-06, 7.952770829433575e-06, 8.207721293729264e-06, 8.462671758024953e-06, 8.717622222320642e-06]}, "gradients/NN.net.0.bias": {"_type": "histogram", "values": [1.0, 0.0, 0.0, 0.0, 0.0, 0.0, 1.0, 0.0, 0.0, 0.0, 0.0, 0.0, 0.0, 0.0, 0.0, 1.0, 0.0, 0.0, 0.0, 1.0, 1.0, 1.0, 0.0, 0.0, 1.0, 1.0, 1.0, 2.0, 5.0, 5.0, 5.0, 6.0, 7.0, 14.0, 15.0, 15.0, 25.0, 30.0, 39.0, 62.0, 84.0, 44.0, 29.0, 24.0, 26.0, 12.0, 9.0, 5.0, 7.0, 10.0, 5.0, 4.0, 4.0, 1.0, 2.0, 1.0, 0.0, 2.0, 1.0, 1.0, 0.0, 1.0, 0.0, 1.0], "bins": [-1.205285457217542e-06, -1.17548995604011e-06, -1.1456945685495157e-06, -1.1158990673720837e-06, -1.0861035661946516e-06, -1.0563080650172196e-06, -1.0265125638397876e-06, -9.967171763491933e-07, -9.669216751717613e-07, -9.371261739943293e-07, -9.073307296603161e-07, -8.77535285326303e-07, -8.47739784148871e-07, -8.17944282971439e-07, -7.881488386374258e-07, -7.583533943034126e-07, -7.285578931259806e-07, -6.987623919485486e-07, -6.689669476145355e-07, -6.391715032805223e-07, -6.093760021030903e-07, -5.795805009256583e-07, -5.497850565916451e-07, -5.19989612257632e-07, -4.901941110801999e-07, -4.6039863832447736e-07, -4.306031655687548e-07, -4.008076928130322e-07, -3.710122200573096e-07, -3.41216747301587e-07, -3.1142127454586443e-07, -2.8162580179014185e-07, -2.5183032903441926e-07, -2.2203485627869668e-07, -1.922393835229741e-07, -1.624439107672515e-07, -1.3264843801152892e-07, -1.0285296525580634e-07, -7.305749250008375e-08, -4.326201974436117e-08, -1.3466546988638584e-08, 1.6328925767084e-08, 4.612439852280659e-08, 7.591987127852917e-08, 1.0571534403425176e-07, 1.3551081678997434e-07, 1.6530628954569693e-07, 1.951017623014195e-07, 2.248972350571421e-07, 2.546927078128647e-07, 2.8448818056858727e-07, 3.1428365332430985e-07, 3.4407912608003244e-07, 3.73874598835755e-07, 4.036700715914776e-07, 4.334655443472002e-07, 4.632610171029228e-07, 4.930565182803548e-07, 5.22851962614368e-07, 5.526474069483811e-07, 5.824429081258131e-07, 6.122384093032451e-07, 6.420338536372583e-07, 6.718292979712714e-07, 7.016247991487035e-07]}, "gradients/NN.net.0.weight": {"_type": "histogram", "values": [1.0, 0.0, 0.0, 0.0, 0.0, 0.0, 0.0, 1.0, 2.0, 2.0, 1.0, 4.0, 4.0, 3.0, 0.0, 9.0, 11.0, 14.0, 13.0, 19.0, 24.0, 31.0, 47.0, 48.0, 64.0, 87.0, 105.0, 134.0, 184.0, 236.0, 304.0, 365.0, 310.0, 271.0, 371.0, 281.0, 262.0, 195.0, 147.0, 118.0, 86.0, 75.0, 62.0, 35.0, 36.0, 28.0, 20.0, 21.0, 10.0, 13.0, 11.0, 7.0, 7.0, 4.0, 3.0, 0.0, 2.0, 2.0, 2.0, 0.0, 2.0, 1.0, 0.0, 1.0],