{"train_loss": 0.004454688169062138, "train_grad": 0.0005915985093452036, "test_loss": 0.004650373011827469, "test_grad": 0.0005432849866338074, "_timestamp": 1717582864.3386698, "_runtime": 71.54729986190796, "_step": 167, "_wandb": {"runtime": 71}}