{"train_loss": 2.645172357559204, "test_loss": 2.671614408493042, "_timestamp": 1717520964.700547, "_runtime": 513.9780158996582, "_step": 25, "_wandb": {"runtime": 518}}