{"train_loss": 0.0008121755672618747, "train_grad": 0.0006899293512105942, "train_H": 6.695248885080218e-05, "test_loss": 0.0007516391924582422, "test_grad": 0.0006395763484761119, "test_h": 0, "test_H": 6.079313607187942e-05, "_timestamp": 1717629659.1741447, "_runtime": 1496.7754838466644, "_step": 99, "gradients/NN.net.2.bias": {"_type": "histogram", "values": [0.0, 0.0, 0.0, 0.0, 0.0, 0.0, 0.0, 0.0, 0.0, 0.0, 0.0, 0.0, 0.0, 0.0, 0.0, 0.0, 0.0, 0.0, 0.0, 0.0, 0.0, 0.0, 0.0, 0.0, 0.0, 0.0, 0.0, 0.0, 0.0, 0.0, 0.0, 0.0, 1.0, 0.0, 0.0, 0.0, 0.0, 0.0, 0.0, 0.0, 0.0, 0.0, 0.0, 0.0, 0.0, 0.0, 0.0, 0.0, 0.0, 0.0, 0.0, 0.0, 0.0, 0.0, 0.0, 0.0, 0.0, 0.0, 0.0, 0.0, 0.0, 0.0, 0.0, 0.0], "bins": [-0.002767925150692463, -0.002767925150692463, -0.002767925150692463, -0.002767925150692463, -0.002767925150692463, -0.002767925150692463, -0.002767925150692463, -0.002767925150692463, -0.002767925150692463, -0.002767925150692463, -0.002767925150692463, -0.002767925150692463, -0.002767925150692463, -0.002767925150692463, -0.002767925150692463, -0.002767925150692463, -0.002767925150692463, -0.002767925150692463, -0.002767925150692463, -0.002767925150692463, -0.002767925150692463, -0.002767925150692463, -0.002767925150692463, -0.002767925150692463, -0.002767925150692463, -0.002767925150692463, -0.002767925150692463, -0.002767925150692463, -0.002767925150692463, -0.002767925150692463, -0.002767925150692463, -0.002767925150692463, -0.002767925150692463, -0.002767925150692463, -0.002767925150692463, -0.002767925150692463, -0.002767925150692463, -0.002767925150692463, -0.002767925150692463, -0.002767925150692463, -0.002767925150692463, -0.002767925150692463, -0.002767925150692463, -0.002767925150692463, -0.002767925150692463, -0.002767925150692463, -0.002767925150692463, -0.002767925150692463, -0.002767925150692463, -0.002767925150692463, -0.002767925150692463, -0.002767925150692463, -0.002767925150692463, -0.002767925150692463, -0.002767925150692463, -0.002767925150692463, -0.002767925150692463, -0.002767925150692463, -0.002767925150692463, -0.002767925150692463, -0.002767925150692463, -0.002767925150692463, -0.002767925150692463, -0.002767925150692463, -0.002767925150692463]}, "gradients/NN.net.2.weight": {"_type": "histogram", "values": [4.0, 0.0, 2.0, 1.0, 0.0, 3.0, 3.0, 3.0, 3.0, 2.0, 3.0, 6.0, 3.0, 4.0, 8.0, 7.0, 7.0, 8.0, 7.0, 7.0, 4.0, 9.0, 10.0, 20.0, 11.0, 10.0, 13.0, 18.0, 20.0, 16.0, 29.0, 25.0, 22.0, 15.0, 25.0, 16.0, 21.0, 11.0, 16.0, 11.0, 11.0, 8.0, 10.0, 6.0, 13.0, 7.0, 9.0, 6.0, 5.0, 6.0, 3.0, 3.0, 2.0, 0.0, 2.0, 3.0, 6.0, 0.0, 2.0, 4.0, 1.0, 0.0, 0.0, 2.0], "bins": [-0.009296765550971031, -0.008993586525321007, -0.008690406568348408, -0.008387227542698383, -0.008084048517048359, -0.007780869025737047, -0.0074776895344257355, -0.007174510508775711, -0.006871331017464399, -0.006568151526153088, -0.006264972500503063, -0.0059617930091917515, -0.00565861351788044, -0.005355434492230415, -0.005052255000919104, -0.004749075509607792, -0.0044458964839577675, -0.004142716992646456, -0.0038395379669964314, -0.0035363584756851196, -0.0032331792172044516, -0.0029299999587237835, -0.0026268204674124718, -0.0023236412089318037, -0.0020204619504511356, -0.0017172826919704676, -0.0014141033170744777, -0.0011109239421784878, -0.0008077446836978197, -0.0005045654252171516, -0.00020138605032116175, 0.00010179332457482815, 0.00040497351437807083, 0.0007081528310663998, 0.0010113321477547288, 0.0013145115226507187, 0.0016176907811313868, 0.0019208700396120548, 0.0022240495309233665, 0.0025272287894040346, 0.0028304080478847027, 0.0031335873063653708, 0.003436766564846039, 0.0037399460561573505, 0.004043125547468662, 0.004346304573118687, 0.004649484064429998, 0.00495266355574131, 0.0052558425813913345, 0.005559022072702646, 0.005862201098352671, 0.006165380589663982, 0.006468559615314007, 0.0067717391066253185, 0.00707491859793663, 0.007378097623586655, 0.007681277114897966, 0.007984456606209278, 0.008287635631859303, 0.008590814657509327, 0.008893994614481926, 0.00919717364013195, 0.009500352665781975, 0.009803532622754574, 0.010106711648404598]}, "gradients/NN.net.0.bias": {"_type": "histogram", "values": [1.0, 0.0, 0.0, 0.0, 0.0, 0.0, 0.0, 0.0, 0.0, 1.0, 0.0, 1.0, 1.0, 0.0, 1.0, 1.0, 1.0, 2.0, 3.0, 1.0, 2.0, 3.0, 5.0, 8.0, 5.0, 10.0, 3.0, 9.0, 10.0, 25.0, 19.0, 21.0, 31.0, 27.0, 21.0, 15.0, 37.0, 12.0, 22.0, 32.0, 26.0, 14.0, 20.0, 20.0, 17.0, 18.0, 7.0, 15.0, 8.0, 10.0, 5.0, 1.0, 3.0, 4.0, 3.0, 1.0, 1.0, 1.0, 2.0, 1.0, 2.0, 0.0, 1.0, 2.0], "bins": [-0.001768928486853838, -0.0017208990175276995, -0.001672869548201561, -0.0016248399624601007, -0.0015768104931339622, -0.0015287810238078237, -0.0014807515544816852, -0.0014327219687402248, -0.0013846924994140863, -0.0013366630300879478, -0.0012886335607618093, -0.001240603975020349, -0.0011925745056942105, -0.001144545036368072, -0.0010965155670419335, -0.0010484859813004732, -0.0010004565119743347, -0.0009524270426481962, -0.0009043975151143968, -0.0008563680457882583, -0.0008083385182544589, -0.0007603090489283204, -0.0007122795796021819, -0.0006642500520683825, -0.0006162206409499049, -0.0005681911716237664, -0.000520161644089967, -0.0004721321747638285, -0.0004241026472300291, -0.0003760731779038906, -0.00032804367947392166, -0.0002800141810439527, -0.0002319846535101533, -0.00018395515508018434, -0.0001359256566502154, -8.789617277216166e-05, -3.986667434219271e-05, 8.162824087776244e-06, 5.619230796582997e-05, 0.00010422180639579892, 0.00015225130482576787, 0.00020028080325573683, 0.0002483103016857058, 0.00029633980011567473, 0.00034436926944181323, 0.00039239879697561264, 0.00044042826630175114, 0.0004884577356278896, 0.000536487263161689, 0.0005845167324878275, 0.000632546260021627, 0.0006805757293477654, 0.0007286052568815649, 0.0007766347262077034, 0.0008246642537415028, 0.0008726937230676413, 0.0009207231923937798, 0.0009687526617199183, 0.0010167821310460567, 0.001064811716787517, 0.0011128411861136556, 0.001160870655439794, 0.0012089001247659326, 0.0012569297105073929, 0.0013049591798335314]}, "gradients/NN.net.0.weight": {"_type": "histogram", "values": [1.0, 0.0, 0.0, 1.0, 1.0, 1.0, 1.0, 1.0, 3.0, 3.0, 7.0, 7.0, 11.0, 6.0, 16.0, 27.0, 26.0, 26.0, 40.0, 69.0, 76.0, 92.0, 132.0, 138.0, 169.0, 206.0, 229.0, 263.0, 288.0, 331.0, 438.0, 1008.0, 381.0, 329.0, 305.0, 235.0, 227.0, 209.0, 160.0, 125.0, 121.0, 96.0, 70.0, 68.0, 48.0, 45.0, 21.0, 26.0, 15.0, 12.0, 9.0, 10.0, 3.0, 3.0, 1.0, 3.0, 0.0, 0.0, 3.0, 1.0, 0.0, 0.0, 0.0, 1.0],