{"train_loss": 0.908123791217804, "test_loss": 0.909574031829834, "_timestamp": 1717439742.8682747, "_runtime": 380.0226516723633, "_step": 2499, "gradients/net.4.bias": {"_type": "histogram", "values": [1.0, 0.0, 0.0, 0.0, 0.0, 0.0, 0.0, 0.0, 0.0, 0.0, 0.0, 0.0, 0.0, 0.0, 0.0, 0.0, 0.0, 0.0, 0.0, 0.0, 0.0, 0.0, 0.0, 0.0, 0.0, 0.0, 0.0, 0.0, 0.0, 0.0, 0.0, 0.0, 0.0, 0.0, 0.0, 0.0, 0.0, 0.0, 0.0, 0.0, 0.0, 0.0, 0.0, 0.0, 0.0, 0.0, 0.0, 0.0, 0.0, 0.0, 0.0, 0.0, 0.0, 0.0, 0.0, 0.0, 0.0, 0.0, 0.0, 0.0, 0.0, 0.0, 0.0, 1.0], "bins": [-0.4774617850780487, -0.46707823872566223, -0.45669472217559814, -0.44631117582321167, -0.4359276592731476, -0.4255441129207611, -0.415160596370697, -0.40477705001831055, -0.3943935036659241, -0.3840099573135376, -0.3736264407634735, -0.36324289441108704, -0.35285937786102295, -0.3424758315086365, -0.3320923149585724, -0.3217087686061859, -0.3113252520561218, -0.30094170570373535, -0.29055818915367126, -0.2801746428012848, -0.2697911262512207, -0.25940757989883423, -0.24902404844760895, -0.23864051699638367, -0.2282569855451584, -0.2178734540939331, -0.20748992264270782, -0.19710639119148254, -0.18672284483909607, -0.17633932828903198, -0.1659557819366455, -0.15557225048542023, -0.14518868923187256, -0.13480515778064728, -0.124421626329422, -0.11403808742761612, -0.10365455597639084, -0.09327102452516556, -0.08288748562335968, -0.0725039541721344, -0.06212042272090912, -0.05173689126968384, -0.04135335609316826, -0.03096982277929783, -0.0205862894654274, -0.010202758014202118, 0.0001807771623134613, 0.01056431233882904, 0.02094784379005432, 0.0313313752412796, 0.04171491041779518, 0.05209844559431076, 0.06248197704553604, 0.07286550849676132, 0.0832490473985672, 0.09363257884979248, 0.10401611030101776, 0.11439964175224304, 0.12478317320346832, 0.1351667046546936, 0.14555025100708008, 0.15593376755714417, 0.16631731390953064, 0.17670084536075592, 0.1870843768119812]}, "gradients/net.4.weight": {"_type": "histogram", "values": [1.0, 0.0, 0.0, 0.0, 0.0, 0.0, 0.0, 0.0, 0.0, 0.0, 0.0, 0.0, 0.0, 0.0, 0.0, 0.0, 0.0, 0.0, 1.0, 1.0, 0.0, 0.0, 0.0, 0.0, 0.0, 0.0, 0.0, 1.0, 3.0, 4.0, 3.0, 225.0, 8.0, 3.0, 2.0, 2.0, 1.0, 1.0, 2.0, 0.0, 0.0, 1.0, 6.0, 61.0, 176.0, 4.0, 4.0, 1.0, 0.0, 0.0, 0.0, 0.0, 0.0, 0.0, 0.0, 0.0, 0.0, 0.0, 0.0, 0.0, 0.0, 0.0, 0.0, 1.0], "bins": [-1.4796581268310547, -1.4431246519088745, -1.4065911769866943, -1.3700575828552246, -1.3335241079330444, -1.2969906330108643, -1.260457158088684, -1.223923683166504, -1.1873902082443237, -1.1508567333221436, -1.1143232583999634, -1.0777897834777832, -1.0412561893463135, -1.0047227144241333, -0.9681892395019531, -0.931655764579773, -0.895122230052948, -0.8585887551307678, -0.8220552206039429, -0.7855217456817627, -0.7489882707595825, -0.7124547958374023, -0.6759212613105774, -0.6393877863883972, -0.6028542518615723, -0.5663207769393921, -0.5297872424125671, -0.49325376749038696, -0.4567202925682068, -0.4201867878437042, -0.38365328311920166, -0.3471198081970215, -0.3105863928794861, -0.2740528881549835, -0.23751941323280334, -0.20098590850830078, -0.1644524186849594, -0.12791892886161804, -0.09138542413711548, -0.0548519492149353, -0.01831844449043274, 0.01821504905819893, 0.0547485426068306, 0.09128203988075256, 0.12781552970409393, 0.1643490195274353, 0.20088252425193787, 0.23741599917411804, 0.2739495038986206, 0.31048300862312317, 0.34701648354530334, 0.3835499882698059, 0.4200834631919861, 0.45661696791648865, 0.4931504726409912, 0.5296839475631714, 0.5662174224853516, 0.6027508974075317, 0.6392844319343567, 0.6758179068565369, 0.712351381778717, 0.748884916305542, 0.7854183912277222, 0.8219518661499023, 0.8584854006767273]}, "gradients/net.2.bias": {"_type": "histogram", "values": [1.0, 0.0, 0.0, 0.0, 0.0, 0.0, 0.0, 0.0, 0.0, 0.0, 0.0, 0.0, 0.0, 0.0, 0.0, 0.0, 1.0, 0.0, 0.0, 0.0, 2.0, 3.0, 1.0, 1.0, 2.0, 1.0, 0.0, 1.0, 1.0, 2.0, 4.0, 5.0, 4.0, 14.0, 12.0, 20.0, 35.0, 14.0, 11.0, 13.0, 45.0, 18.0, 8.0, 6.0, 9.0, 1.0, 2.0, 1.0, 4.0, 2.0, 2.0, 1.0, 2.0, 2.0, 0.0, 2.0, 1.0, 0.0, 1.0, 0.0, 0.0, 0.0, 0.0, 1.0], "bins": [-0.17888079583644867, -0.17420130968093872, -0.16952183842658997, -0.16484235227108002, -0.16016286611557007, -0.1554833948612213, -0.15080390870571136, -0.14612442255020142, -0.14144495129585266, -0.1367654651403427, -0.13208599388599396, -0.127406507730484, -0.12272702902555466, -0.1180475503206253, -0.11336806416511536, -0.108688585460186, -0.10400909930467606, -0.0993296205997467, -0.09465013444423676, -0.0899706557393074, -0.08529117703437805, -0.0806116908788681, -0.07593221217393875, -0.0712527334690094, -0.06657324731349945, -0.0618937648832798, -0.05721428617835045, -0.0525348037481308, -0.04785532504320145, -0.043175842612981796, -0.038496360182762146, -0.033816881477832794, -0.02913741022348404, -0.02445792965590954, -0.019778449088335037, -0.015098966658115387, -0.010419486090540886, -0.005740005522966385, -0.0010605230927467346, 0.003618955612182617, 0.008298438042402267, 0.012977918609976768, 0.01765739917755127, 0.02233688160777092, 0.02701636217534542, 0.03169584274291992, 0.03637532517313957, 0.041054803878068924, 0.045734286308288574, 0.050413768738508224, 0.055093247443437576, 0.05977272987365723, 0.06445220857858658, 0.06913168728351593, 0.07381117343902588, 0.07849065214395523, 0.08317013084888458, 0.08784960955381393, 0.09252909570932388, 0.09720857441425323, 0.10188805311918259, 0.10656753182411194, 0.11124701797962189, 0.11592649668455124, 0.12060598284006119]}, "gradients/net.2.weight": {"_type": "histogram", "values": [4.0, 1.0, 2.0, 3.0, 0.0, 3.0, 1.0, 0.0, 2.0, 2.0, 3.0, 1.0, 4.0, 7.0, 3.0, 5.0, 12.0, 16.0, 14.0, 41.0, 35.0, 51.0, 76.0, 121.0, 148.0, 208.0, 295.0, 486.0, 782.0, 1205.0, 28020.0, 906.0, 447.0, 600.0, 27828.0, 1577.0, 921.0, 528.0, 324.0, 222.0, 168.0, 121.0, 91.0, 70.0, 57.0, 29.0, 16.0, 20.0, 14.0, 7.0, 6.0, 5.0, 2.0, 4.0, 6.0, 6.0, 1.0, 3.0, 0.0, 1.0, 0.0, 1.0, 2.0, 2.0], "bins": [-0.1565772145986557, -0.15178333222866058, -0.14698946475982666, -0.14219558238983154, -0.13740171492099762, -0.1326078325510025, -0.12781396508216858, -0.12302008271217346, -0.11822620034217834, -0.11343232542276382, -0.1086384505033493, -0.10384456813335419, -0.09905069321393967, -0.09425681829452515, -0.08946294337511063, -0.0846690684556961, -0.07987519353628159, -0.07508131861686707, -0.07028744369745255, -0.06549356877803802, -0.06069968640804291, -0.05590581148862839, -0.05111193656921387, -0.04631805792450905, -0.04152418300509453, -0.03673030808568001, -0.03193642944097519, -0.02714255452156067, -0.022348677739501, -0.01755480095744133, -0.01276092603802681, -0.007967047393321991, -0.0031731724739074707, 0.0016207038424909115, 0.006414580158889294, 0.011208456009626389, 0.016002332791686058, 0.020796209573745728, 0.025590084493160248, 0.030383963137865067, 0.03517783805727959, 0.03997171297669411, 0.044765591621398926, 0.049559466540813446, 0.054353341460227966, 0.059147220104932785, 0.063941091299057, 0.06873497366905212, 0.07352884858846664, 0.07832272350788116, 0.08311659842729568, 0.0879104733467102, 0.09270435571670532, 0.09749823063611984, 0.10229210555553436, 0.10708598792552948, 0.1118798553943634, 0.11667373031377792, 0.12146760523319244, 0.12626148760318756, 0.13105535507202148, 0.1358492374420166, 0.14064311981201172, 0.14543698728084564, 0.15023086965084076]}, "gradients/net.0.bias": {"_type": "histogram", "values": [1.0, 0.0, 0.0, 0.0, 0.0, 0.0, 0.0, 1.0, 0.0, 0.0, 3.0, 3.0, 0.0, 1.0, 0.0, 0.0, 0.0, 1.0, 0.0, 3.0, 3.0, 2.0, 1.0, 0.0, 0.0, 5.0, 4.0, 3.0, 2.0, 2.0, 1.0, 3.0, 93.0, 0.0, 1.0, 0.0, 0.0, 1.0, 97.0, 2.0, 0.0, 2.0, 2.0, 5.0, 3.0, 5.0, 1.0, 1.0, 0.0, 1.0, 0.0, 1.0, 0.0, 0.0, 0.0, 1.0, 0.0, 0.0, 0.0, 0.0, 0.0, 0.0, 0.0, 1.0],