{"train_loss": 2.0897016525268555, "test_loss": 2.077101230621338, "_timestamp": 1717437958.1675673, "_runtime": 73.72785234451294, "_step": 499, "gradients/net.4.bias": {"_type": "histogram", "values": [1.0, 0.0, 0.0, 0.0, 0.0, 0.0, 0.0, 0.0, 0.0, 0.0, 0.0, 0.0, 0.0, 0.0, 0.0, 0.0, 0.0, 0.0, 0.0, 0.0, 0.0, 0.0, 0.0, 0.0, 0.0, 0.0, 0.0, 0.0, 0.0, 0.0, 0.0, 0.0, 0.0, 0.0, 0.0, 0.0, 0.0, 0.0, 0.0, 0.0, 0.0, 0.0, 0.0, 0.0, 0.0, 0.0, 0.0, 0.0, 0.0, 0.0, 0.0, 0.0, 0.0, 0.0, 0.0, 0.0, 0.0, 0.0, 0.0, 0.0, 0.0, 0.0, 0.0, 1.0], "bins": [-0.42350926995277405, -0.4224703907966614, -0.4214314818382263, -0.42039260268211365, -0.4193536937236786, -0.4183148145675659, -0.41727593541145325, -0.4162370264530182, -0.4151981472969055, -0.41415926814079285, -0.4131203591823578, -0.4120814800262451, -0.41104257106781006, -0.4100036919116974, -0.4089648127555847, -0.40792590379714966, -0.4068869948387146, -0.40584811568260193, -0.40480920672416687, -0.4037703275680542, -0.40273141860961914, -0.40169253945350647, -0.4006536602973938, -0.39961475133895874, -0.39857587218284607, -0.3975369930267334, -0.39649808406829834, -0.39545920491218567, -0.3944202959537506, -0.39338141679763794, -0.39234253764152527, -0.3913036286830902, -0.39026474952697754, -0.38922587037086487, -0.3881869614124298, -0.38714808225631714, -0.3861091732978821, -0.3850702941417694, -0.38403141498565674, -0.3829925060272217, -0.381953626871109, -0.38091474771499634, -0.3798758387565613, -0.3788369596004486, -0.37779805064201355, -0.3767591714859009, -0.3757202923297882, -0.37468138337135315, -0.3736425042152405, -0.3726036250591278, -0.37156471610069275, -0.3705258369445801, -0.369486927986145, -0.36844804883003235, -0.3674091696739197, -0.3663702607154846, -0.36533135175704956, -0.3642924726009369, -0.36325356364250183, -0.36221468448638916, -0.3611757755279541, -0.36013689637184143, -0.35909801721572876, -0.3580591082572937, -0.35702022910118103]}, "gradients/net.4.weight": {"_type": "histogram", "values": [1.0, 0.0, 0.0, 0.0, 0.0, 1.0, 0.0, 0.0, 0.0, 1.0, 0.0, 0.0, 1.0, 0.0, 0.0, 1.0, 0.0, 0.0, 1.0, 0.0, 0.0, 1.0, 1.0, 0.0, 1.0, 1.0, 2.0, 4.0, 6.0, 4.0, 6.0, 2.0, 9.0, 14.0, 16.0, 72.0, 45.0, 131.0, 90.0, 45.0, 15.0, 8.0, 4.0, 5.0, 2.0, 4.0, 1.0, 4.0, 4.0, 1.0, 1.0, 2.0, 0.0, 2.0, 0.0, 1.0, 0.0, 1.0, 0.0, 0.0, 0.0, 0.0, 0.0, 1.0], "bins": [-0.8960096836090088, -0.8792982697486877, -0.8625869154930115, -0.8458755016326904, -0.8291641473770142, -0.8124527335166931, -0.7957413196563721, -0.7790299654006958, -0.7623185515403748, -0.7456071376800537, -0.7288957834243774, -0.7121843695640564, -0.6954729557037354, -0.6787616014480591, -0.662050187587738, -0.6453388333320618, -0.6286274194717407, -0.6119160056114197, -0.5952046513557434, -0.5784932374954224, -0.5617818832397461, -0.545070469379425, -0.528359055519104, -0.5116477012634277, -0.4949362874031067, -0.47822490334510803, -0.4615135192871094, -0.44480210542678833, -0.4280907213687897, -0.411379337310791, -0.39466792345046997, -0.3779565393924713, -0.36124521493911743, -0.3445338308811188, -0.3278224468231201, -0.3111110329627991, -0.2943996489048004, -0.27768826484680176, -0.2609768509864807, -0.24426546692848206, -0.2275540679693222, -0.21084266901016235, -0.1941312849521637, -0.17741990089416504, -0.1607085019350052, -0.14399710297584534, -0.12728571891784668, -0.11057432740926743, -0.09386293590068817, -0.07715154439210892, -0.06044015288352966, -0.04372876137495041, -0.027017369866371155, -0.0103059783577919, 0.0064054131507873535, 0.023116804659366608, 0.03982819616794586, 0.056539587676525116, 0.07325097918510437, 0.08996237069368362, 0.10667376220226288, 0.12338515371084213, 0.1400965452194214, 0.15680792927742004, 0.1735193282365799]}, "gradients/net.2.bias": {"_type": "histogram", "values": [1.0, 0.0, 0.0, 0.0, 0.0, 0.0, 0.0, 1.0, 0.0, 0.0, 0.0, 1.0, 1.0, 0.0, 1.0, 0.0, 1.0, 1.0, 2.0, 3.0, 0.0, 4.0, 1.0, 3.0, 6.0, 5.0, 7.0, 9.0, 5.0, 8.0, 9.0, 9.0, 6.0, 8.0, 13.0, 11.0, 5.0, 5.0, 2.0, 2.0, 1.0, 5.0, 7.0, 11.0, 14.0, 16.0, 7.0, 6.0, 9.0, 4.0, 6.0, 5.0, 5.0, 8.0, 3.0, 6.0, 2.0, 4.0, 4.0, 1.0, 0.0, 1.0, 0.0, 1.0], "bins": [-0.11690020561218262, -0.11391040682792664, -0.11092060804367065, -0.10793080925941467, -0.10494101047515869, -0.10195121169090271, -0.09896141290664673, -0.09597161412239075, -0.09298181533813477, -0.08999201655387878, -0.0870022177696228, -0.08401241898536682, -0.08102262020111084, -0.07803282141685486, -0.07504302263259888, -0.0720532238483429, -0.06906343251466751, -0.06607363373041153, -0.06308383494615555, -0.06009403616189957, -0.057104237377643585, -0.054114438593387604, -0.05112464353442192, -0.04813484475016594, -0.04514504596590996, -0.042155247181653976, -0.039165448397397995, -0.03617565333843231, -0.03318585455417633, -0.0301960539072752, -0.027206256985664368, -0.024216458201408386, -0.021226666867733, -0.01823686808347702, -0.015247070230543613, -0.012257272377610207, -0.009267473593354225, -0.006277674809098244, -0.0032878778874874115, -0.00029807910323143005, 0.0026917196810245514, 0.0056815179996192455, 0.00867131631821394, 0.011661114171147346, 0.014650912955403328, 0.01764071173965931, 0.02063050866127014, 0.023620307445526123, 0.026610106229782104, 0.029599905014038086, 0.03258970379829407, 0.03557950258255005, 0.03856930136680603, 0.04155910015106201, 0.044548895210027695, 0.047538693994283676, 0.05052849277853966, 0.05351829156279564, 0.05650809034705162, 0.0594978854060173, 0.062487684190273285, 0.06547748297452927, 0.06846728175878525, 0.07145708054304123, 0.07444687932729721]}, "gradients/net.2.weight": {"_type": "histogram", "values": [1.0, 0.0, 1.0, 0.0, 0.0, 0.0, 3.0, 1.0, 2.0, 9.0, 9.0, 13.0, 18.0, 14.0, 22.0, 33.0, 50.0, 60.0, 88.0, 116.0, 196.0, 240.0, 358.0, 406.0, 561.0, 832.0, 1074.0, 1549.0, 2209.0, 3692.0, 13432.0, 3904.0, 2437.0, 2407.0, 2456.0, 3213.0, 13460.0, 4260.0, 2406.0, 1637.0, 1164.0, 866.0, 640.0, 462.0, 313.0, 236.0, 174.0, 161.0, 91.0, 63.0, 63.0, 36.0, 27.0, 22.0, 14.0, 10.0, 4.0, 10.0, 3.0, 3.0, 0.0, 3.0, 1.0, 1.0], "bins": [-0.10898206382989883, -0.10573887825012207, -0.1024957001209259, -0.09925251454114914, -0.09600932896137238, -0.09276614338159561, -0.08952295780181885, -0.08627977967262268, -0.08303659409284592, -0.07979340851306915, -0.07655023038387299, -0.07330704480409622, -0.07006385922431946, -0.0668206736445427, -0.06357748806476593, -0.06033430993556976, -0.057091124355793, -0.053847938776016235, -0.05060475692152977, -0.047361575067043304, -0.04411838948726654, -0.04087520390748978, -0.03763202205300331, -0.034388840198516846, -0.031145654618740082, -0.027902470901608467, -0.024659287184476852, -0.021416103467345238, -0.018172919750213623, -0.014929736033082008, -0.011686552315950394, -0.008443368598818779, -0.005200192332267761, -0.0019570086151361465, 0.0012861751019954681, 0.004529358819127083, 0.0077725425362586975, 0.011015726253390312, 0.014258909970521927, 0.01750209368765354, 0.020745277404785156, 0.02398846112191677, 0.027231644839048386, 0.03047482855618, 0.033718012273311615, 0.03696119785308838, 0.040204379707574844, 0.04344756156206131, 0.046690747141838074, 0.04993393272161484, 0.0531771145761013, 0.05642029643058777, 0.05966348201036453, 0.0629066675901413, 0.06614984571933746, 0.06939303129911423, 0.07263621687889099, 0.07587940245866776, 0.07912258803844452, 0.08236576616764069, 0.08560895174741745, 0.08885213732719421, 0.09209531545639038, 0.09533850103616714, 0.09858168661594391]}, "gradients/net.0.bias": {"_type": "histogram", "values": [1.0, 0.0, 1.0, 0.0, 0.0, 1.0, 0.0, 0.0, 0.0, 1.0, 3.0, 2.0, 2.0, 3.0, 2.0, 2.0, 1.0, 3.0, 2.0, 6.0, 7.0, 3.0, 6.0, 4.0, 3.0, 5.0, 6.0, 16.0, 39.0, 2.0, 3.0, 1.0, 2.0, 4.0, 7.0, 52.0, 8.0, 7.0, 7.0, 9.0, 5.0, 3.0, 2.0, 1.0, 4.0, 1.0, 4.0, 2.0, 2.0, 2.0, 2.0, 1.0, 1.0, 1.0, 0.0, 1.0, 0.0, 1.0, 0.0, 0.0, 0.0, 0.0, 0.0, 2.0],