{"train_loss": 0.0072991326451301575, "test_loss": 0.0073100849986076355, "_timestamp": 1717437489.1276588, "_runtime": 46.01196885108948, "_step": 499, "gradients/net.4.bias": {"_type": "histogram", "values": [1.0, 0.0, 0.0, 0.0, 0.0, 0.0, 0.0, 0.0, 1.0, 0.0, 0.0, 0.0, 0.0, 1.0, 1.0, 0.0, 0.0, 0.0, 0.0, 0.0, 0.0, 0.0, 0.0, 1.0, 0.0, 1.0, 0.0, 1.0, 0.0, 0.0, 0.0, 0.0, 0.0, 0.0, 0.0, 0.0, 2.0, 1.0, 0.0, 0.0, 0.0, 1.0, 0.0, 0.0, 0.0, 0.0, 0.0, 0.0, 0.0, 0.0, 0.0, 0.0, 0.0, 0.0, 0.0, 0.0, 0.0, 0.0, 0.0, 0.0, 0.0, 0.0, 0.0, 1.0], "bins": [-0.019419679418206215, -0.018702739849686623, -0.01798580028116703, -0.017268862575292587, -0.016551923006772995, -0.015834983438253403, -0.01511804386973381, -0.014401104301214218, -0.0136841656640172, -0.012967226095497608, -0.01225028745830059, -0.011533347889780998, -0.010816408321261406, -0.010099469684064388, -0.009382530115544796, -0.008665591478347778, -0.007948651909828186, -0.007231712806969881, -0.006514773704111576, -0.005797834135591984, -0.005080895032733679, -0.004363955929875374, -0.0036470163613557816, -0.0029300772584974766, -0.0022131381556391716, -0.0014961989363655448, -0.000779259717091918, -6.232038140296936e-05, 0.0006546187214553356, 0.0013715578243136406, 0.002088497392833233, 0.002805436495691538, 0.0035223737359046936, 0.004239312838762999, 0.0049562519416213036, 0.005673191510140896, 0.006390130612999201, 0.007107069715857506, 0.007824009284377098, 0.00854094885289669, 0.009257887490093708, 0.0099748270586133, 0.010691765695810318, 0.01140870526432991, 0.012125644832849503, 0.01284258347004652, 0.013559523038566113, 0.01427646167576313, 0.014993401244282722, 0.015710340812802315, 0.016427280381321907, 0.01714421808719635, 0.017861157655715942, 0.018578097224235535, 0.019295036792755127, 0.02001197636127472, 0.02072891592979431, 0.021445855498313904, 0.022162795066833496, 0.02287973463535309, 0.02359667234122753, 0.024313611909747124, 0.025030551478266716, 0.02574749104678631, 0.02646442875266075]}, "gradients/net.4.weight": {"_type": "histogram", "values": [1.0, 4.0, 2.0, 2.0, 0.0, 5.0, 6.0, 5.0, 10.0, 7.0, 15.0, 15.0, 21.0, 26.0, 18.0, 36.0, 31.0, 37.0, 45.0, 40.0, 38.0, 29.0, 37.0, 50.0, 38.0, 53.0, 155.0, 85.0, 52.0, 26.0, 24.0, 47.0, 100.0, 160.0, 76.0, 45.0, 27.0, 18.0, 17.0, 9.0, 6.0, 7.0, 8.0, 4.0, 8.0, 7.0, 15.0, 9.0, 7.0, 4.0, 4.0, 13.0, 3.0, 6.0, 2.0, 7.0, 1.0, 4.0, 1.0, 2.0, 4.0, 0.0, 0.0, 2.0], "bins": [-0.02557523176074028, -0.024656835943460464, -0.023738441988825798, -0.022820046171545982, -0.021901652216911316, -0.0209832563996315, -0.020064860582351685, -0.01914646476507187, -0.018228070810437202, -0.017309674993157387, -0.01639128103852272, -0.015472885221242905, -0.014554490335285664, -0.013636095449328423, -0.012717699632048607, -0.011799304746091366, -0.010880909860134125, -0.009962514974176884, -0.009044120088219643, -0.008125724270939827, -0.007207329384982586, -0.006288934499025345, -0.0053705391474068165, -0.004452143795788288, -0.003533748909831047, -0.0026153537910431623, -0.0016969586722552776, -0.0007785635534673929, 0.0001398315653204918, 0.0010582264512777328, 0.001976621802896261, 0.0028950171545147896, 0.0038134120404720306, 0.004731806926429272, 0.0056502022780478, 0.006568597629666328, 0.0074869925156235695, 0.00840538740158081, 0.009323783218860626, 0.010242178104817867, 0.011160572990775108, 0.01207896787673235, 0.01299736276268959, 0.013915758579969406, 0.014834153465926647, 0.015752548351883888, 0.016670944169163704, 0.01758933812379837, 0.018507733941078186, 0.019426129758358, 0.020344523712992668, 0.021262919530272484, 0.02218131348490715, 0.023099709302186966, 0.02401810511946678, 0.024936500936746597, 0.025854894891381264, 0.02677329070866108, 0.027691684663295746, 0.02861008048057556, 0.029528476297855377, 0.030446870252490044, 0.03136526420712471, 0.032283660024404526, 0.03320205584168434]}, "gradients/net.2.bias": {"_type": "histogram", "values": [3.0, 1.0, 1.0, 0.0, 2.0, 2.0, 3.0, 1.0, 2.0, 2.0, 4.0, 5.0, 5.0, 2.0, 6.0, 5.0, 3.0, 7.0, 4.0, 8.0, 7.0, 2.0, 3.0, 1.0, 0.0, 4.0, 4.0, 3.0, 3.0, 2.0, 1.0, 3.0, 7.0, 2.0, 5.0, 4.0, 0.0, 2.0, 0.0, 0.0, 2.0, 1.0, 0.0, 2.0, 0.0, 0.0, 0.0, 0.0, 0.0, 0.0, 1.0, 0.0, 0.0, 0.0, 0.0, 0.0, 0.0, 0.0, 1.0, 0.0, 0.0, 0.0, 1.0, 1.0], "bins": [-0.003529001260176301, -0.003356051864102483, -0.0031831024680286646, -0.0030101528391242027, -0.0028372034430503845, -0.0026642540469765663, -0.002491304650902748, -0.00231835525482893, -0.0021454058587551117, -0.0019724564626812935, -0.0017995070666074753, -0.0016265575541183352, -0.001453608158044517, -0.0012806587619706988, -0.0011077092494815588, -0.0009347598534077406, -0.0007618104573339224, -0.0005888610612601042, -0.00041591160697862506, -0.00024296215269714594, -7.001275662332773e-05, 0.00010293663945049047, 0.0002758861519396305, 0.0004488355480134487, 0.0006217849440872669, 0.0007947343401610851, 0.0009676837944425642, 0.0011406332487240434, 0.0013135826447978616, 0.0014865320408716798, 0.0016594815533608198, 0.001832430949434638, 0.0020053805783391, 0.002178329974412918, 0.0023512793704867363, 0.0025242287665605545, 0.0026971781626343727, 0.002870127558708191, 0.0030430771876126528, 0.003216026583686471, 0.003388975979760289, 0.0035619253758341074, 0.0037348747719079256, 0.0039078244008123875, 0.004080773796886206, 0.004253723192960024, 0.004426672589033842, 0.00459962198510766, 0.0047725713811814785, 0.004945520777255297, 0.005118470173329115, 0.005291419569402933, 0.005464368965476751, 0.0056373183615505695, 0.005810268223285675, 0.005983217619359493, 0.0061561670154333115, 0.00632911641150713, 0.006502065807580948, 0.006675015203654766, 0.006847964599728584, 0.0070209139958024025, 0.007193863391876221, 0.007366812787950039, 0.007539762184023857]}, "gradients/net.2.weight": {"_type": "histogram", "values": [3.0, 0.0, 2.0, 0.0, 1.0, 0.0, 0.0, 2.0, 0.0, 2.0, 3.0, 10.0, 4.0, 5.0, 5.0, 5.0, 7.0, 12.0, 25.0, 26.0, 20.0, 29.0, 54.0, 72.0, 106.0, 143.0, 176.0, 239.0, 281.0, 464.0, 554.0, 777.0, 1087.0, 1525.0, 2181.0, 2234.0, 1780.0, 1219.0, 856.0, 607.0, 490.0, 335.0, 242.0, 209.0, 141.0, 110.0, 67.0, 71.0, 41.0, 43.0, 32.0, 20.0, 15.0, 16.0, 10.0, 5.0, 6.0, 4.0, 5.0, 2.0, 2.0, 0.0, 0.0, 2.0], "bins": [-0.0038070708978921175, -0.0036989180371165276, -0.0035907651763409376, -0.0034826123155653477, -0.003374459221959114, -0.003266306361183524, -0.003158153500407934, -0.0030500006396323442, -0.0029418477788567543, -0.0028336949180811644, -0.0027255420573055744, -0.002617388963699341, -0.002509236102923751, -0.002401083242148161, -0.002292930381372571, -0.002184777520596981, -0.0020766244269907475, -0.0019684715662151575, -0.0018603185890242457, -0.0017521657282486558, -0.001644012751057744, -0.001535859890282154, -0.0014277070295065641, -0.0013195541687309742, -0.0012114011915400624, -0.0011032483307644725, -0.0009950953535735607, -0.0008869424927979708, -0.0007787895738147199, -0.0006706366548314691, -0.0005624837940558791, -0.00045433087507262826, -0.00034617772325873375, -0.00023802481882739812, -0.0001298719143960625, -2.1719024516642094e-05, 8.643389446660876e-05, 0.00019458681344985962, 0.00030273967422544956, 0.0004108925932087004, 0.0005190455121919513, 0.0006271984311752021, 0.000735351350158453, 0.0008435042109340429, 0.0009516571299172938, 0.0010598100489005446, 0.0011679629096761346, 0.0012761158868670464, 0.0013842687476426363, 0.0014924216084182262, 0.001600574585609138, 0.001708727446384728, 0.0018168804235756397, 0.0019250332843512297, 0.0020331861451268196, 0.0021413390059024096, 0.0022494918666779995, 0.0023576447274535894, 0.0024657975882291794, 0.002573950681835413, 0.002682103542611003, 0.002790256403386593, 0.002898409264162183, 0.0030065621249377728, 0.0031147152185440063]}, "gradients/net.0.bias": {"_type": "histogram",