{"train_loss": 2.108954668045044, "train_grad": 0.13070213794708252, "train_H": 0.005572447087615728, "test_loss": 2.414252996444702, "test_grad": 0.13037781417369843, "test_h": 0, "test_H": 0.010881314985454082, "_timestamp": 1717581635.754026, "_runtime": 67.68858194351196, "_step": 122, "_wandb": {"runtime": 67}}