{"train_loss": 1.133960247039795, "train_grad": 0.6743500828742981, "train_H": 0.10979987680912018, "test_loss": 1.0000433921813965, "test_grad": 0.6569398641586304, "test_h": 0, "test_H": 0.012000680901110172, "_timestamp": 1717628084.3219817, "_runtime": 20.56066370010376, "_step": 0, "_wandb": {"runtime": 28}}