{"train_loss": 1.5254280697263312e-05, "train_grad": 2.849177462849184e-06, "test_loss": 1.3500844943337142e-05, "test_grad": 2.760557890724158e-06, "_timestamp": 1717626083.4632554, "_runtime": 1001.7747514247894, "_step": 99, "gradients/net.0.weight": {"_type": "histogram", "values": [2.0, 1.0, 2.0, 5.0, 1.0, 1.0, 4.0, 2.0, 3.0, 6.0, 7.0, 10.0, 14.0, 10.0, 16.0, 16.0, 19.0, 32.0, 45.0, 47.0, 44.0, 68.0, 64.0, 94.0, 92.0, 105.0, 136.0, 120.0, 152.0, 143.0, 163.0, 176.0, 155.0, 144.0, 132.0, 130.0, 137.0, 110.0, 98.0, 84.0, 77.0, 67.0, 58.0, 68.0, 26.0, 26.0, 28.0, 24.0, 22.0, 15.0, 9.0, 12.0, 13.0, 7.0, 8.0, 2.0, 4.0, 8.0, 3.0, 1.0, 0.0, 2.0, 1.0, 1.0], "bins": [-7.983724935911596e-05, -7.732632366241887e-05, -7.481539796572179e-05, -7.230447954498231e-05, -6.979355384828523e-05, -6.728262815158814e-05, -6.477170245489106e-05, -6.226077675819397e-05, -5.974985469947569e-05, -5.7238929002778605e-05, -5.4728006944060326e-05, -5.221708124736324e-05, -4.9706155550666153e-05, -4.7195233491947874e-05, -4.468430779525079e-05, -4.217338573653251e-05, -3.966246003983542e-05, -3.715153434313834e-05, -3.464061228442006e-05, -3.212968658772297e-05, -2.961876271001529e-05, -2.7107838832307607e-05, -2.459691313561052e-05, -2.2085989257902838e-05, -1.9575065380195156e-05, -1.7064141502487473e-05, -1.4553216715285089e-05, -1.2042291928082705e-05, -9.531368050375022e-06, -7.0204441726673394e-06, -4.509519385464955e-06, -1.998594598262571e-06, 5.123292794451118e-07, 3.023253611900145e-06, 5.534177944355179e-06, 8.045102731557563e-06, 1.0556026609265245e-05, 1.3066950486972928e-05, 1.5577876183670014e-05, 1.8088800061377697e-05, 2.059972393908538e-05, 2.3110647816793062e-05, 2.5621571694500744e-05, 2.813249739119783e-05, 3.0643423087894917e-05, 3.3154345146613196e-05, 3.566527084331028e-05, 3.817619290202856e-05, 4.068711859872565e-05, 4.319804429542273e-05, 4.570896635414101e-05, 4.82198920508381e-05, 5.073081410955638e-05, 5.324173980625346e-05, 5.575266550295055e-05, 5.8263591199647635e-05, 6.0774513258365914e-05, 6.32854353170842e-05, 6.579636101378128e-05, 6.830728671047837e-05, 7.081821240717545e-05, 7.332913810387254e-05, 7.584005652461201e-05, 7.83509822213091e-05, 8.086190791800618e-05]}, "gradients/net.2.weight": {"_type": "histogram", "values": [1.0, 0.0, 0.0, 0.0, 0.0, 0.0, 0.0, 1.0, 0.0, 0.0, 2.0, 2.0, 1.0, 0.0, 3.0, 7.0, 5.0, 13.0, 16.0, 23.0, 48.0, 49.0, 87.0, 120.0, 173.0, 224.0, 320.0, 427.0, 611.0, 936.0, 1304.0, 2093.0, 3080.0, 4567.0, 6672.0, 9758.0, 10430.0, 8016.0, 5299.0, 3599.0, 2523.0, 1575.0, 1011.0, 784.0, 518.0, 372.0, 249.0, 183.0, 133.0, 91.0, 68.0, 49.0, 18.0, 27.0, 12.0, 14.0, 4.0, 4.0, 5.0, 5.0, 2.0, 1.0, 0.0, 1.0], "bins": [-5.714416693081148e-05, -5.556625910685398e-05, -5.398834764491767e-05, -5.2410439820960164e-05, -5.083253199700266e-05, -4.925462417304516e-05, -4.767671271110885e-05, -4.6098804887151346e-05, -4.4520893425215036e-05, -4.294298560125753e-05, -4.136507413932122e-05, -3.978716631536372e-05, -3.820925849140622e-05, -3.663134702946991e-05, -3.5053439205512404e-05, -3.34755313815549e-05, -3.18976235575974e-05, -3.0319713914650492e-05, -2.874180609069299e-05, -2.7163896447746083e-05, -2.558598862378858e-05, -2.4008078980841674e-05, -2.2430169337894768e-05, -2.0852261513937265e-05, -1.9274351870990358e-05, -1.7696442228043452e-05, -1.611853440408595e-05, -1.4540624761139043e-05, -1.2962716027686838e-05, -1.1384807294234633e-05, -9.806897651287727e-06, -8.228988917835522e-06, -6.651080184383318e-06, -5.073171450931113e-06, -3.4952622627315577e-06, -1.917353074532002e-06, -3.394443410797976e-07, 1.238464392372407e-06, 2.8163740353193134e-06, 4.394282768771518e-06, 5.972191502223723e-06, 7.550100235675927e-06, 9.128008969128132e-06, 1.0705918612075038e-05, 1.2283827345527243e-05, 1.3861736078979447e-05, 1.5439645721926354e-05, 1.701755536487326e-05, 1.8595463188830763e-05, 2.017337283177767e-05, 2.1751280655735172e-05, 2.332919029868208e-05, 2.490709812263958e-05, 2.6485007765586488e-05, 2.8062917408533394e-05, 2.9640825232490897e-05, 3.12187330564484e-05, 3.27966408804059e-05, 3.437455234234221e-05, 3.5952460166299716e-05, 3.753036799025722e-05, 3.910827945219353e-05, 4.068618727615103e-05, 4.2264095100108534e-05, 4.3842006562044844e-05]}, "gradients/net.4.bias": {"_type": "histogram", "values": [1.0, 0.0, 0.0, 1.0, 0.0, 0.0, 0.0, 0.0, 0.0, 0.0, 0.0, 0.0, 0.0, 1.0, 0.0, 0.0, 0.0, 0.0, 0.0, 0.0, 0.0, 1.0, 1.0, 0.0, 0.0, 1.0, 0.0, 1.0, 0.0, 0.0, 0.0, 0.0, 0.0, 0.0, 0.0, 1.0, 0.0, 0.0, 0.0, 0.0, 0.0, 0.0, 1.0, 0.0, 0.0, 0.0, 0.0, 0.0, 0.0, 1.0, 1.0, 0.0, 0.0, 0.0, 0.0, 0.0, 0.0, 0.0, 0.0, 0.0, 0.0, 0.0, 0.0, 1.0], "bins": [-0.00017722335178405046, -0.00017221618327312171, -0.00016720901476219296, -0.00016220186080317944, -0.0001571946922922507, -0.00015218752378132194, -0.00014718036982230842, -0.00014217320131137967, -0.00013716603280045092, -0.00013215886428952217, -0.00012715169577859342, -0.0001221445418195799, -0.00011713737330865115, -0.0001121302047977224, -0.00010712304356275126, -0.00010211588232778013, -9.710871381685138e-05, -9.210154530592263e-05, -8.709438407095149e-05, -8.208722283598036e-05, -7.70800543250516e-05, -7.207288581412286e-05, -6.706572457915172e-05, -6.205856334418058e-05, -5.7051394833251834e-05, -5.204422996030189e-05, -4.703706508735195e-05, -4.2029900214402005e-05, -3.702273534145206e-05, -3.201557046850212e-05, -2.7008405595552176e-05, -2.2001240722602233e-05, -1.6994061297737062e-05, -1.1986896424787119e-05, -6.979731551837176e-06, -1.972566678887233e-06, 3.03459819406271e-06, 8.041763067012653e-06, 1.3048927939962596e-05, 1.805609281291254e-05, 2.306325768586248e-05, 2.8070422558812425e-05, 3.307758743176237e-05, 3.808475230471231e-05, 4.309191717766225e-05, 4.8099082050612196e-05, 5.310624692356214e-05, 5.811341179651208e-05, 6.312057666946203e-05, 6.812774518039078e-05, 7.313490641536191e-05, 7.814206765033305e-05, 8.31492361612618e-05, 8.815640467219055e-05, 9.316356590716168e-05, 9.817072714213282e-05, 0.00010317789565306157, 0.00010818506416399032, 0.00011319222539896145, 0.00011819938663393259, 0.00012320655514486134, 0.0001282137236557901, 0.00013322089216671884, 0.00013822804612573236, 0.0001432352146366611]}, "gradients/net.4.weight": {"_type": "histogram", "values": [2.0, 0.0, 1.0, 2.0, 5.0, 1.0, 6.0, 4.0, 7.0, 9.0, 8.0, 14.0, 18.0, 21.0, 27.0, 31.0, 35.0, 38.0, 54.0, 52.0, 55.0, 79.0, 101.0, 91.0, 128.0, 135.0, 149.0, 137.0, 174.0, 203.0, 212.0, 220.0, 176.0, 147.0, 149.0, 96.0, 93.0, 69.0, 61.0, 43.0, 45.0, 23.0, 25.0, 27.0, 22.0, 18.0, 14.0, 10.0, 7.0, 5.0, 7.0, 6.0, 4.0, 1.0, 1.0, 1.0, 1.0, 0.0, 0.0, 1.0, 0.0, 0.0, 0.0, 1.0],