{"train_loss": 0.0068578836508095264, "train_grad": 0.0017417228082194924, "train_H": 0.005114035215228796, "test_loss": 0.018625251948833466, "test_grad": 0.0021947629284113646, "test_h": 0, "test_H": 0.01642780192196369, "_timestamp": 1717581895.6806653, "_runtime": 44.93231225013733, "_step": 499, "gradients/NN.net.2.bias": {"_type": "histogram", "values": [0.0, 0.0, 0.0, 0.0, 0.0, 0.0, 0.0, 0.0, 0.0, 0.0, 0.0, 0.0, 0.0, 0.0, 0.0, 0.0, 0.0, 0.0, 0.0, 0.0, 0.0, 0.0, 0.0, 0.0, 0.0, 0.0, 0.0, 0.0, 0.0, 0.0, 0.0, 0.0, 1.0, 0.0, 0.0, 0.0, 0.0, 0.0, 0.0, 0.0, 0.0, 0.0, 0.0, 0.0, 0.0, 0.0, 0.0, 0.0, 0.0, 0.0, 0.0, 0.0, 0.0, 0.0, 0.0, 0.0, 0.0, 0.0, 0.0, 0.0, 0.0, 0.0, 0.0, 0.0], "bins": [0.010044366121292114, 0.010044366121292114, 0.010044366121292114, 0.010044366121292114, 0.010044366121292114, 0.010044366121292114, 0.010044366121292114, 0.010044366121292114, 0.010044366121292114, 0.010044366121292114, 0.010044366121292114, 0.010044366121292114, 0.010044366121292114, 0.010044366121292114, 0.010044366121292114, 0.010044366121292114, 0.010044366121292114, 0.010044366121292114, 0.010044366121292114, 0.010044366121292114, 0.010044366121292114, 0.010044366121292114, 0.010044366121292114, 0.010044366121292114, 0.010044366121292114, 0.010044366121292114, 0.010044366121292114, 0.010044366121292114, 0.010044366121292114, 0.010044366121292114, 0.010044366121292114, 0.010044366121292114, 0.010044366121292114, 0.010044366121292114, 0.010044366121292114, 0.010044366121292114, 0.010044366121292114, 0.010044366121292114, 0.010044366121292114, 0.010044366121292114, 0.010044366121292114, 0.010044366121292114, 0.010044366121292114, 0.010044366121292114, 0.010044366121292114, 0.010044366121292114, 0.010044366121292114, 0.010044366121292114, 0.010044366121292114, 0.010044366121292114, 0.010044366121292114, 0.010044366121292114, 0.010044366121292114, 0.010044366121292114, 0.010044366121292114, 0.010044366121292114, 0.010044366121292114, 0.010044366121292114, 0.010044366121292114, 0.010044366121292114, 0.010044366121292114, 0.010044366121292114, 0.010044366121292114, 0.010044366121292114, 0.010044366121292114]}, "gradients/NN.net.2.weight": {"_type": "histogram", "values": [1.0, 0.0, 1.0, 0.0, 0.0, 2.0, 5.0, 0.0, 3.0, 6.0, 3.0, 2.0, 3.0, 3.0, 5.0, 5.0, 4.0, 9.0, 5.0, 3.0, 5.0, 9.0, 7.0, 18.0, 17.0, 15.0, 14.0, 21.0, 28.0, 45.0, 41.0, 30.0, 22.0, 23.0, 17.0, 14.0, 15.0, 10.0, 16.0, 14.0, 10.0, 12.0, 10.0, 5.0, 6.0, 0.0, 2.0, 4.0, 2.0, 1.0, 2.0, 1.0, 1.0, 3.0, 1.0, 0.0, 6.0, 2.0, 1.0, 1.0, 0.0, 0.0, 0.0, 1.0], "bins": [-0.012418204918503761, -0.01200797874480486, -0.011597752571105957, -0.01118752732872963, -0.010777301155030727, -0.010367074981331825, -0.009956849738955498, -0.009546623565256596, -0.009136397391557693, -0.008726171217858791, -0.00831594504415989, -0.007905719801783562, -0.00749549362808466, -0.0070852674543857574, -0.006675041746348143, -0.006264816038310528, -0.005854589864611626, -0.0054443636909127235, -0.005034137982875109, -0.004623912274837494, -0.004213686101138592, -0.0038034601602703333, -0.003393234219402075, -0.0029830082785338163, -0.002572782337665558, -0.0021625563967972994, -0.001752330455929041, -0.0013421045150607824, -0.000931878574192524, -0.0005216526333242655, -0.000111426692456007, 0.00029879924841225147, 0.0007090261206030846, 0.001119252061471343, 0.0015294780023396015, 0.00193970394320786, 0.0023499298840761185, 0.002760155824944377, 0.0031703817658126354, 0.003580607706680894, 0.003990833647549152, 0.0044010598212480545, 0.004811285529285669, 0.005221511237323284, 0.005631737411022186, 0.006041963584721088, 0.006452189292758703, 0.006862415000796318, 0.00727264117449522, 0.007682867348194122, 0.00809309259057045, 0.008503318764269352, 0.008913544937968254, 0.009323771111667156, 0.009733997285366058, 0.010144222527742386, 0.010554448701441288, 0.01096467487514019, 0.011374900117516518, 0.01178512629121542, 0.012195352464914322, 0.012605578638613224, 0.013015804812312126, 0.013426030054688454, 0.013836256228387356]}, "gradients/NN.net.0.bias": {"_type": "histogram", "values": [1.0, 0.0, 0.0, 0.0, 0.0, 0.0, 1.0, 0.0, 0.0, 1.0, 1.0, 0.0, 2.0, 1.0, 0.0, 0.0, 6.0, 2.0, 7.0, 7.0, 3.0, 12.0, 11.0, 20.0, 14.0, 17.0, 15.0, 27.0, 19.0, 13.0, 35.0, 85.0, 25.0, 25.0, 16.0, 17.0, 18.0, 24.0, 13.0, 19.0, 10.0, 11.0, 7.0, 5.0, 5.0, 3.0, 1.0, 2.0, 1.0, 4.0, 0.0, 0.0, 0.0, 1.0, 0.0, 3.0, 0.0, 0.0, 0.0, 0.0, 1.0, 0.0, 0.0, 1.0], "bins": [-0.005028868094086647, -0.004871428478509188, -0.004713988862931728, -0.004556549247354269, -0.00439910963177681, -0.00424167001619935, -0.004084230400621891, -0.003926790319383144, -0.0037693509366363287, -0.0036119113210588694, -0.00345447170548141, -0.0032970320899039507, -0.0031395922414958477, -0.0029821526259183884, -0.002824713010340929, -0.0026672733947634697, -0.0025098337791860104, -0.002352394163608551, -0.0021949545480310917, -0.0020375149324536324, -0.0018800752004608512, -0.0017226355848833919, -0.0015651958528906107, -0.0014077562373131514, -0.001250316621735692, -0.0010928770061582327, -0.0009354373323731124, -0.0007779976585879922, -0.0006205580430105329, -0.0004631184274330735, -0.00030567875364795327, -0.00014823907986283302, 9.200070053339005e-06, 0.0001666397147346288, 0.0003240793594159186, 0.0004815190040972084, 0.0006389586487784982, 0.0007963982643559575, 0.0009538379381410778, 0.001111277611926198, 0.0012687172275036573, 0.0014261568430811167, 0.001583596458658576, 0.0017410361906513572, 0.0018984758062288165, 0.0020559155382215977, 0.002213355153799057, 0.0023707947693765163, 0.0025282343849539757, 0.002685674000531435, 0.0028431136161088943, 0.0030005532316863537, 0.003157992847263813, 0.0033154324628412724, 0.0034728723112493753, 0.0036303119268268347, 0.003787751542404294, 0.003945191390812397, 0.004102631006389856, 0.004260070621967316, 0.004417510237544775, 0.004574949853122234, 0.004732389468699694, 0.004889829084277153, 0.005047268699854612]}, "gradients/NN.net.0.weight": {"_type": "histogram", "values": [1.0, 0.0, 1.0, 0.0, 1.0, 2.0, 0.0, 0.0, 0.0, 0.0, 0.0, 3.0, 3.0, 4.0, 8.0, 8.0, 11.0, 13.0, 17.0, 18.0, 22.0, 28.0, 37.0, 37.0, 64.0, 67.0, 98.0, 105.0, 152.0, 206.0, 237.0, 331.0, 480.0, 1567.0, 751.0, 409.0, 335.0, 259.0, 221.0, 156.0, 113.0, 104.0, 49.0, 43.0, 43.0, 28.0, 27.0, 14.0, 11.0, 14.0, 6.0, 8.0, 5.0, 6.0, 2.0, 7.0, 0.0, 2.0, 4.0, 1.0, 2.0, 0.0, 1.0, 2.0], "bins": [-0.005210043862462044, -0.005056345835328102, -0.004902647342532873, -0.004748948849737644, -0.0045952508226037025, -0.004441552795469761, -0.004287854302674532, -0.004134155809879303, -0.003980457782745361, -0.003826759522780776, -0.0036730612628161907, -0.0035193630028516054, -0.00336566474288702, -0.003211966482922435, -0.0030582682229578495, -0.002904569962993264, -0.002750871703028679, -0.0025971734430640936, -0.0024434751830995083, -0.002289776923134923, -0.0021360786631703377, -0.0019823804032057524, -0.001828682143241167, -0.0016749838832765818, -0.0015212856233119965, -0.0013675873633474112, -0.0012138891033828259, -0.0010601908434182405, -0.0009064925834536552, -0.0007527943234890699, -0.0005990960635244846, -0.00044539780355989933, -0.00029170000925660133, -0.00013800174929201603, 1.5696510672569275e-05, 0.00016939477063715458, 0.0003230930306017399, 0.0004767912905663252, 0.0006304895505309105, 0.0007841878104954958, 0.0009378860704600811, 0.0010915843304246664, 0.0012452825903892517, 0.001398980850353837, 0.0015526791103184223, 0.0017063773702830076, 0.001860075630247593, 0.0020137738902121782, 0.0021674721501767635, 0.002321170410141349, 0.002474868670105934, 0.0026285669300705194, 0.0027822651900351048, 0.00293596344999969, 0.0030896617099642754, 0.0032433599699288607, 0.003397058229893446, 0.0035507564898580313, 0.0037044547498226166, 0.003858153009787202, 0.004011851269751787, 0.004165549762547016, 0.004319247789680958, 0.0044729458168148994, 0.004626644309610128]}, "_wandb": {"runtime": 44}}