{"train_loss_d1": 1.7997071743011475, "train_H_d1": 7.3685736656188965, "test_loss_d1": 2.018962860107422, "test_H_d1": 8.31064510345459, "_timestamp": 1723224260.6843898, "_runtime": 405.525102853775, "_step": 20, "parameters/net.0.w.weight": {"_type": "histogram", "values": [1.0, 1.0, 0.0, 1.0, 1.0, 1.0, 1.0, 5.0, 2.0, 7.0, 10.0, 6.0, 6.0, 3.0, 10.0, 16.0, 8.0, 9.0, 12.0, 8.0, 15.0, 9.0, 20.0, 10.0, 9.0, 11.0, 14.0, 10.0, 18.0, 9.0, 12.0, 14.0, 5.0, 13.0, 11.0, 12.0, 5.0, 12.0, 9.0, 7.0, 15.0, 7.0, 10.0, 10.0, 6.0, 12.0, 8.0, 8.0, 9.0, 11.0, 14.0, 12.0, 7.0, 4.0, 7.0, 7.0, 11.0, 5.0, 7.0, 2.0, 3.0, 0.0, 3.0, 1.0], "bins": [-0.6829116940498352, -0.6625242233276367, -0.642136812210083, -0.6217493414878845, -0.601361870765686, -0.5809744000434875, -0.5605869293212891, -0.5401995182037354, -0.5198120474815369, -0.4994245767593384, -0.4790371358394623, -0.4586496949195862, -0.4382622241973877, -0.4178747534751892, -0.3974873125553131, -0.377099871635437, -0.3567124009132385, -0.33632493019104004, -0.31593748927116394, -0.29555004835128784, -0.27516257762908936, -0.25477510690689087, -0.23438766598701477, -0.21400021016597748, -0.19361275434494019, -0.1732252985239029, -0.1528378427028656, -0.1324503868818283, -0.11206293106079102, -0.09167547523975372, -0.07128801941871643, -0.05090056359767914, -0.030513107776641846, -0.010125651955604553, 0.01026180386543274, 0.030649259686470032, 0.051036715507507324, 0.07142417132854462, 0.09181162714958191, 0.1121990829706192, 0.1325865387916565, 0.1529739946126938, 0.17336145043373108, 0.19374890625476837, 0.21413636207580566, 0.23452381789684296, 0.25491127371788025, 0.27529871463775635, 0.29568618535995483, 0.3160736560821533, 0.3364610970020294, 0.3568485379219055, 0.377236008644104, 0.3976234793663025, 0.4180109202861786, 0.4383983612060547, 0.4587858319282532, 0.47917330265045166, 0.49956074357032776, 0.5199481844902039, 0.5403356552124023, 0.5607231259346008, 0.5811105966567993, 0.601498007774353, 0.6218854784965515]}, "parameters/net.2.w.weight": {"_type": "histogram", "values": [1.0, 2.0, 2.0, 3.0, 1.0, 4.0, 11.0, 6.0, 9.0, 12.0, 16.0, 20.0, 10.0, 15.0, 22.0, 28.0, 26.0, 20.0, 29.0, 25.0, 30.0, 21.0, 24.0, 34.0, 44.0, 26.0, 31.0, 38.0, 52.0, 47.0, 52.0, 59.0, 43.0, 45.0, 44.0, 56.0, 43.0, 42.0, 44.0, 34.0, 41.0, 25.0, 27.0, 39.0, 34.0, 33.0, 33.0, 21.0, 26.0, 25.0, 18.0, 19.0, 21.0, 14.0, 13.0, 11.0, 15.0, 13.0, 15.0, 8.0, 7.0, 3.0, 3.0, 1.0], "bins": [-0.13316309452056885, -0.12898576259613037, -0.12480844557285309, -0.12063112109899521, -0.11645379662513733, -0.11227647215127945, -0.10809914767742157, -0.10392182320356369, -0.09974449872970581, -0.09556717425584793, -0.09138984978199005, -0.08721252530813217, -0.08303520083427429, -0.07885787636041641, -0.07468055188655853, -0.07050322741270065, -0.06632590293884277, -0.062148578464984894, -0.057971253991127014, -0.053793929517269135, -0.049616605043411255, -0.045439280569553375, -0.041261956095695496, -0.037084631621837616, -0.032907307147979736, -0.028729982674121857, -0.024552658200263977, -0.020375333726406097, -0.016198009252548218, -0.012020684778690338, -0.007843360304832458, -0.003666035830974579, 0.0005112886428833008, 0.00468861311674118, 0.00886593759059906, 0.01304326206445694, 0.01722058653831482, 0.0213979110121727, 0.02557523548603058, 0.029752559959888458, 0.03392988443374634, 0.03810720890760422, 0.0422845333814621, 0.04646185785531998, 0.050639182329177856, 0.054816506803035736, 0.058993831276893616, 0.0631711557507515, 0.06734848022460938, 0.07152580469846725, 0.07570312917232513, 0.07988045364618301, 0.0840577781200409, 0.08823510259389877, 0.09241242706775665, 0.09658975154161453, 0.10076707601547241, 0.10494440048933029, 0.10912172496318817, 0.11329904943704605, 0.11747637391090393, 0.12165369838476181, 0.1258310228586197, 0.13000833988189697, 0.13418567180633545]}, "_wandb": {"runtime": 404}}