{"train_loss": 6.288583278656006, "train_grad": 3.8529837131500244, "train_H": 4.361355304718018, "test_loss": 6.312319755554199, "test_grad": 3.786792039871216, "test_H": 4.4181976318359375, "_timestamp": 1719433020.1549659, "_runtime": 1036.7326078414917, "_step": 6}