{"train_loss": 0.06028633937239647, "test_loss": 0.0532275028526783, "_timestamp": 1717436541.7769692, "_runtime": 10.7885262966156, "_step": 99, "gradients/net.4.bias": {"_type": "histogram", "values": [1.0, 1.0, 0.0, 0.0, 0.0, 0.0, 1.0, 0.0, 0.0, 0.0, 0.0, 0.0, 0.0, 0.0, 0.0, 0.0, 0.0, 0.0, 0.0, 0.0, 0.0, 0.0, 0.0, 0.0, 0.0, 0.0, 1.0, 0.0, 0.0, 0.0, 0.0, 0.0, 0.0, 0.0, 0.0, 0.0, 0.0, 0.0, 1.0, 0.0, 1.0, 0.0, 0.0, 0.0, 0.0, 0.0, 0.0, 0.0, 0.0, 0.0, 1.0, 0.0, 0.0, 0.0, 0.0, 0.0, 0.0, 0.0, 0.0, 0.0, 0.0, 0.0, 0.0, 1.0], "bins": [-0.23541389405727386, -0.22890229523181915, -0.22239071130752563, -0.21587911248207092, -0.2093675285577774, -0.2028559297323227, -0.19634434580802917, -0.18983274698257446, -0.18332114815711975, -0.17680954933166504, -0.17029796540737152, -0.1637863665819168, -0.1572747826576233, -0.15076318383216858, -0.14425158500671387, -0.13774000108242035, -0.13122841715812683, -0.12471682578325272, -0.1182052344083786, -0.11169363558292389, -0.10518205165863037, -0.09867045283317566, -0.09215886145830154, -0.08564727008342743, -0.07913567870855331, -0.0726240873336792, -0.06611249595880508, -0.05960090085864067, -0.053089309483766556, -0.04657771810889244, -0.04006612300872803, -0.03355453163385391, -0.027042925357818604, -0.02053133398294449, -0.014019740745425224, -0.00750814750790596, -0.000996556133031845, 0.00551503524184227, 0.012026630342006683, 0.0185382217168808, 0.025049813091754913, 0.03156140446662903, 0.03807299584150314, 0.04458459094166756, 0.05109618231654167, 0.05760777369141579, 0.0641193687915802, 0.07063096016645432, 0.07714255154132843, 0.08365414291620255, 0.09016573429107666, 0.09667733311653137, 0.10318891704082489, 0.1097005158662796, 0.11621210724115372, 0.12272369861602783, 0.12923529744148254, 0.13574689626693726, 0.14225848019123077, 0.14877007901668549, 0.155281662940979, 0.16179326176643372, 0.16830486059188843, 0.17481644451618195, 0.18132802844047546]}, "gradients/net.4.weight": {"_type": "histogram", "values": [3.0, 4.0, 1.0, 3.0, 3.0, 2.0, 1.0, 2.0, 4.0, 5.0, 2.0, 6.0, 4.0, 6.0, 3.0, 8.0, 11.0, 9.0, 8.0, 18.0, 17.0, 16.0, 11.0, 13.0, 21.0, 12.0, 23.0, 24.0, 26.0, 28.0, 38.0, 51.0, 36.0, 45.0, 45.0, 105.0, 89.0, 63.0, 39.0, 31.0, 19.0, 16.0, 19.0, 10.0, 13.0, 11.0, 16.0, 19.0, 9.0, 14.0, 9.0, 7.0, 5.0, 3.0, 3.0, 2.0, 3.0, 4.0, 1.0, 0.0, 1.0, 1.0, 0.0, 3.0], "bins": [-2.554960250854492, -2.481137275695801, -2.4073140621185303, -2.333491086959839, -2.2596681118011475, -2.185844898223877, -2.1120219230651855, -2.038198947906494, -1.9643758535385132, -1.8905527591705322, -1.8167297840118408, -1.7429066896438599, -1.669083595275879, -1.5952606201171875, -1.5214375257492065, -1.4476144313812256, -1.3737914562225342, -1.2999683618545532, -1.2261453866958618, -1.1523222923278809, -1.0784993171691895, -1.0046762228012085, -0.9308531284332275, -0.8570300936698914, -0.7832070589065552, -0.709384024143219, -0.6355609893798828, -0.5617378950119019, -0.4879148602485657, -0.4140918254852295, -0.3402687609195709, -0.26644569635391235, -0.19262242317199707, -0.1187993735074997, -0.04497632384300232, 0.028846725821495056, 0.10266977548599243, 0.1764928102493286, 0.2503158748149872, 0.32413893938064575, 0.39796197414398193, 0.4717850089073181, 0.5456080436706543, 0.6194311380386353, 0.6932541728019714, 0.7670772075653076, 0.8409003019332886, 0.9147233366966248, 0.9885463714599609, 1.062369465827942, 1.1361924409866333, 1.2100155353546143, 1.2838385105133057, 1.3576616048812866, 1.4314846992492676, 1.505307674407959, 1.57913076877594, 1.652953863143921, 1.7267768383026123, 1.8005999326705933, 1.8744230270385742, 1.9482460021972656, 2.022068977355957, 2.0958921909332275, 2.169715166091919]}, "gradients/net.2.bias": {"_type": "histogram", "values": [1.0, 1.0, 0.0, 0.0, 1.0, 0.0, 0.0, 0.0, 0.0, 0.0, 0.0, 0.0, 0.0, 0.0, 0.0, 2.0, 2.0, 0.0, 0.0, 1.0, 2.0, 3.0, 2.0, 2.0, 2.0, 3.0, 6.0, 3.0, 3.0, 4.0, 4.0, 8.0, 7.0, 6.0, 7.0, 6.0, 13.0, 7.0, 4.0, 4.0, 3.0, 3.0, 1.0, 4.0, 2.0, 0.0, 1.0, 2.0, 2.0, 2.0, 1.0, 0.0, 0.0, 0.0, 0.0, 0.0, 0.0, 0.0, 0.0, 2.0, 0.0, 0.0, 0.0, 1.0], "bins": [-0.16383390128612518, -0.15899020433425903, -0.1541464924812317, -0.14930279552936554, -0.1444590836763382, -0.13961538672447205, -0.1347716748714447, -0.12992797791957855, -0.1250842809677124, -0.12024057656526566, -0.11539687216281891, -0.11055317521095276, -0.10570947080850601, -0.10086576640605927, -0.09602206200361252, -0.09117835760116577, -0.08633465319871902, -0.08149094879627228, -0.07664724439382553, -0.07180353999137878, -0.06695984303951263, -0.06211613863706589, -0.05727243423461914, -0.05242873355746269, -0.047585029155015945, -0.0427413247525692, -0.03789762407541275, -0.033053919672966, -0.028210217133164406, -0.023366514593362808, -0.01852281019091606, -0.013679109513759613, -0.008835405111312866, -0.003991702105849981, 0.0008520008996129036, 0.005695704370737076, 0.010539406910538673, 0.015383109450340271, 0.020226813852787018, 0.025070514529943466, 0.029914218932390213, 0.03475792333483696, 0.03960162401199341, 0.044445328414440155, 0.0492890328168869, 0.05413273349404335, 0.0589764378964901, 0.06382013857364655, 0.06866384297609329, 0.07350754737854004, 0.07835125178098679, 0.08319495618343353, 0.08803865313529968, 0.09288235753774643, 0.09772606194019318, 0.10256975889205933, 0.10741347074508667, 0.11225717514753342, 0.11710087954998016, 0.12194457650184631, 0.12678828835487366, 0.1316319853067398, 0.13647568225860596, 0.1413193941116333, 0.14616309106349945]}, "gradients/net.2.weight": {"_type": "histogram", "values": [6.0, 6.0, 9.0, 8.0, 8.0, 22.0, 26.0, 15.0, 22.0, 18.0, 15.0, 39.0, 46.0, 48.0, 73.0, 77.0, 81.0, 106.0, 123.0, 125.0, 175.0, 229.0, 249.0, 252.0, 415.0, 455.0, 543.0, 617.0, 735.0, 923.0, 1083.0, 1068.0, 1226.0, 1190.0, 1127.0, 902.0, 788.0, 611.0, 549.0, 420.0, 344.0, 262.0, 258.0, 192.0, 170.0, 133.0, 101.0, 82.0, 77.0, 70.0, 47.0, 42.0, 49.0, 29.0, 10.0, 8.0, 13.0, 14.0, 13.0, 12.0, 13.0, 4.0, 7.0, 4.0], "bins": [-0.24748782813549042, -0.23982666432857513, -0.23216550052165985, -0.22450433671474457, -0.2168431580066681, -0.2091819941997528, -0.20152083039283752, -0.19385966658592224, -0.18619850277900696, -0.17853733897209167, -0.1708761751651764, -0.1632150113582611, -0.15555384755134583, -0.14789268374443054, -0.14023150503635406, -0.13257034122943878, -0.1249091774225235, -0.11724801361560822, -0.10958684980869293, -0.10192567855119705, -0.09426451474428177, -0.08660335093736649, -0.0789421796798706, -0.07128101587295532, -0.06361985206604004, -0.055958688259124756, -0.048297520726919174, -0.04063635319471359, -0.03297518938779831, -0.025314025580883026, -0.017652858048677444, -0.009991690516471863, -0.0023305118083953857, 0.005330653861165047, 0.012991819530725479, 0.02065298520028591, 0.028314150869846344, 0.03597531467676163, 0.04363648220896721, 0.05129764974117279, 0.058958813548088074, 0.06661997735500336, 0.07428114116191864, 0.08194231241941452, 0.0896034762263298, 0.09726464003324509, 0.10492581129074097, 0.11258697509765625, 0.12024813890457153, 0.12790930271148682, 0.1355704665184021, 0.14323163032531738, 0.15089279413223267, 0.15855395793914795, 0.16621513664722443, 0.1738763004541397, 0.181537464261055, 0.18919862806797028, 0.19685979187488556, 0.20452095568180084, 0.21218213438987732, 0.2198432981967926, 0.22750446200370789, 0.23516562581062317, 0.24282678961753845]}, "gradients/net.0.bias": {"_type": "histogram", "values": [2.0, 2.0, 0.0, 0.0, 0.0, 0.0, 1.0, 1.0, 0.0, 0.0, 2.0, 1.0, 1.0, 0.0, 1.0, 3.0, 1.0, 1.0, 1.0, 1.0, 4.0, 4.0, 2.0, 1.0, 2.0, 7.0, 8.0, 4.0, 7.0, 9.0, 8.0, 4.0, 4.0, 5.0, 6.0, 2.0, 2.0, 5.0, 4.0, 2.0, 1.0, 4.0, 1.0, 1.0, 1.0, 2.0, 1.0, 1.0, 0.0, 3.0, 1.0, 1.0, 0.0, 0.0, 1.0, 0.0, 0.0, 0.0, 1.0, 0.0, 0.0, 0.0, 0.0, 1.0],