{"parameters/net.0.fc.weight": {"_type": "histogram", "values": [2.0, 2.0, 0.0, 0.0, 1.0, 1.0, 1.0, 1.0, 1.0, 5.0, 3.0, 2.0, 4.0, 3.0, 5.0, 3.0, 4.0, 6.0, 4.0, 4.0, 6.0, 10.0, 8.0, 6.0, 5.0, 8.0, 8.0, 5.0, 10.0, 11.0, 10.0, 2.0, 11.0, 4.0, 9.0, 6.0, 9.0, 7.0, 5.0, 3.0, 7.0, 4.0, 8.0, 5.0, 3.0, 4.0, 3.0, 4.0, 3.0, 4.0, 2.0, 3.0, 2.0, 0.0, 0.0, 4.0, 1.0, 0.0, 0.0, 0.0, 2.0, 1.0, 0.0, 1.0], "bins": [-0.4015837013721466, -0.388313353061676, -0.37504300475120544, -0.36177265644073486, -0.3485023081302643, -0.3352319598197937, -0.3219616115093231, -0.30869126319885254, -0.29542094469070435, -0.28215059638023376, -0.2688802480697632, -0.2556098997592926, -0.24233955144882202, -0.22906920313835144, -0.21579885482788086, -0.20252850651741028, -0.1892581582069397, -0.17598780989646912, -0.16271746158599854, -0.14944711327552795, -0.13617676496505737, -0.12290642410516739, -0.1096360832452774, -0.09636573493480682, -0.08309538662433624, -0.06982503831386566, -0.05655469372868538, -0.043284349143505096, -0.030014000833034515, -0.016743654385209084, -0.0034733079373836517, 0.00979703851044178, 0.023067384958267212, 0.03633773326873779, 0.049608077853918076, 0.06287842243909836, 0.07614877074956894, 0.08941911906003952, 0.1026894599199295, 0.11595980823040009, 0.12923015654087067, 0.14250050485134125, 0.15577085316181183, 0.1690412014722824, 0.1823115348815918, 0.19558188319206238, 0.20885223150253296, 0.22212257981300354, 0.23539292812347412, 0.2486632764339447, 0.2619336247444153, 0.27520397305488586, 0.28847432136535645, 0.301744669675827, 0.3150150179862976, 0.3282853662967682, 0.34155571460723877, 0.35482603311538696, 0.36809638142585754, 0.3813667297363281, 0.3946370780467987, 0.4079074263572693, 0.42117777466773987, 0.43444812297821045, 0.44771847128868103]}, "_timestamp": 1723034009.2325335, "parameters/net.0.attn_fc.weight": {"_type": "histogram", "values": [2.0, 1.0, 3.0, 1.0, 0.0, 1.0, 1.0, 3.0, 5.0, 2.0, 2.0, 1.0, 6.0, 5.0, 5.0, 5.0, 3.0, 4.0, 2.0, 10.0, 10.0, 6.0, 9.0, 7.0, 11.0, 7.0, 12.0, 9.0, 7.0, 7.0, 9.0, 6.0, 8.0, 9.0, 8.0, 2.0, 8.0, 4.0, 5.0, 4.0, 5.0, 5.0, 5.0, 5.0, 6.0, 3.0, 1.0, 1.0, 2.0, 0.0, 5.0, 0.0, 3.0, 2.0, 1.0, 1.0, 0.0, 0.0, 0.0, 0.0, 0.0, 0.0, 0.0, 1.0], "bins": [-0.3181556463241577, -0.306640625, -0.2951255738735199, -0.2836105525493622, -0.27209553122520447, -0.26058048009872437, -0.24906545877456665, -0.23755042254924774, -0.22603538632392883, -0.21452036499977112, -0.2030053287744522, -0.1914902925491333, -0.17997527122497559, -0.16846023499965668, -0.15694519877433777, -0.14543017745018005, -0.13391514122486115, -0.12240011245012283, -0.11088507622480392, -0.09937004745006561, -0.0878550112247467, -0.07633998245000839, -0.06482495367527008, -0.05330992117524147, -0.04179488867521286, -0.03027985617518425, -0.01876482553780079, -0.007249793969094753, 0.004265237599611282, 0.015780270099639893, 0.027295300737023354, 0.038810331374406815, 0.050325363874435425, 0.061840396374464035, 0.07335542887449265, 0.08487045764923096, 0.09638549387454987, 0.10790052264928818, 0.11941555142402649, 0.1309305876493454, 0.1424456238746643, 0.15396064519882202, 0.16547568142414093, 0.17699071764945984, 0.18850573897361755, 0.20002077519893646, 0.21153581142425537, 0.22305083274841309, 0.234565868973732, 0.2460809051990509, 0.2575959265232086, 0.2691109776496887, 0.28062599897384644, 0.29214102029800415, 0.30365607142448425, 0.31517109274864197, 0.3266861140727997, 0.3382011651992798, 0.3497161865234375, 0.3612312078475952, 0.3727462589740753, 0.38426128029823303, 0.39577630162239075, 0.40729135274887085, 0.41880637407302856]}, "parameters/net.2.fc.weight": {"_type": "histogram", "values": [1.0, 0.0, 1.0, 0.0, 0.0, 1.0, 2.0, 3.0, 0.0, 5.0, 3.0, 4.0, 5.0, 6.0, 5.0, 6.0, 13.0, 13.0, 14.0, 9.0, 11.0, 11.0, 20.0, 15.0, 24.0, 30.0, 26.0, 21.0, 30.0, 32.0, 30.0, 29.0, 35.0, 26.0, 35.0, 23.0, 26.0, 19.0, 21.0, 27.0, 20.0, 20.0, 21.0, 25.0, 12.0, 14.0, 15.0, 11.0, 8.0, 7.0, 5.0, 8.0, 4.0, 3.0, 3.0, 1.0, 0.0, 0.0, 2.0, 1.0, 0.0, 2.0, 2.0, 2.0], "bins": [-0.5395269989967346, -0.5228466987609863, -0.5061663389205933, -0.48948603868484497, -0.4728057384490967, -0.456125408411026, -0.4394450783729553, -0.42276477813720703, -0.40608444809913635, -0.3894041180610657, -0.3727238178253174, -0.3560434877872467, -0.339363157749176, -0.32268285751342773, -0.30600252747535706, -0.28932222723960876, -0.2726418972015381, -0.2559615671634674, -0.23928126692771912, -0.22260093688964844, -0.20592062175273895, -0.18924030661582947, -0.1725599765777588, -0.1558796614408493, -0.13919934630393982, -0.12251903116703033, -0.10583870857954025, -0.08915838599205017, -0.07247807085514069, -0.0557977519929409, -0.03911743313074112, -0.022437114268541336, -0.005756735801696777, 0.010923583060503006, 0.02760390192270279, 0.04428422078490257, 0.060964539647102356, 0.07764485478401184, 0.09432517737150192, 0.111005499958992, 0.1276858150959015, 0.14436613023281097, 0.16104644536972046, 0.17772677540779114, 0.19440709054470062, 0.2110874056816101, 0.2277677357196808, 0.24444805085659027, 0.26112836599349976, 0.27780869603157043, 0.2944889962673187, 0.3111693263053894, 0.3278496265411377, 0.3445299565792084, 0.36121028661727905, 0.37789058685302734, 0.394570916891098, 0.4112512469291687, 0.427931547164917, 0.44461187720298767, 0.46129220724105835, 0.47797250747680664, 0.4946528375148773, 0.511333167552948, 0.5280134677886963]}, "parameters/net.2.attn_fc.weight": {"_type": "histogram", "values": [1.0, 0.0, 0.0, 0.0, 0.0, 0.0, 0.0, 0.0, 0.0, 1.0, 0.0, 0.0, 0.0, 1.0, 0.0, 0.0, 0.0, 0.0, 0.0, 0.0, 0.0, 1.0, 0.0, 0.0, 0.0, 1.0, 0.0, 0.0, 0.0, 0.0, 0.0, 0.0, 1.0, 0.0, 0.0, 0.0, 0.0, 1.0, 0.0, 0.0, 0.0, 0.0, 1.0, 0.0, 1.0, 0.0, 0.0, 0.0, 0.0, 0.0, 0.0, 0.0, 0.0, 0.0, 2.0, 0.0, 0.0, 0.0, 0.0, 0.0, 0.0, 0.0, 0.0, 1.0], "bins": [-0.5783437490463257, -0.5575194358825684, -0.5366951823234558, -0.5158708691596985, -0.49504655599594116, -0.4742222726345062, -0.4533979892730713, -0.43257367610931396, -0.41174939274787903, -0.3909251093864441, -0.37010079622268677, -0.34927651286125183, -0.3284522294998169, -0.30762791633605957, -0.28680363297462463, -0.2659793198108673, -0.24515503644943237, -0.22433073818683624, -0.2035064399242401, -0.18268215656280518, -0.16185785830020905, -0.14103356003761292, -0.12020926922559738, -0.09938497841358185, -0.07856068015098572, -0.057736385613679886, -0.036912091076374054, -0.016087796539068222, 0.00473649799823761, 0.025560792535543442, 0.046385087072849274, 0.06720937788486481, 0.08803367614746094, 0.10885797441005707, 0.1296822726726532, 0.15050655603408813, 0.17133085429668427, 0.1921551525592804, 0.21297943592071533, 0.23380373418331146, 0.2546280324459076, 0.27545231580734253, 0.29627662897109985, 0.3171009123325348, 0.3379251956939697, 0.35874950885772705, 0.379573792219162, 0.4003981053829193, 0.42122238874435425, 0.4420466721057892, 0.4628709852695465, 0.48369526863098145, 0.5045195817947388, 0.5253438353538513, 0.5461681485176086, 0.566992461681366, 0.5878167152404785, 0.6086410284042358, 0.6294653415679932, 0.6502896547317505, 0.671113908290863, 0.6919382214546204, 0.7127625346183777, 0.7335867881774902, 0.7544111013412476]}, "train_loss_d1": 2.171416759490967, "train_H_d1": 9.860301971435547, "test_loss_d1": 8.675036430358887, "test_H_d1": 8.576213836669922, "_runtime": 119.49162936210632, "_step": 2, "_wandb": {"runtime": 154}}