{"train_loss": 0.0102678332477808, "test_loss": 0.004614160396158695, "_timestamp": 1717436091.7191043, "_runtime": 10.632290363311768, "_step": 99, "gradients/net.4.bias": {"_type": "histogram", "values": [1.0, 0.0, 0.0, 0.0, 0.0, 0.0, 0.0, 0.0, 0.0, 0.0, 0.0, 0.0, 0.0, 0.0, 0.0, 0.0, 0.0, 0.0, 0.0, 0.0, 0.0, 0.0, 0.0, 0.0, 0.0, 0.0, 0.0, 0.0, 0.0, 0.0, 0.0, 0.0, 0.0, 0.0, 0.0, 0.0, 0.0, 0.0, 0.0, 0.0, 0.0, 0.0, 0.0, 0.0, 0.0, 0.0, 0.0, 0.0, 0.0, 0.0, 0.0, 0.0, 0.0, 0.0, 0.0, 0.0, 0.0, 0.0, 0.0, 0.0, 0.0, 0.0, 0.0, 1.0], "bins": [-0.3441583812236786, -0.3357353210449219, -0.32731226086616516, -0.31888923048973083, -0.3104661703109741, -0.3020431101322174, -0.2936200499534607, -0.28519701957702637, -0.27677395939826965, -0.26835089921951294, -0.2599278390407562, -0.2515048086643219, -0.24308174848556519, -0.23465868830680847, -0.22623562812805176, -0.21781258285045624, -0.20938952267169952, -0.2009664624929428, -0.1925434172153473, -0.18412035703659058, -0.17569731175899506, -0.16727425158023834, -0.15885120630264282, -0.1504281461238861, -0.1420050859451294, -0.13358202576637268, -0.12515898048877716, -0.11673592031002045, -0.10831287503242493, -0.09988981485366821, -0.0914667621254921, -0.08304370939731598, -0.07462064921855927, -0.06619759649038315, -0.05777454376220703, -0.049351487308740616, -0.0409284345805645, -0.03250538185238838, -0.024082325398921967, -0.01565927267074585, -0.007236219942569733, 0.001186833716928959, 0.00960988737642765, 0.018032941967248917, 0.026455994695425034, 0.03487904742360115, 0.043302103877067566, 0.05172515660524368, 0.0601482093334198, 0.06857126206159592, 0.07699431478977203, 0.08541737496852875, 0.09384042024612427, 0.10226348042488098, 0.1106865331530571, 0.11910958588123322, 0.12753263115882874, 0.13595569133758545, 0.14437873661518097, 0.15280179679393768, 0.1612248420715332, 0.16964790225028992, 0.17807096242904663, 0.18649400770664215, 0.19491706788539886]}, "gradients/net.4.weight": {"_type": "histogram", "values": [1.0, 0.0, 1.0, 1.0, 2.0, 4.0, 3.0, 4.0, 4.0, 7.0, 17.0, 14.0, 12.0, 10.0, 5.0, 12.0, 9.0, 5.0, 6.0, 2.0, 3.0, 4.0, 4.0, 4.0, 3.0, 7.0, 7.0, 9.0, 3.0, 4.0, 8.0, 1.0, 7.0, 4.0, 5.0, 2.0, 3.0, 3.0, 2.0, 7.0, 6.0, 4.0, 5.0, 7.0, 5.0, 3.0, 6.0, 1.0, 4.0, 1.0, 0.0, 1.0, 1.0, 0.0, 0.0, 0.0, 0.0, 0.0, 0.0, 0.0, 1.0, 0.0, 1.0, 1.0], "bins": [-0.49399855732917786, -0.47568926215171814, -0.4573799669742584, -0.4390706717967987, -0.4207614064216614, -0.40245211124420166, -0.38414281606674194, -0.3658335208892822, -0.3475242257118225, -0.3292149305343628, -0.3109056353569031, -0.29259634017944336, -0.27428704500198364, -0.2559777498245239, -0.2376684844493866, -0.21935918927192688, -0.20104989409446716, -0.18274059891700745, -0.16443130373954773, -0.1461220234632492, -0.1278127282857895, -0.10950343310832977, -0.09119414538145065, -0.07288485765457153, -0.054575562477111816, -0.0362662710249424, -0.01795697957277298, 0.0003523118793964386, 0.018661603331565857, 0.036970898509025574, 0.055280186235904694, 0.07358947396278381, 0.09189873933792114, 0.11020803451538086, 0.12851732969284058, 0.1468266099691391, 0.16513590514659882, 0.18344520032405853, 0.20175448060035706, 0.22006377577781677, 0.2383730709552765, 0.2566823661327362, 0.2749916613101959, 0.29330095648765564, 0.31161022186279297, 0.3299195170402527, 0.3482288122177124, 0.3665381073951721, 0.38484740257263184, 0.40315669775009155, 0.42146599292755127, 0.439775288105011, 0.4580845832824707, 0.4763938784599304, 0.49470314383506775, 0.5130124092102051, 0.5313217639923096, 0.5496310591697693, 0.567940354347229, 0.5862496495246887, 0.6045589447021484, 0.6228682398796082, 0.6411775350570679, 0.6594867706298828, 0.6777960658073425]}, "gradients/net.2.bias": {"_type": "histogram", "values": [1.0, 0.0, 1.0, 0.0, 0.0, 1.0, 1.0, 1.0, 0.0, 0.0, 0.0, 1.0, 0.0, 1.0, 0.0, 2.0, 2.0, 2.0, 4.0, 3.0, 2.0, 3.0, 4.0, 3.0, 5.0, 3.0, 2.0, 6.0, 1.0, 4.0, 7.0, 3.0, 2.0, 4.0, 2.0, 5.0, 4.0, 5.0, 3.0, 7.0, 6.0, 5.0, 4.0, 1.0, 3.0, 4.0, 0.0, 0.0, 0.0, 3.0, 2.0, 0.0, 2.0, 0.0, 0.0, 0.0, 1.0, 0.0, 1.0, 0.0, 0.0, 0.0, 0.0, 1.0], "bins": [-0.059904228895902634, -0.058096908032894135, -0.056289587169885635, -0.054482266306877136, -0.052674949169158936, -0.050867628306150436, -0.04906030744314194, -0.04725298658013344, -0.04544566571712494, -0.04363834485411644, -0.04183102399110794, -0.04002370685338974, -0.03821638599038124, -0.03640906512737274, -0.03460174426436424, -0.03279442340135574, -0.030987104400992393, -0.029179783537983894, -0.027372464537620544, -0.025565143674612045, -0.023757822811603546, -0.021950501948595047, -0.020143182948231697, -0.018335862085223198, -0.016528543084859848, -0.014721223153173923, -0.012913902290165424, -0.0111065823584795, -0.009299261495471, -0.007491941563785076, -0.005684621632099152, -0.0038773007690906525, -0.0020699799060821533, -0.0002626596251502633, 0.0015446606557816267, 0.003351980820298195, 0.005159301217645407, 0.0069666216149926186, 0.008773941546678543, 0.010581262409687042, 0.012388582341372967, 0.014195902273058891, 0.01600322313606739, 0.01781054213643074, 0.01961786299943924, 0.02142518386244774, 0.023232504725456238, 0.025039825588464737, 0.026847144588828087, 0.028654465451836586, 0.030461784452199936, 0.032269105315208435, 0.034076426178216934, 0.03588374704122543, 0.037691064178943634, 0.03949838876724243, 0.04130570590496063, 0.04311302676796913, 0.04492034763097763, 0.04672766476869583, 0.04853498563170433, 0.05034230649471283, 0.05214962735772133, 0.05395694822072983, 0.05576426908373833]}, "gradients/net.2.weight": {"_type": "histogram", "values": [3.0, 0.0, 2.0, 4.0, 1.0, 6.0, 7.0, 4.0, 8.0, 8.0, 8.0, 11.0, 15.0, 22.0, 29.0, 44.0, 57.0, 69.0, 90.0, 116.0, 156.0, 237.0, 294.0, 381.0, 502.0, 681.0, 885.0, 1197.0, 1551.0, 1836.0, 1761.0, 1558.0, 1159.0, 948.0, 736.0, 497.0, 355.0, 261.0, 212.0, 150.0, 99.0, 102.0, 59.0, 58.0, 52.0, 36.0, 32.0, 17.0, 19.0, 10.0, 9.0, 4.0, 10.0, 4.0, 2.0, 3.0, 2.0, 3.0, 0.0, 1.0, 0.0, 0.0, 0.0, 1.0], "bins": [-0.04470124840736389, -0.043211303651332855, -0.04172136262059212, -0.04023141786456108, -0.03874147683382034, -0.03725153207778931, -0.03576159104704857, -0.03427164629101753, -0.032781705260276794, -0.03129176050424576, -0.02980181947350502, -0.028311876580119133, -0.026821933686733246, -0.02533199079334736, -0.02384204789996147, -0.022352103143930435, -0.020862160250544548, -0.01937221735715866, -0.017882274463772774, -0.016392331570386887, -0.014902388677001, -0.013412445783615112, -0.01192250195890665, -0.010432559065520763, -0.008942616172134876, -0.007452673278748989, -0.005962730385363102, -0.0044727870263159275, -0.0029828441329300404, -0.0014929012395441532, -2.9578804969787598e-06, 0.0014869850128889084, 0.0029769279062747955, 0.004466870799660683, 0.00595681369304657, 0.007446757052093744, 0.008936699479818344, 0.010426642373204231, 0.011916586197912693, 0.01340652909129858, 0.014896471984684467, 0.01638641580939293, 0.017876358702778816, 0.019366301596164703, 0.02085624448955059, 0.022346187382936478, 0.023836130276322365, 0.025326073169708252, 0.02681601606309414, 0.028305958956480026, 0.029795901849865913, 0.0312858447432518, 0.03277578949928284, 0.034265730530023575, 0.03575567528605461, 0.03724561631679535, 0.038735561072826385, 0.04022550582885742, 0.04171544685959816, 0.043205391615629196, 0.044695332646369934, 0.04618527740240097, 0.04767521843314171, 0.049165163189172745, 0.05065510421991348]}, "gradients/net.0.bias": {"_type": "histogram", "values": [1.0, 0.0, 1.0, 1.0, 0.0, 0.0, 0.0, 1.0, 2.0, 0.0, 4.0, 1.0, 2.0, 2.0, 0.0, 3.0, 2.0, 0.0, 3.0, 1.0, 3.0, 0.0, 7.0, 5.0, 5.0, 3.0, 1.0, 3.0, 1.0, 7.0, 1.0, 2.0, 2.0, 0.0, 3.0, 0.0, 3.0, 4.0, 4.0, 7.0, 1.0, 2.0, 1.0, 3.0, 5.0, 3.0, 3.0, 4.0, 2.0, 4.0, 2.0, 0.0, 0.0, 2.0, 1.0, 1.0, 2.0, 2.0, 0.0, 1.0, 0.0, 3.0, 0.0, 1.0],