{"train_loss": 0.004226864315569401, "test_loss": 0.005151259712874889, "_timestamp": 1717542246.521215, "_runtime": 331.27312898635864, "_step": 499, "parameters/net.0.weight": {"_type": "histogram", "values": [1.0, 0.0, 0.0, 0.0, 1.0, 2.0, 2.0, 3.0, 6.0, 3.0, 11.0, 9.0, 19.0, 26.0, 33.0, 27.0, 33.0, 53.0, 67.0, 76.0, 94.0, 122.0, 110.0, 145.0, 159.0, 194.0, 223.0, 258.0, 250.0, 272.0, 292.0, 294.0, 292.0, 302.0, 285.0, 274.0, 278.0, 281.0, 250.0, 219.0, 204.0, 148.0, 162.0, 132.0, 101.0, 97.0, 75.0, 45.0, 48.0, 43.0, 24.0, 23.0, 19.0, 14.0, 10.0, 14.0, 7.0, 1.0, 4.0, 3.0, 2.0, 0.0, 1.0, 1.0], "bins": [-0.39051443338394165, -0.37858667969703674, -0.36665892601013184, -0.35473117232322693, -0.342803418636322, -0.3308756649494171, -0.3189479112625122, -0.3070201873779297, -0.2950924038887024, -0.2831646502017975, -0.2712368965148926, -0.25930914282798767, -0.24738138914108276, -0.23545363545417786, -0.22352589666843414, -0.21159814298152924, -0.19967040419578552, -0.18774265050888062, -0.1758148968219757, -0.1638871431350708, -0.1519593894481659, -0.140031635761261, -0.12810389697551727, -0.11617614328861237, -0.10424838960170746, -0.09232063591480255, -0.08039288222789764, -0.06846513599157333, -0.056537382304668427, -0.04460962861776352, -0.03268188238143921, -0.020754128694534302, -0.008826375007629395, 0.0031013768166303635, 0.015029128640890121, 0.02695687860250473, 0.03888463228940964, 0.050812385976314545, 0.06274013221263885, 0.07466788589954376, 0.08659563958644867, 0.09852339327335358, 0.11045114696025848, 0.1223788931965828, 0.1343066394329071, 0.146234393119812, 0.15816214680671692, 0.17008990049362183, 0.18201765418052673, 0.19394540786743164, 0.20587316155433655, 0.21780091524124146, 0.22972866892814636, 0.24165642261505127, 0.2535841464996338, 0.2655119299888611, 0.2774396538734436, 0.2893674075603485, 0.3012951612472534, 0.3132229149341583, 0.32515066862106323, 0.33707842230796814, 0.34900617599487305, 0.36093389987945557, 0.37286168336868286]}, "parameters/net.0.bias": {"_type": "histogram", "values": [1.0, 0.0, 0.0, 0.0, 0.0, 0.0, 0.0, 0.0, 0.0, 0.0, 0.0, 0.0, 0.0, 1.0, 0.0, 0.0, 0.0, 0.0, 1.0, 0.0, 0.0, 0.0, 1.0, 0.0, 0.0, 0.0, 0.0, 0.0, 0.0, 0.0, 0.0, 0.0, 0.0, 2.0, 3.0, 0.0, 4.0, 2.0, 3.0, 5.0, 7.0, 22.0, 17.0, 40.0, 70.0, 130.0, 85.0, 46.0, 24.0, 15.0, 10.0, 8.0, 5.0, 0.0, 2.0, 2.0, 1.0, 1.0, 2.0, 1.0, 0.0, 0.0, 0.0, 1.0], "bins": [-0.22124584019184113, -0.21638694405555725, -0.21152806282043457, -0.2066691815853119, -0.20181028544902802, -0.19695138931274414, -0.19209250807762146, -0.18723362684249878, -0.1823747307062149, -0.17751583456993103, -0.17265695333480835, -0.16779807209968567, -0.1629391759634018, -0.15808027982711792, -0.15322139859199524, -0.14836251735687256, -0.14350362122058868, -0.1386447250843048, -0.13378584384918213, -0.12892696261405945, -0.12406806647777557, -0.1192091777920723, -0.11435028910636902, -0.10949140042066574, -0.10463251173496246, -0.09977362304925919, -0.09491473436355591, -0.09005584567785263, -0.08519695699214935, -0.08033806830644608, -0.0754791796207428, -0.07062029093503952, -0.06576138734817505, -0.06090249866247177, -0.056043609976768494, -0.051184721291065216, -0.04632583260536194, -0.04146694391965866, -0.03660805523395538, -0.031749166548252106, -0.026890277862548828, -0.02203138917684555, -0.017172500491142273, -0.012313611805438995, -0.007454723119735718, -0.00259583443403244, 0.0022630542516708374, 0.007121942937374115, 0.011980831623077393, 0.01683972030878067, 0.021698608994483948, 0.026557497680187225, 0.0314163863658905, 0.03627527505159378, 0.04113416373729706, 0.045993052423000336, 0.05085194110870361, 0.05571082979440689, 0.06056971848011017, 0.06542860716581345, 0.07028749585151672, 0.07514638453722, 0.08000527322292328, 0.08486416190862656, 0.08972305059432983]}, "parameters/net.2.weight": {"_type": "histogram", "values": [3.0, 1.0, 1.0, 4.0, 6.0, 6.0, 8.0, 11.0, 17.0, 17.0, 38.0, 27.0, 43.0, 56.0, 54.0, 77.0, 68.0, 92.0, 104.0, 138.0, 134.0, 175.0, 194.0, 205.0, 215.0, 259.0, 245.0, 267.0, 281.0, 248.0, 264.0, 258.0, 283.0, 227.0, 247.0, 236.0, 243.0, 193.0, 182.0, 162.0, 150.0, 139.0, 100.0, 85.0, 86.0, 67.0, 51.0, 44.0, 33.0, 24.0, 23.0, 11.0, 10.0, 7.0, 5.0, 7.0, 4.0, 1.0, 5.0, 0.0, 0.0, 2.0, 0.0, 1.0], "bins": [-0.3237111270427704, -0.31308701634407043, -0.3024629056453705, -0.2918388247489929, -0.28121471405029297, -0.270590603351593, -0.25996649265289307, -0.24934238195419312, -0.23871828615665436, -0.2280941754579544, -0.21747007966041565, -0.2068459689617157, -0.19622185826301575, -0.185597762465477, -0.17497365176677704, -0.16434955596923828, -0.15372544527053833, -0.14310133457183838, -0.13247723877429962, -0.12185312807559967, -0.11122902482748032, -0.10060492157936096, -0.08998081088066101, -0.07935670763254166, -0.0687326043844223, -0.05810850113630295, -0.047484394162893295, -0.03686028718948364, -0.02623618394136429, -0.015612080693244934, -0.004987969994544983, 0.005636133253574371, 0.016260266304016113, 0.026884371414780617, 0.03750847652554512, 0.04813258349895477, 0.05875668674707413, 0.06938078999519348, 0.08000490069389343, 0.09062900394201279, 0.10125310719013214, 0.1118772104382515, 0.12250131368637085, 0.1331254243850708, 0.14374953508377075, 0.1543736308813095, 0.16499774158000946, 0.17562183737754822, 0.18624594807624817, 0.19687005877494812, 0.20749415457248688, 0.21811826527118683, 0.22874236106872559, 0.23936647176742554, 0.2499905824661255, 0.26061469316482544, 0.2712388038635254, 0.28186291456222534, 0.2924870252609253, 0.30311113595962524, 0.3137352168560028, 0.32435932755470276, 0.3349834382534027, 0.34560754895210266, 0.3562316298484802]}, "parameters/net.2.bias": {"_type": "histogram", "values": [1.0, 0.0, 0.0, 0.0, 0.0, 1.0, 0.0, 0.0, 0.0, 0.0, 0.0, 0.0, 0.0, 0.0, 0.0, 0.0, 0.0, 1.0, 0.0, 0.0, 0.0, 0.0, 2.0, 0.0, 0.0, 0.0, 0.0, 0.0, 0.0, 1.0, 0.0, 0.0, 0.0, 0.0, 0.0, 1.0, 1.0, 0.0, 0.0, 0.0, 0.0, 1.0, 1.0, 0.0, 0.0, 0.0, 0.0, 0.0, 0.0, 0.0, 0.0, 0.0, 0.0, 0.0, 0.0, 0.0, 0.0, 0.0, 1.0, 0.0, 0.0, 0.0, 0.0, 1.0], "bins": [-0.002995737362653017, -0.0028889994136989117, -0.0027822614647448063, -0.002675523515790701, -0.0025687855668365955, -0.00246204761788249, -0.0023553099017590284, -0.002248571952804923, -0.0021418340038508177, -0.0020350960548967123, -0.001928358105942607, -0.0018216202734038234, -0.001714882324449718, -0.0016081443754956126, -0.001501406542956829, -0.0013946685940027237, -0.0012879306450486183, -0.001181192696094513, -0.0010744547471404076, -0.000967716914601624, -0.0008609789656475186, -0.0007542410166934133, -0.0006475031259469688, -0.0005407652352005243, -0.00043402728624641895, -0.00032728936639614403, -0.0002205514465458691, -0.00011381352669559419, -7.075606845319271e-06, 9.96623421087861e-05, 0.00020640023285523057, 0.00031313812360167503, 0.00041987630538642406, 0.0005266142543405294, 0.0006333521450869739, 0.0007400900358334184, 0.0008468279847875237, 0.0009535659337416291, 0.0010603037662804127, 0.001167041715234518, 0.0012737796641886234, 0.0013805176131427288, 0.0014872555620968342, 0.0015939933946356177, 0.0017007313435897231, 0.0018074692925438285, 0.001914207125082612, 0.0020209450740367174, 0.002127683022990823, 0.002234420971944928, 0.0023411589208990335, 0.002447896869853139, 0.0025546345859766006, 0.002661372534930706, 0.0027681104838848114, 0.0028748484328389168, 0.002981586381793022, 0.0030883243307471275, 0.003195062279701233, 0.0033018002286553383, 0.0034085381776094437, 0.003515276126563549, 0.0036220138426870108, 0.003728751791641116, 0.0038354897405952215]}, "gradients/net.2.bias": {"_type": "histogram", "values": [1.0, 0.0, 0.0, 0.0, 0.0, 0.0, 0.0, 0.0, 0.0, 0.0, 0.0, 0.0, 1.0, 0.0, 1.0, 0.0, 0.0, 0.0, 0.0, 1.0, 0.0, 1.0, 0.0, 0.0, 0.0, 0.0, 0.0, 0.0, 1.0, 0.0, 0.0, 1.0, 0.0, 0.0, 0.0, 0.0, 0.0, 0.0, 0.0, 0.0, 0.0, 1.0, 0.0, 0.0, 0.0, 0.0, 1.0, 0.0, 1.0, 0.0, 0.0, 0.0, 0.0, 0.0, 0.0, 0.0, 0.0, 0.0, 0.0, 1.0, 0.0, 0.0, 0.0, 1.0],