{"parameters/net.0.fc.weight": {"_type": "histogram", "values": [1.0, 0.0, 0.0, 0.0, 0.0, 0.0, 1.0, 0.0, 2.0, 1.0, 2.0, 4.0, 0.0, 3.0, 2.0, 1.0, 4.0, 4.0, 1.0, 5.0, 4.0, 3.0, 5.0, 4.0, 6.0, 4.0, 2.0, 8.0, 8.0, 7.0, 8.0, 13.0, 10.0, 4.0, 11.0, 11.0, 12.0, 13.0, 11.0, 7.0, 8.0, 9.0, 5.0, 6.0, 5.0, 5.0, 3.0, 7.0, 3.0, 3.0, 2.0, 6.0, 2.0, 1.0, 2.0, 3.0, 1.0, 1.0, 0.0, 0.0, 0.0, 1.0, 0.0, 1.0], "bins": [-0.5165738463401794, -0.5014700293540955, -0.4863662123680115, -0.4712623953819275, -0.4561585783958435, -0.4410547614097595, -0.42595094442367554, -0.41084712743759155, -0.39574331045150757, -0.3806394636631012, -0.3655356466770172, -0.3504318296909332, -0.33532801270484924, -0.32022419571876526, -0.3051203787326813, -0.2900165617465973, -0.2749127447605133, -0.2598089277744293, -0.24470511078834534, -0.22960129380226135, -0.21449747681617737, -0.1993936449289322, -0.1842898279428482, -0.16918601095676422, -0.15408219397068024, -0.13897837698459625, -0.12387455999851227, -0.10877073556184769, -0.0936669185757637, -0.07856310158967972, -0.06345927715301514, -0.04835546016693115, -0.03325161337852478, -0.018147794529795647, -0.003043975681066513, 0.01205984316766262, 0.027163662016391754, 0.04226747900247574, 0.05737129971385002, 0.0724751204252243, 0.08757893741130829, 0.10268275439739227, 0.11778657138347626, 0.13289038836956024, 0.14799422025680542, 0.1630980372428894, 0.1782018542289734, 0.19330567121505737, 0.20840948820114136, 0.22351330518722534, 0.23861712217330933, 0.2537209391593933, 0.2688247561454773, 0.2839285731315613, 0.29903239011764526, 0.31413620710372925, 0.32924002408981323, 0.3443438708782196, 0.3594476878643036, 0.3745515048503876, 0.38965532183647156, 0.40475913882255554, 0.4198629558086395, 0.4349667727947235, 0.4500705897808075]}, "_timestamp": 1722948736.8488283, "parameters/net.0.attn_fc.weight": {"_type": "histogram", "values": [1.0, 0.0, 0.0, 0.0, 0.0, 0.0, 0.0, 0.0, 0.0, 1.0, 1.0, 0.0, 0.0, 1.0, 1.0, 2.0, 0.0, 0.0, 6.0, 5.0, 3.0, 4.0, 9.0, 1.0, 5.0, 6.0, 9.0, 9.0, 6.0, 10.0, 7.0, 5.0, 10.0, 6.0, 5.0, 12.0, 15.0, 5.0, 9.0, 16.0, 9.0, 11.0, 7.0, 8.0, 7.0, 8.0, 4.0, 5.0, 5.0, 1.0, 2.0, 2.0, 3.0, 1.0, 3.0, 4.0, 1.0, 2.0, 2.0, 0.0, 0.0, 0.0, 0.0, 1.0], "bins": [-0.4276150166988373, -0.41529667377471924, -0.4029783308506012, -0.39065995812416077, -0.3783416152000427, -0.3660232722759247, -0.35370492935180664, -0.3413865864276886, -0.32906824350357056, -0.3167498707771301, -0.3044315278530121, -0.29211318492889404, -0.279794842004776, -0.26747649908065796, -0.25515812635421753, -0.2428397834300995, -0.23052144050598145, -0.2182030975818634, -0.20588473975658417, -0.19356639683246613, -0.1812480390071869, -0.16892969608306885, -0.1566113531589508, -0.14429299533367157, -0.13197465240955353, -0.11965630203485489, -0.10733795166015625, -0.09501960873603821, -0.08270125836133957, -0.07038290798664093, -0.05806456133723259, -0.04574621468782425, -0.03342786431312561, -0.02110951580107212, -0.008791167289018631, 0.0035271812230348587, 0.01584552973508835, 0.028163878247141838, 0.04048222675919533, 0.05280057340860367, 0.06511892378330231, 0.07743727415800095, 0.08975562453269958, 0.10207396745681763, 0.11439231783151627, 0.1267106682062149, 0.13902901113033295, 0.15134736895561218, 0.16366571187973022, 0.17598405480384827, 0.1883024126291275, 0.20062075555324554, 0.21293911337852478, 0.22525745630264282, 0.23757579922676086, 0.2498941570520401, 0.26221251487731934, 0.2745308578014374, 0.2868492007255554, 0.29916754364967346, 0.3114858865737915, 0.32380422949790955, 0.33612260222435, 0.348440945148468, 0.36075928807258606]}, "parameters/net.2.fc.weight": {"_type": "histogram", "values": [1.0, 0.0, 0.0, 1.0, 1.0, 1.0, 0.0, 0.0, 1.0, 3.0, 3.0, 2.0, 4.0, 7.0, 4.0, 6.0, 4.0, 6.0, 8.0, 12.0, 13.0, 17.0, 17.0, 23.0, 28.0, 22.0, 20.0, 20.0, 22.0, 33.0, 32.0, 23.0, 37.0, 30.0, 34.0, 26.0, 32.0, 20.0, 19.0, 30.0, 26.0, 29.0, 24.0, 15.0, 21.0, 16.0, 10.0, 13.0, 9.0, 9.0, 4.0, 9.0, 2.0, 3.0, 6.0, 0.0, 2.0, 2.0, 2.0, 2.0, 1.0, 0.0, 0.0, 1.0], "bins": [-0.5942097306251526, -0.57648104429245, -0.5587522983551025, -0.5410236120223999, -0.5232948660850525, -0.5055661797523499, -0.48783746361732483, -0.4701087474822998, -0.45238006114959717, -0.43465134501457214, -0.4169226288795471, -0.3991939127445221, -0.38146519660949707, -0.36373648047447205, -0.3460077941417694, -0.3282790780067444, -0.31055036187171936, -0.29282164573669434, -0.2750929296016693, -0.2573642432689667, -0.23963552713394165, -0.22190681099891663, -0.2041780948638916, -0.18644939363002777, -0.16872067749500275, -0.15099196135997772, -0.1332632601261139, -0.11553454399108887, -0.09780583530664444, -0.08007712662220001, -0.062348414212465286, -0.04461970180273056, -0.026890993118286133, -0.009162282571196556, 0.00856642797589302, 0.026295138522982597, 0.044023849070072174, 0.0617525577545166, 0.07948127388954163, 0.09720998257398605, 0.11493869125843048, 0.1326674073934555, 0.15039610862731934, 0.16812482476234436, 0.18585354089736938, 0.20358224213123322, 0.22131095826625824, 0.23903965950012207, 0.2567683756351471, 0.2744970917701721, 0.29222580790519714, 0.3099544942378998, 0.3276832103729248, 0.34541192650794983, 0.36314064264297485, 0.3808693587779999, 0.3985980749130249, 0.41632676124572754, 0.43405547738075256, 0.4517841935157776, 0.4695129096508026, 0.48724162578582764, 0.5049703121185303, 0.5226990580558777, 0.5404277443885803]}, "parameters/net.2.attn_fc.weight": {"_type": "histogram", "values": [1.0, 0.0, 0.0, 0.0, 0.0, 0.0, 0.0, 0.0, 0.0, 0.0, 0.0, 0.0, 0.0, 0.0, 0.0, 0.0, 1.0, 0.0, 0.0, 0.0, 0.0, 2.0, 0.0, 0.0, 1.0, 1.0, 0.0, 1.0, 0.0, 0.0, 0.0, 0.0, 0.0, 0.0, 0.0, 0.0, 0.0, 0.0, 0.0, 0.0, 0.0, 1.0, 0.0, 1.0, 0.0, 1.0, 0.0, 1.0, 0.0, 0.0, 0.0, 0.0, 0.0, 0.0, 0.0, 0.0, 0.0, 0.0, 0.0, 0.0, 0.0, 0.0, 0.0, 1.0], "bins": [-1.2736397981643677, -1.2351973056793213, -1.196754813194275, -1.1583123207092285, -1.1198699474334717, -1.0814274549484253, -1.042984962463379, -1.0045424699783325, -0.9660999774932861, -0.9276574850082397, -0.8892149925231934, -0.8507725596427917, -0.8123300671577454, -0.773887574672699, -0.7354451417922974, -0.697002649307251, -0.6585601568222046, -0.6201176643371582, -0.5816751718521118, -0.5432327389717102, -0.5047902464866638, -0.46634775400161743, -0.42790529131889343, -0.38946282863616943, -0.35102033615112305, -0.31257784366607666, -0.27413538098335266, -0.23569290339946747, -0.19725042581558228, -0.15880794823169708, -0.12036547064781189, -0.0819229930639267, -0.043480515480041504, -0.005038037896156311, 0.03340443968772888, 0.07184691727161407, 0.11028939485549927, 0.14873187243938446, 0.18717435002326965, 0.22561682760715485, 0.26405930519104004, 0.3025017976760864, 0.3409442603588104, 0.3793867230415344, 0.4178292155265808, 0.4562717080116272, 0.4947141706943512, 0.5331566333770752, 0.5715991258621216, 0.610041618347168, 0.6484841108322144, 0.686926543712616, 0.7253690361976624, 0.7638115286827087, 0.8022539615631104, 0.8406964540481567, 0.8791389465332031, 0.9175814390182495, 0.9560239315032959, 0.9944663643836975, 1.0329089164733887, 1.0713512897491455, 1.109793782234192, 1.1482362747192383, 1.1866787672042847]}, "train_loss_d1": 28.276477813720703, "train_H_d1": 26.975440979003906, "test_loss_d1": 28.896203994750977, "test_H_d1": 27.62438201904297, "_runtime": 941.2764623165131, "_step": 4, "_wandb": {"runtime": 941}}