{"train_loss_d2": 3.4863903522491455, "train_H_d2": 13.84770679473877, "test_loss_d2": 4.300825119018555, "test_H_d2": 19.977632522583008, "_timestamp": 1723226535.2034492, "_runtime": 186.44957423210144, "_step": 8, "parameters/net.0.in_w.weight": {"_type": "histogram", "values": [2.0, 1.0, 5.0, 3.0, 5.0, 8.0, 3.0, 7.0, 1.0, 7.0, 4.0, 3.0, 1.0, 3.0, 3.0, 5.0, 5.0, 6.0, 1.0, 3.0, 8.0, 1.0, 6.0, 3.0, 4.0, 5.0, 2.0, 7.0, 8.0, 4.0, 9.0, 3.0, 11.0, 6.0, 4.0, 8.0, 1.0, 6.0, 5.0, 2.0, 5.0, 5.0, 2.0, 3.0, 2.0, 6.0, 2.0, 6.0, 1.0, 4.0, 5.0, 4.0, 1.0, 0.0, 3.0, 2.0, 2.0, 4.0, 7.0, 6.0, 2.0, 3.0, 0.0, 2.0], "bins": [-0.7358400821685791, -0.7127380967140198, -0.6896361112594604, -0.6665341258049011, -0.6434321403503418, -0.6203301548957825, -0.5972281694412231, -0.5741261839866638, -0.5510241985321045, -0.5279221534729004, -0.5048201680183411, -0.4817182123661041, -0.4586161971092224, -0.4355142116546631, -0.41241222620010376, -0.38931024074554443, -0.3662082552909851, -0.3431062698364258, -0.32000428438186646, -0.29690229892730713, -0.2738003134727478, -0.2506982982158661, -0.22759631276130676, -0.20449432730674744, -0.1813923418521881, -0.15829035639762878, -0.13518837094306946, -0.11208637058734894, -0.08898438513278961, -0.06588239967823029, -0.04278040677309036, -0.019678417593240738, 0.0034235119819641113, 0.026525501161813736, 0.04962749034166336, 0.07272948324680328, 0.09583146870136261, 0.11893345415592194, 0.14203545451164246, 0.16513743996620178, 0.1882394254207611, 0.21134141087532043, 0.23444339632987976, 0.2575453817844391, 0.2806473970413208, 0.3037493824958801, 0.32685136795043945, 0.3499533534049988, 0.3730553388595581, 0.39615732431411743, 0.41925930976867676, 0.4423612952232361, 0.4654632806777954, 0.4885652959346771, 0.5116672515869141, 0.5347692370414734, 0.5578712224960327, 0.5809732675552368, 0.6040752530097961, 0.6271772384643555, 0.6502792239189148, 0.6733812093734741, 0.6964831948280334, 0.7195851802825928, 0.7426871657371521]}, "parameters/net.0.in_w.bias": {"_type": "histogram", "values": [1.0, 1.0, 2.0, 1.0, 3.0, 3.0, 2.0, 5.0, 3.0, 1.0, 1.0, 1.0, 1.0, 0.0, 5.0, 0.0, 3.0, 1.0, 1.0, 1.0, 0.0, 2.0, 3.0, 1.0, 3.0, 2.0, 3.0, 3.0, 1.0, 0.0, 0.0, 3.0, 4.0, 1.0, 2.0, 5.0, 4.0, 3.0, 1.0, 7.0, 4.0, 4.0, 1.0, 1.0, 2.0, 2.0, 2.0, 3.0, 1.0, 0.0, 1.0, 3.0, 2.0, 2.0, 1.0, 1.0, 1.0, 1.0, 1.0, 2.0, 4.0, 3.0, 1.0, 1.0], "bins": [-0.7130053639411926, -0.6895151734352112, -0.666024923324585, -0.6425347328186035, -0.6190445423126221, -0.5955542922019958, -0.5720641016960144, -0.5485738515853882, -0.5250836610794067, -0.5015934705734253, -0.4781032204627991, -0.4546130299568176, -0.4311228096485138, -0.40763258934020996, -0.3841423988342285, -0.3606521785259247, -0.33716195821762085, -0.313671737909317, -0.2901815176010132, -0.26669132709503174, -0.2432011067867279, -0.21971088647842407, -0.19622068107128143, -0.1727304756641388, -0.14924025535583496, -0.12575003504753113, -0.10225982964038849, -0.07876961678266525, -0.05527940392494202, -0.03178919106721878, -0.008298978209495544, 0.015191234648227692, 0.03868138790130615, 0.06217160075902939, 0.08566181361675262, 0.10915202647447586, 0.1326422393321991, 0.15613245964050293, 0.17962266504764557, 0.2031128704547882, 0.22660309076309204, 0.2500933110713959, 0.2735835313796997, 0.29707372188568115, 0.320563942193985, 0.3440541625022888, 0.36754435300827026, 0.3910345733165741, 0.41452479362487793, 0.43801501393318176, 0.4615052342414856, 0.48499542474746704, 0.5084856748580933, 0.5319758653640747, 0.5554660558700562, 0.5789563059806824, 0.6024464964866638, 0.6259366869926453, 0.6494269371032715, 0.6729171276092529, 0.6964073181152344, 0.7198975682258606, 0.743387758731842, 0.7668780088424683, 0.7903681993484497]}, "parameters/net.0.out_w.weight": {"_type": "histogram", "values": [2.0, 1.0, 3.0, 3.0, 6.0, 7.0, 1.0, 9.0, 4.0, 3.0, 4.0, 3.0, 4.0, 4.0, 9.0, 4.0, 5.0, 2.0, 7.0, 4.0, 5.0, 2.0, 1.0, 6.0, 4.0, 2.0, 2.0, 4.0, 4.0, 9.0, 1.0, 4.0, 5.0, 4.0, 4.0, 6.0, 3.0, 3.0, 4.0, 2.0, 3.0, 3.0, 4.0, 10.0, 3.0, 5.0, 3.0, 4.0, 4.0, 4.0, 5.0, 1.0, 1.0, 8.0, 4.0, 8.0, 5.0, 2.0, 4.0, 5.0, 6.0, 2.0, 0.0, 2.0], "bins": [-0.7423136830329895, -0.7187424302101135, -0.6951711773872375, -0.6715999245643616, -0.6480286717414856, -0.6244574189186096, -0.6008861660957336, -0.5773149132728577, -0.5537436008453369, -0.5301723480224609, -0.506601095199585, -0.48302987217903137, -0.459458589553833, -0.43588733673095703, -0.41231608390808105, -0.3887448310852051, -0.3651735782623291, -0.3416023254394531, -0.31803107261657715, -0.29445981979370117, -0.2708885669708252, -0.24731729924678802, -0.22374603152275085, -0.20017477869987488, -0.1766035258769989, -0.15303227305412292, -0.12946102023124695, -0.10588975250720978, -0.0823184996843338, -0.058747243136167526, -0.03517598658800125, -0.011604730039834976, 0.011966586112976074, 0.03553784266114235, 0.059109099209308624, 0.0826803594827652, 0.10625161230564117, 0.12982286512851715, 0.15339413285255432, 0.1769653856754303, 0.20053663849830627, 0.22410789132118225, 0.24767914414405823, 0.2712503969669342, 0.29482167959213257, 0.31839293241500854, 0.3419641852378845, 0.3655354380607605, 0.3891066908836365, 0.41267794370651245, 0.4362491965293884, 0.4598204493522644, 0.4833917021751404, 0.5069629549980164, 0.5305342078208923, 0.5541054606437683, 0.5776767730712891, 0.601248025894165, 0.624819278717041, 0.648390531539917, 0.671961784362793, 0.695533037185669, 0.7191042900085449, 0.7426755428314209, 0.7662467956542969]}, "parameters/net.0.out_w.bias": {"_type": "histogram", "values": [3.0, 2.0, 1.0, 3.0, 1.0, 4.0, 3.0, 0.0, 2.0, 1.0, 3.0, 1.0, 3.0, 4.0, 3.0, 4.0, 3.0, 3.0, 2.0, 1.0, 2.0, 1.0, 3.0, 0.0, 1.0, 2.0, 0.0, 6.0, 1.0, 2.0, 6.0, 1.0, 4.0, 2.0, 3.0, 2.0, 2.0, 1.0, 3.0, 2.0, 1.0, 2.0, 1.0, 0.0, 1.0, 1.0, 1.0, 4.0, 0.0, 1.0, 0.0, 2.0, 1.0, 2.0, 2.0, 2.0, 0.0, 2.0, 1.0, 2.0, 3.0, 2.0, 5.0, 1.0], "bins": [-0.6917700171470642, -0.6691811680793762, -0.646592378616333, -0.624003529548645, -0.6014147400856018, -0.5788258910179138, -0.5562371015548706, -0.5336482524871826, -0.5110594034194946, -0.4884706139564514, -0.4658817946910858, -0.4432929754257202, -0.4207041263580322, -0.3981153070926666, -0.375526487827301, -0.3529376685619354, -0.3303488492965698, -0.3077600300312042, -0.2851712107658386, -0.262582391500473, -0.23999355733394623, -0.21740473806858063, -0.19481590390205383, -0.17222708463668823, -0.14963826537132263, -0.12704944610595703, -0.10446061939001083, -0.08187179267406464, -0.059282973408699036, -0.03669415041804314, -0.014105327427387238, 0.008483495563268661, 0.031072258949279785, 0.053661081939935684, 0.07624990493059158, 0.09883873164653778, 0.12142755091190338, 0.14401637017726898, 0.16660520434379578, 0.18919402360916138, 0.21178284287452698, 0.23437166213989258, 0.2569604814052582, 0.2795493006706238, 0.30213814973831177, 0.32472696900367737, 0.34731578826904297, 0.36990460753440857, 0.39249342679977417, 0.41508224606513977, 0.43767106533050537, 0.46025988459587097, 0.4828487038612366, 0.5054375529289246, 0.5280263423919678, 0.5506151914596558, 0.5732040405273438, 0.595792829990387, 0.618381679058075, 0.6409704685211182, 0.6635593175888062, 0.6861481070518494, 0.7087369561195374, 0.7313257455825806, 0.7539145946502686]}, "parameters/net.2.in_w.weight": {"_type": "histogram", "values": [4.0, 3.0, 3.0, 3.0, 3.0, 7.0, 1.0, 5.0, 9.0, 9.0, 7.0, 10.0, 6.0, 17.0, 13.0, 14.0, 12.0, 13.0, 11.0, 22.0, 19.0, 27.0, 16.0, 11.0, 17.0, 12.0, 16.0, 17.0, 18.0, 26.0, 24.0, 17.0, 15.0, 23.0, 20.0, 14.0, 14.0, 22.0, 13.0, 22.0, 12.0, 22.0, 22.0, 22.0, 26.0, 18.0, 18.0, 10.0, 9.0, 10.0, 9.0, 2.0, 11.0, 6.0, 10.0, 7.0, 2.0, 5.0, 5.0, 1.0, 1.0, 2.0, 2.0, 1.0],