{"train_loss": 0.9866020083427429, "train_grad": 0.6507555842399597, "train_H": 0.009571295231580734, "test_loss": 0.9657464623451233, "test_grad": 0.642353892326355, "test_h": 0, "test_H": 0.006644074339419603, "_timestamp": 1717628142.2327352, "_runtime": 31.82583713531494, "_step": 1, "_wandb": {"runtime": 31}}