{"train_loss": 0.5851708054542542, "train_grad": 0, "test_loss": 0.581534743309021, "test_grad": 0, "train_loss_grad": 0.00021574665152002126, "test_loss_grad": 0.00015161342162173241, "_timestamp": 1717441604.3324316, "_runtime": 210.16232061386108, "_step": 149, "gradients/net.0.weight": {"_type": "histogram", "values": [2.0, 0.0, 0.0, 0.0, 0.0, 0.0, 0.0, 0.0, 0.0, 0.0, 0.0, 1.0, 0.0, 0.0, 0.0, 1.0, 1.0, 1.0, 2.0, 3.0, 2.0, 4.0, 177.0, 2.0, 5.0, 6.0, 7.0, 3.0, 8.0, 6.0, 7.0, 4.0, 6.0, 7.0, 2.0, 6.0, 4.0, 6.0, 4.0, 7.0, 7.0, 9.0, 12.0, 179.0, 4.0, 2.0, 2.0, 1.0, 1.0, 1.0, 0.0, 2.0, 0.0, 0.0, 2.0, 0.0, 1.0, 2.0, 1.0, 1.0, 0.0, 0.0, 0.0, 1.0], "bins": [-0.031042274087667465, -0.030098794028162956, -0.029155312106013298, -0.02821183204650879, -0.02726835012435913, -0.026324870064854622, -0.025381390005350113, -0.024437908083200455, -0.023494426161050797, -0.022550946101546288, -0.02160746417939663, -0.02066398411989212, -0.019720502197742462, -0.018777022138237953, -0.017833542078733444, -0.016890060156583786, -0.015946580097079277, -0.015003099106252193, -0.01405961811542511, -0.013116138055920601, -0.012172656133770943, -0.011229176074266434, -0.01028569508343935, -0.009342214092612267, -0.008398733101785183, -0.007455252110958099, -0.006511771120131016, -0.0055682905949652195, -0.004624809604138136, -0.0036813286133110523, -0.002737848088145256, -0.0017943670973181725, -0.0008508861064910889, 9.25947679206729e-05, 0.0010360756423324347, 0.0019795564003288746, 0.002923037391155958, 0.0038665183819830418, 0.004809998907148838, 0.005753479897975922, 0.006696960888803005, 0.007640441879630089, 0.008583922870457172, 0.009527403861284256, 0.010470883920788765, 0.011414365842938423, 0.012357845902442932, 0.013301326893270016, 0.0142448078840971, 0.015188288874924183, 0.016131769865751266, 0.017075249925255775, 0.018018731847405434, 0.018962211906909943, 0.0199056938290596, 0.02084917388856411, 0.02179265394806862, 0.022736134007573128, 0.023679615929722786, 0.024623095989227295, 0.025566577911376953, 0.026510057970881462, 0.02745353803038597, 0.02839701995253563, 0.029340501874685287]}, "gradients/net.2.weight": {"_type": "histogram", "values": [1.0, 1.0, 0.0, 0.0, 1.0, 1.0, 1.0, 1.0, 0.0, 1.0, 2.0, 1.0, 7.0, 12.0, 8.0, 19.0, 34.0, 85.0, 166.0, 349.0, 714.0, 1778.0, 21541.0, 3822.0, 1720.0, 974.0, 557.0, 386.0, 281.0, 195.0, 171.0, 157.0, 176.0, 273.0, 329.0, 478.0, 835.0, 1470.0, 3037.0, 21988.0, 2276.0, 936.0, 368.0, 184.0, 82.0, 49.0, 19.0, 16.0, 8.0, 10.0, 6.0, 1.0, 6.0, 0.0, 1.0, 0.0, 1.0, 0.0, 0.0, 0.0, 0.0, 0.0, 0.0, 1.0], "bins": [-0.037227511405944824, -0.03603099659085274, -0.03483448177576065, -0.03363797068595886, -0.032441455870866776, -0.03124494105577469, -0.030048426240682602, -0.028851911425590515, -0.027655398473143578, -0.02645888365805149, -0.025262370705604553, -0.024065855890512466, -0.02286934107542038, -0.021672828122973442, -0.020476313307881355, -0.019279800355434418, -0.01808328554034233, -0.016886770725250244, -0.015690257772803307, -0.01449374295771122, -0.013297229073941708, -0.012100715190172195, -0.010904200375080109, -0.009707686491310596, -0.008511172607541084, -0.007314658723771572, -0.006118144374340773, -0.004921630024909973, -0.003725116141140461, -0.002528602257370949, -0.0013320879079401493, -0.00013557355850934982, 0.0010609440505504608, 0.0022574581671506166, 0.0034539722837507725, 0.004650486633181572, 0.005847000516951084, 0.007043514400720596, 0.008240029215812683, 0.009436543099582195, 0.010633056983351707, 0.01182957086712122, 0.013026084750890732, 0.014222599565982819, 0.01541911344975233, 0.016615627333521843, 0.01781214214861393, 0.019008655101060867, 0.020205169916152954, 0.02140168473124504, 0.02259819768369198, 0.023794712498784065, 0.024991225451231003, 0.02618774026632309, 0.027384255081415176, 0.028580769896507263, 0.0297772828489542, 0.030973797664046288, 0.032170310616493225, 0.03336682543158531, 0.0345633402466774, 0.03575985133647919, 0.036956366151571274, 0.03815288096666336, 0.03934939578175545]}, "gradients/net.4.bias": {"_type": "histogram", "values": [1.0, 0.0, 0.0, 0.0, 0.0, 0.0, 0.0, 0.0, 0.0, 0.0, 0.0, 0.0, 0.0, 0.0, 0.0, 0.0, 0.0, 0.0, 0.0, 0.0, 0.0, 0.0, 0.0, 0.0, 0.0, 0.0, 0.0, 0.0, 0.0, 0.0, 0.0, 0.0, 0.0, 0.0, 0.0, 0.0, 0.0, 0.0, 0.0, 0.0, 0.0, 0.0, 0.0, 0.0, 0.0, 0.0, 0.0, 0.0, 0.0, 0.0, 0.0, 0.0, 0.0, 0.0, 0.0, 0.0, 0.0, 0.0, 0.0, 0.0, 0.0, 0.0, 0.0, 1.0], "bins": [-0.05742444097995758, -0.055454425513744354, -0.05348440632224083, -0.051514387130737305, -0.04954437166452408, -0.04757435619831085, -0.04560433700680733, -0.0436343178153038, -0.041664302349090576, -0.03969428688287735, -0.037724267691373825, -0.0357542484998703, -0.033784233033657074, -0.03181421756744385, -0.029844198375940323, -0.027874181047081947, -0.025904163718223572, -0.023934146389365196, -0.02196412906050682, -0.019994111731648445, -0.01802409440279007, -0.016054077073931694, -0.014084059745073318, -0.012114042416214943, -0.010144025087356567, -0.008174007758498192, -0.006203990429639816, -0.004233973100781441, -0.002263955771923065, -0.00029393844306468964, 0.001676078885793686, 0.0036460962146520615, 0.005616113543510437, 0.0075861308723688126, 0.009556148201227188, 0.011526165530085564, 0.01349618285894394, 0.015466200187802315, 0.01743621751666069, 0.019406234845519066, 0.02137625217437744, 0.023346269503235817, 0.025316286832094193, 0.027286304160952568, 0.029256321489810944, 0.03122633881866932, 0.033196356147527695, 0.03516637533903122, 0.037136390805244446, 0.03910640627145767, 0.0410764254629612, 0.04304644465446472, 0.04501646012067795, 0.046986475586891174, 0.0489564947783947, 0.050926513969898224, 0.05289652943611145, 0.054866544902324677, 0.0568365640938282, 0.058806583285331726, 0.06077659875154495, 0.06274661421775818, 0.064716637134552, 0.06668665260076523, 0.06865666806697845]}, "gradients/net.4.weight": {"_type": "histogram", "values": [2.0, 0.0, 0.0, 0.0, 0.0, 0.0, 0.0, 0.0, 1.0, 0.0, 0.0, 0.0, 1.0, 0.0, 2.0, 0.0, 2.0, 0.0, 114.0, 13.0, 4.0, 8.0, 12.0, 92.0, 1.0, 1.0, 0.0, 1.0, 0.0, 0.0, 1.0, 0.0, 0.0, 0.0, 1.0, 1.0, 0.0, 0.0, 0.0, 2.0, 6.0, 93.0, 7.0, 0.0, 5.0, 9.0, 127.0, 0.0, 2.0, 0.0, 1.0, 0.0, 0.0, 0.0, 0.0, 1.0, 0.0, 1.0, 0.0, 0.0, 0.0, 0.0, 0.0, 1.0], "bins": [-0.1408465951681137, -0.13640859723091125, -0.1319705992937088, -0.12753258645534515, -0.1230945885181427, -0.11865659058094025, -0.11421859264373779, -0.10978058725595474, -0.10534258186817169, -0.10090458393096924, -0.09646657854318619, -0.09202858060598373, -0.08759057521820068, -0.08315257728099823, -0.07871457934379578, -0.07427657395601273, -0.06983857601881027, -0.06540057808160782, -0.06096257269382477, -0.056524574756622314, -0.052086569368839264, -0.04764857143163681, -0.04321056976914406, -0.038772568106651306, -0.034334566444158554, -0.029896564781665802, -0.02545856311917305, -0.021020563319325447, -0.016582561656832695, -0.012144559994339943, -0.00770656019449234, -0.003268558531999588, 0.001169443130493164, 0.005607444327324629, 0.010045445524156094, 0.014483446255326271, 0.018921447917819023, 0.023359449580311775, 0.027797449380159378, 0.03223545104265213, 0.03667345270514488, 0.041111454367637634, 0.045549456030130386, 0.04998745769262314, 0.05442545562982559, 0.05886346101760864, 0.0633014589548111, 0.06773945689201355, 0.0721774622797966, 0.07661546021699905, 0.0810534656047821, 0.08549146354198456, 0.08992946892976761, 0.09436746686697006, 0.09880547225475311, 0.10324347019195557, 0.10768146812915802, 0.11211946606636047, 0.11655747145414352, 0.12099546939134598, 0.12543347477912903, 0.12987147271633148, 0.13430947065353394, 0.13874748349189758, 0.14318548142910004]}, "gradients/net.0.bias": {"_type": "histogram",