{"train_loss": 0.006640191189944744, "train_grad": 0.6338503956794739, "train_H": 0.005721454042941332, "test_loss": 0.007359283044934273, "test_grad": 0.696642279624939, "test_h": 0, "test_H": 0.00707518495619297, "_timestamp": 1717580350.2072656, "_runtime": 21.946197509765625, "_step": 499, "gradients/NN.net.2.bias": {"_type": "histogram", "values": [0.0, 0.0, 0.0, 0.0, 0.0, 0.0, 0.0, 0.0, 0.0, 0.0, 0.0, 0.0, 0.0, 0.0, 0.0, 0.0, 0.0, 0.0, 0.0, 0.0, 0.0, 0.0, 0.0, 0.0, 0.0, 0.0, 0.0, 0.0, 0.0, 0.0, 0.0, 0.0, 1.0, 0.0, 0.0, 0.0, 0.0, 0.0, 0.0, 0.0, 0.0, 0.0, 0.0, 0.0, 0.0, 0.0, 0.0, 0.0, 0.0, 0.0, 0.0, 0.0, 0.0, 0.0, 0.0, 0.0, 0.0, 0.0, 0.0, 0.0, 0.0, 0.0, 0.0, 0.0], "bins": [4.265996176400222e-05, 4.265996176400222e-05, 4.265996176400222e-05, 4.265996176400222e-05, 4.265996176400222e-05, 4.265996176400222e-05, 4.265996176400222e-05, 4.265996176400222e-05, 4.265996176400222e-05, 4.265996176400222e-05, 4.265996176400222e-05, 4.265996176400222e-05, 4.265996176400222e-05, 4.265996176400222e-05, 4.265996176400222e-05, 4.265996176400222e-05, 4.265996176400222e-05, 4.265996176400222e-05, 4.265996176400222e-05, 4.265996176400222e-05, 4.265996176400222e-05, 4.265996176400222e-05, 4.265996176400222e-05, 4.265996176400222e-05, 4.265996176400222e-05, 4.265996176400222e-05, 4.265996176400222e-05, 4.265996176400222e-05, 4.265996176400222e-05, 4.265996176400222e-05, 4.265996176400222e-05, 4.265996176400222e-05, 4.265996176400222e-05, 4.265996176400222e-05, 4.265996176400222e-05, 4.265996176400222e-05, 4.265996176400222e-05, 4.265996176400222e-05, 4.265996176400222e-05, 4.265996176400222e-05, 4.265996176400222e-05, 4.265996176400222e-05, 4.265996176400222e-05, 4.265996176400222e-05, 4.265996176400222e-05, 4.265996176400222e-05, 4.265996176400222e-05, 4.265996176400222e-05, 4.265996176400222e-05, 4.265996176400222e-05, 4.265996176400222e-05, 4.265996176400222e-05, 4.265996176400222e-05, 4.265996176400222e-05, 4.265996176400222e-05, 4.265996176400222e-05, 4.265996176400222e-05, 4.265996176400222e-05, 4.265996176400222e-05, 4.265996176400222e-05, 4.265996176400222e-05, 4.265996176400222e-05, 4.265996176400222e-05, 4.265996176400222e-05, 4.265996176400222e-05]}, "gradients/NN.net.2.weight": {"_type": "histogram", "values": [1.0, 0.0, 0.0, 0.0, 0.0, 0.0, 0.0, 0.0, 2.0, 5.0, 3.0, 5.0, 2.0, 3.0, 6.0, 4.0, 3.0, 8.0, 12.0, 9.0, 9.0, 10.0, 12.0, 11.0, 14.0, 18.0, 22.0, 21.0, 24.0, 21.0, 29.0, 26.0, 15.0, 17.0, 32.0, 24.0, 23.0, 10.0, 16.0, 20.0, 8.0, 9.0, 6.0, 8.0, 7.0, 4.0, 6.0, 7.0, 2.0, 2.0, 4.0, 2.0, 2.0, 2.0, 1.0, 1.0, 1.0, 0.0, 0.0, 0.0, 1.0, 1.0, 0.0, 1.0], "bins": [-0.0003703571856021881, -0.00035819291952066123, -0.0003460286243353039, -0.00033386435825377703, -0.0003217000630684197, -0.0003095357969868928, -0.0002973715018015355, -0.0002852072357200086, -0.0002730429405346513, -0.0002608786744531244, -0.00024871437926776707, -0.00023655009863432497, -0.00022438581800088286, -0.00021222153736744076, -0.00020005725673399866, -0.00018789299065247178, -0.00017572871001902968, -0.00016356442938558757, -0.00015140014875214547, -0.00013923586811870337, -0.00012707158748526126, -0.00011490730685181916, -0.00010274303349433467, -9.057875286089256e-05, -7.841447222745046e-05, -6.625019159400836e-05, -5.408591096056625e-05, -4.1921633965102956e-05, -2.9757353331660852e-05, -1.7593072698218748e-05, -5.428795702755451e-06, 6.735484930686653e-06, 1.8899765564128757e-05, 3.106404619757086e-05, 4.3228326831012964e-05, 5.539260382647626e-05, 6.755688809789717e-05, 7.972116873133928e-05, 9.188544208882377e-05, 0.00010404972272226587, 0.00011621400335570797, 0.00012837827671319246, 0.00014054255734663457, 0.00015270683798007667, 0.00016487111861351877, 0.00017703539924696088, 0.00018919967988040298, 0.00020136396051384509, 0.0002135282411472872, 0.0002256925217807293, 0.0002378568024141714, 0.0002500210830476135, 0.0002621853491291404, 0.0002743496443144977, 0.0002865139103960246, 0.0002986782055813819, 0.0003108424716629088, 0.00032300673774443567, 0.000335171032929793, 0.0003473352990113199, 0.0003594995941966772, 0.0003716638602782041, 0.0003838281554635614, 0.0003959924215450883, 0.0004081567167304456]}, "gradients/NN.net.0.bias": {"_type": "histogram", "values": [1.0, 0.0, 0.0, 0.0, 1.0, 0.0, 1.0, 0.0, 3.0, 0.0, 1.0, 2.0, 5.0, 2.0, 2.0, 3.0, 4.0, 6.0, 10.0, 13.0, 21.0, 22.0, 34.0, 34.0, 54.0, 57.0, 50.0, 44.0, 35.0, 31.0, 13.0, 12.0, 11.0, 6.0, 7.0, 4.0, 4.0, 4.0, 4.0, 4.0, 1.0, 2.0, 0.0, 0.0, 1.0, 0.0, 1.0, 0.0, 0.0, 0.0, 0.0, 0.0, 0.0, 0.0, 0.0, 1.0, 0.0, 0.0, 0.0, 0.0, 0.0, 0.0, 0.0, 1.0], "bins": [-5.134575258125551e-05, -4.934402386425063e-05, -4.734229514724575e-05, -4.534056643024087e-05, -4.333883407525718e-05, -4.13371053582523e-05, -3.933537664124742e-05, -3.733364792424254e-05, -3.533191920723766e-05, -3.333019049023278e-05, -3.13284617732279e-05, -2.9326731237233616e-05, -2.7325000701239333e-05, -2.5323271984234452e-05, -2.3321543267229572e-05, -2.131981455022469e-05, -1.9318082195241004e-05, -1.7316353478236124e-05, -1.531462294224184e-05, -1.331289422523696e-05, -1.1311164598737378e-05, -9.309434972237796e-06, -7.307706255232915e-06, -5.305976628733333e-06, -3.304247002233751e-06, -1.3025176031078445e-06, 6.992117960180622e-07, 2.7009409677702934e-06, 4.7026705942698754e-06, 6.7044002207694575e-06, 8.706128937774338e-06, 1.070785856427392e-05, 1.2709591828752309e-05, 1.4711321455251891e-05, 1.6713051081751473e-05, 1.8714779798756354e-05, 2.0716510334750637e-05, 2.2718239051755518e-05, 2.4719967768760398e-05, 2.672169648576528e-05, 2.8723427021759562e-05, 3.0725157557753846e-05, 3.2726886274758726e-05, 3.472861499176361e-05, 3.673034370876849e-05, 3.8732076063752174e-05, 4.073380114277825e-05, 4.2735533497761935e-05, 4.4737262214766815e-05, 4.6738990931771696e-05, 4.8740719648776576e-05, 5.0742448365781456e-05, 5.2744180720765144e-05, 5.4745909437770024e-05, 5.6747638154774904e-05, 5.8749366871779785e-05, 6.0751095588784665e-05, 6.275282794376835e-05, 6.475455302279443e-05, 6.675628537777811e-05, 6.875801045680419e-05, 7.075974281178787e-05, 7.276146789081395e-05, 7.476320024579763e-05, 7.676493260078132e-05]}, "gradients/NN.net.0.weight": {"_type": "histogram", "values": [1.0, 1.0, 0.0, 1.0, 0.0, 0.0, 0.0, 0.0, 1.0, 0.0, 1.0, 2.0, 2.0, 4.0, 4.0, 3.0, 4.0, 2.0, 13.0, 13.0, 13.0, 20.0, 28.0, 33.0, 59.0, 61.0, 82.0, 115.0, 175.0, 209.0, 269.0, 314.0, 415.0, 437.0, 568.0, 684.0, 501.0, 471.0, 353.0, 323.0, 235.0, 188.0, 129.0, 97.0, 79.0, 55.0, 43.0, 34.0, 22.0, 13.0, 14.0, 17.0, 12.0, 6.0, 4.0, 4.0, 2.0, 0.0, 2.0, 1.0, 3.0, 1.0, 0.0, 1.0],