{"train_loss": 0.07232452183961868, "train_grad": 1.3772430419921875, "train_H": 0.3517017364501953, "test_loss": 0.05150613933801651, "test_grad": 1.0862957239151, "test_h": 0, "test_H": 0.19884857535362244, "_timestamp": 1717580255.980459, "_runtime": 22.13260793685913, "_step": 499, "gradients/NN.net.2.bias": {"_type": "histogram", "values": [0.0, 0.0, 0.0, 0.0, 0.0, 0.0, 0.0, 0.0, 0.0, 0.0, 0.0, 0.0, 0.0, 0.0, 0.0, 0.0, 0.0, 0.0, 0.0, 0.0, 0.0, 0.0, 0.0, 0.0, 0.0, 0.0, 0.0, 0.0, 0.0, 0.0, 0.0, 1.0, 0.0, 0.0, 0.0, 0.0, 0.0, 0.0, 0.0, 0.0, 0.0, 0.0, 0.0, 0.0, 0.0, 0.0, 0.0, 0.0, 0.0, 0.0, 0.0, 0.0, 0.0, 0.0, 0.0, 0.0, 0.0, 0.0, 0.0, 0.0, 0.0, 0.0, 0.0, 0.0], "bins": [-0.00016085381503216922, -0.00016085381503216922, -0.00016085381503216922, -0.00016085381503216922, -0.00016085381503216922, -0.00016085381503216922, -0.00016085381503216922, -0.00016085381503216922, -0.00016085381503216922, -0.00016085381503216922, -0.00016085381503216922, -0.00016085381503216922, -0.00016085381503216922, -0.00016085381503216922, -0.00016085381503216922, -0.00016085381503216922, -0.00016085381503216922, -0.00016085381503216922, -0.00016085381503216922, -0.00016085381503216922, -0.00016085381503216922, -0.00016085381503216922, -0.00016085381503216922, -0.00016085381503216922, -0.00016085381503216922, -0.00016085381503216922, -0.00016085381503216922, -0.00016085381503216922, -0.00016085381503216922, -0.00016085381503216922, -0.00016085381503216922, -0.00016085381503216922, -0.00016085381503216922, -0.00016085381503216922, -0.00016085381503216922, -0.00016085381503216922, -0.00016085381503216922, -0.00016085381503216922, -0.00016085381503216922, -0.00016085381503216922, -0.00016085381503216922, -0.00016085381503216922, -0.00016085381503216922, -0.00016085381503216922, -0.00016085381503216922, -0.00016085381503216922, -0.00016085381503216922, -0.00016085381503216922, -0.00016085381503216922, -0.00016085381503216922, -0.00016085381503216922, -0.00016085381503216922, -0.00016085381503216922, -0.00016085381503216922, -0.00016085381503216922, -0.00016085381503216922, -0.00016085381503216922, -0.00016085381503216922, -0.00016085381503216922, -0.00016085381503216922, -0.00016085381503216922, -0.00016085381503216922, -0.00016085381503216922, -0.00016085381503216922, -0.00016085381503216922]}, "gradients/NN.net.2.weight": {"_type": "histogram", "values": [1.0, 0.0, 0.0, 0.0, 0.0, 0.0, 0.0, 0.0, 0.0, 0.0, 0.0, 0.0, 0.0, 0.0, 1.0, 1.0, 2.0, 3.0, 1.0, 2.0, 2.0, 2.0, 7.0, 3.0, 5.0, 8.0, 10.0, 7.0, 11.0, 14.0, 13.0, 28.0, 32.0, 34.0, 42.0, 43.0, 51.0, 36.0, 29.0, 25.0, 20.0, 19.0, 7.0, 7.0, 9.0, 4.0, 3.0, 4.0, 1.0, 3.0, 1.0, 2.0, 3.0, 4.0, 2.0, 3.0, 0.0, 2.0, 2.0, 0.0, 1.0, 0.0, 0.0, 2.0], "bins": [-0.011388606391847134, -0.01106974110007286, -0.010750876739621162, -0.01043201144784689, -0.010113146156072617, -0.009794280864298344, -0.00947541557252407, -0.009156551212072372, -0.0088376859202981, -0.008518820628523827, -0.008199956268072128, -0.007881090976297855, -0.0075622256845235825, -0.0072433603927493095, -0.006924495566636324, -0.006605630740523338, -0.006286765448749065, -0.0059679001569747925, -0.005649035330861807, -0.005330170504748821, -0.005011305212974548, -0.004692439921200275, -0.00437357509508729, -0.004054710268974304, -0.0037358449772000313, -0.003416979918256402, -0.0030981148593127728, -0.0027792498003691435, -0.0024603847414255142, -0.002141519682481885, -0.0018226546235382557, -0.0015037895645946264, -0.0011849245056509972, -0.0008660594467073679, -0.0005471943877637386, -0.00022832932882010937, 9.05357301235199e-05, 0.00040940078906714916, 0.0007282658480107784, 0.0010471309069544077, 0.001365995965898037, 0.0016848610248416662, 0.0020037260837852955, 0.0023225911427289248, 0.002641456201672554, 0.0029603212606161833, 0.0032791863195598125, 0.003598051378503442, 0.003916916437447071, 0.004235781729221344, 0.00455464655533433, 0.004873511381447315, 0.005192376673221588, 0.005511241964995861, 0.005830106791108847, 0.006148971617221832, 0.006467836908996105, 0.006786702200770378, 0.007105567026883364, 0.007424431852996349, 0.007743297144770622, 0.008062162436544895, 0.008381027728319168, 0.008699892088770866, 0.00901875738054514]}, "gradients/NN.net.0.bias": {"_type": "histogram", "values": [1.0, 0.0, 0.0, 0.0, 0.0, 1.0, 0.0, 0.0, 0.0, 0.0, 1.0, 1.0, 0.0, 0.0, 0.0, 0.0, 0.0, 0.0, 0.0, 0.0, 1.0, 0.0, 1.0, 0.0, 0.0, 0.0, 1.0, 0.0, 3.0, 2.0, 3.0, 2.0, 0.0, 1.0, 2.0, 4.0, 3.0, 9.0, 16.0, 30.0, 117.0, 192.0, 51.0, 26.0, 10.0, 7.0, 5.0, 3.0, 4.0, 5.0, 2.0, 0.0, 3.0, 0.0, 0.0, 1.0, 0.0, 0.0, 0.0, 2.0, 0.0, 1.0, 0.0, 1.0], "bins": [-0.005656644236296415, -0.005519405473023653, -0.005382166244089603, -0.005244927480816841, -0.005107688717544079, -0.0049704499542713165, -0.004833210725337267, -0.004695971962064505, -0.004558733198791742, -0.00442149443551898, -0.00428425520658493, -0.004147016443312168, -0.004009777680039406, -0.003872538683936, -0.003735299687832594, -0.0035980609245598316, -0.0034608219284564257, -0.0033235829323530197, -0.0031863441690802574, -0.0030491051729768515, -0.002911866409704089, -0.002774627413600683, -0.002637388650327921, -0.002500149654224515, -0.002362910658121109, -0.002225671662017703, -0.0020884328987449408, -0.0019511939026415348, -0.0018139551393687725, -0.0016767161432653666, -0.0015394772635772824, -0.0014022383838891983, -0.0012649993877857924, -0.0011277605080977082, -0.000990521628409624, -0.0008532826905138791, -0.0007160438108257949, -0.0005788049311377108, -0.00044156599324196577, -0.00030432711355388165, -0.00016708823386579752, -2.9849339625798166e-05, 0.00010738955461420119, 0.00024462846340611577, 0.0003818673430941999, 0.000519106222782284, 0.0006563451606780291, 0.0007935840403661132, 0.0009308229200541973, 0.0010680617997422814, 0.0012053006794303656, 0.0013425396755337715, 0.0014797784388065338, 0.0016170174349099398, 0.0017542563145980239, 0.001891495194286108, 0.0020287339575588703, 0.0021659729536622763, 0.0023032117169350386, 0.0024404507130384445, 0.002577689476311207, 0.0027149284724146128, 0.0028521674685180187, 0.002989406231790781, 0.003126645227894187]}, "gradients/NN.net.0.weight": {"_type": "histogram", "values": [1.0, 0.0, 0.0, 0.0, 0.0, 0.0, 0.0, 0.0, 1.0, 1.0, 2.0, 0.0, 1.0, 2.0, 6.0, 6.0, 10.0, 9.0, 17.0, 38.0, 39.0, 79.0, 152.0, 268.0, 467.0, 775.0, 1041.0, 1178.0, 843.0, 487.0, 311.0, 160.0, 100.0, 48.0, 38.0, 27.0, 10.0, 3.0, 3.0, 6.0, 4.0, 1.0, 1.0, 3.0, 0.0, 1.0, 2.0, 0.0, 1.0, 0.0, 0.0, 0.0, 0.0, 1.0, 0.0, 0.0, 0.0, 0.0, 0.0, 0.0, 0.0, 0.0, 0.0, 1.0],