{"parameters/net.0.fc.weight": {"_type": "histogram", "values": [2.0, 0.0, 0.0, 0.0, 1.0, 0.0, 1.0, 1.0, 0.0, 4.0, 1.0, 1.0, 2.0, 3.0, 4.0, 5.0, 2.0, 4.0, 3.0, 9.0, 2.0, 10.0, 10.0, 3.0, 6.0, 11.0, 5.0, 8.0, 12.0, 7.0, 8.0, 14.0, 10.0, 7.0, 10.0, 7.0, 7.0, 9.0, 4.0, 7.0, 5.0, 5.0, 3.0, 10.0, 5.0, 2.0, 5.0, 2.0, 3.0, 2.0, 2.0, 1.0, 2.0, 2.0, 1.0, 3.0, 1.0, 0.0, 1.0, 0.0, 0.0, 0.0, 0.0, 1.0], "bins": [-0.47651544213294983, -0.4617134928703308, -0.4469115436077118, -0.4321095943450928, -0.41730764508247375, -0.40250569581985474, -0.3877037465572357, -0.3729017972946167, -0.3580998480319977, -0.34329789876937866, -0.32849594950675964, -0.3136940002441406, -0.2988920509815216, -0.2840901017189026, -0.26928815245628357, -0.25448620319366455, -0.23968425393104553, -0.2248823046684265, -0.2100803554058075, -0.19527840614318848, -0.18047645688056946, -0.16567450761795044, -0.15087255835533142, -0.1360706090927124, -0.12126865983009338, -0.10646671056747437, -0.09166476130485535, -0.07686281204223633, -0.06206086277961731, -0.04725891351699829, -0.03245696425437927, -0.017655014991760254, -0.002853095531463623, 0.011948853731155396, 0.026750802993774414, 0.04155275225639343, 0.05635470151901245, 0.07115665078163147, 0.08595860004425049, 0.1007605493068695, 0.11556249856948853, 0.13036444783210754, 0.14516639709472656, 0.15996834635734558, 0.1747702956199646, 0.18957224488258362, 0.20437419414520264, 0.21917614340782166, 0.23397809267044067, 0.2487800419330597, 0.2635819911956787, 0.27838394045829773, 0.29318588972091675, 0.30798783898353577, 0.3227897882461548, 0.3375917375087738, 0.3523936867713928, 0.36719563603401184, 0.38199758529663086, 0.3967995345592499, 0.4116014838218689, 0.4264034330844879, 0.44120538234710693, 0.45600733160972595, 0.47080928087234497]}, "_timestamp": 1722945474.650311, "parameters/net.0.attn_fc.weight": {"_type": "histogram", "values": [1.0, 0.0, 0.0, 0.0, 0.0, 0.0, 0.0, 0.0, 0.0, 1.0, 1.0, 0.0, 5.0, 2.0, 0.0, 1.0, 2.0, 3.0, 5.0, 3.0, 2.0, 4.0, 5.0, 10.0, 8.0, 3.0, 6.0, 14.0, 5.0, 8.0, 8.0, 12.0, 15.0, 10.0, 7.0, 7.0, 7.0, 10.0, 11.0, 9.0, 8.0, 10.0, 4.0, 7.0, 8.0, 4.0, 5.0, 2.0, 2.0, 4.0, 3.0, 3.0, 1.0, 2.0, 2.0, 0.0, 1.0, 1.0, 1.0, 1.0, 0.0, 0.0, 1.0, 1.0], "bins": [-0.3965590000152588, -0.3850027322769165, -0.37344643473625183, -0.36189016699790955, -0.35033389925956726, -0.3387776017189026, -0.3272213339805603, -0.315665066242218, -0.30410879850387573, -0.29255250096321106, -0.2809962332248688, -0.2694399654865265, -0.2578836679458618, -0.24632740020751953, -0.23477111756801605, -0.22321484982967377, -0.2116585671901703, -0.2001022845506668, -0.18854601681232452, -0.17698973417282104, -0.16543346643447876, -0.15387718379497528, -0.1423209011554718, -0.13076463341712952, -0.11920835077762604, -0.10765207558870316, -0.09609580039978027, -0.0845395177602768, -0.07298324257135391, -0.06142696738243103, -0.04987068846821785, -0.03831440955400467, -0.0267581045627594, -0.015201827511191368, -0.003645550459623337, 0.007910726591944695, 0.019467003643512726, 0.031023280695080757, 0.04257955774664879, 0.05413583666086197, 0.06569211184978485, 0.07724838703870773, 0.08880466222763062, 0.1003609448671341, 0.11191722005605698, 0.12347349524497986, 0.13502977788448334, 0.14658604562282562, 0.1581423282623291, 0.16969861090183258, 0.18125487864017487, 0.19281116127967834, 0.20436742901802063, 0.2159237116575241, 0.2274799942970276, 0.23903626203536987, 0.25059252977371216, 0.26214882731437683, 0.2737050950527191, 0.2852613627910614, 0.2968176603317261, 0.30837392807006836, 0.31993019580841064, 0.3314864933490753, 0.3430427610874176]}, "parameters/net.2.fc.weight": {"_type": "histogram", "values": [2.0, 0.0, 1.0, 1.0, 1.0, 0.0, 0.0, 4.0, 4.0, 2.0, 5.0, 2.0, 4.0, 8.0, 8.0, 9.0, 13.0, 13.0, 12.0, 15.0, 18.0, 25.0, 25.0, 21.0, 23.0, 23.0, 28.0, 22.0, 31.0, 25.0, 27.0, 27.0, 32.0, 27.0, 26.0, 29.0, 23.0, 30.0, 18.0, 18.0, 19.0, 26.0, 18.0, 22.0, 8.0, 10.0, 11.0, 11.0, 5.0, 11.0, 4.0, 1.0, 2.0, 5.0, 2.0, 2.0, 4.0, 1.0, 1.0, 1.0, 0.0, 1.0, 0.0, 1.0], "bins": [-0.506605863571167, -0.49023377895355225, -0.4738616943359375, -0.45748960971832275, -0.441117525100708, -0.42474547028541565, -0.4083733856678009, -0.39200130105018616, -0.3756292164325714, -0.35925713181495667, -0.3428850471973419, -0.3265129625797272, -0.3101409077644348, -0.29376882314682007, -0.2773967385292053, -0.2610246539115906, -0.24465256929397583, -0.22828048467636108, -0.21190840005874634, -0.19553633034229279, -0.17916424572467804, -0.1627921611070633, -0.14642009139060974, -0.130048006772995, -0.11367592215538025, -0.0973038375377655, -0.08093176037073135, -0.0645596832036972, -0.04818759858608246, -0.03181551769375801, -0.015443436801433563, 0.0009286440908908844, 0.017300665378570557, 0.033672746270895004, 0.05004482716321945, 0.0664169043302536, 0.08278898894786835, 0.0991610735654831, 0.11553315073251724, 0.1319052278995514, 0.14827731251716614, 0.16464939713478088, 0.18102148175239563, 0.19739355146884918, 0.21376563608646393, 0.23013772070407867, 0.24650979042053223, 0.262881875038147, 0.2792539596557617, 0.29562604427337646, 0.3119981288909912, 0.32837021350860596, 0.3447422981262207, 0.36111435294151306, 0.3774864375591278, 0.39385852217674255, 0.4102306067943573, 0.42660269141197205, 0.4429747760295868, 0.45934686064720154, 0.4757189154624939, 0.49209100008010864, 0.5084630846977234, 0.5248351693153381, 0.5412072539329529]}, "parameters/net.2.attn_fc.weight": {"_type": "histogram", "values": [1.0, 0.0, 0.0, 1.0, 0.0, 0.0, 0.0, 0.0, 0.0, 0.0, 0.0, 2.0, 0.0, 1.0, 1.0, 0.0, 0.0, 1.0, 0.0, 0.0, 1.0, 0.0, 0.0, 0.0, 0.0, 0.0, 1.0, 0.0, 0.0, 0.0, 0.0, 0.0, 0.0, 0.0, 0.0, 0.0, 1.0, 0.0, 0.0, 0.0, 0.0, 0.0, 0.0, 0.0, 0.0, 0.0, 0.0, 0.0, 0.0, 0.0, 0.0, 0.0, 0.0, 0.0, 0.0, 0.0, 1.0, 0.0, 0.0, 0.0, 0.0, 0.0, 0.0, 1.0], "bins": [-0.5039864778518677, -0.4825967848300934, -0.4612070918083191, -0.4398173987865448, -0.4184277057647705, -0.3970380127429962, -0.3756483197212219, -0.35425862669944763, -0.33286893367767334, -0.31147927045822144, -0.29008957743644714, -0.26869988441467285, -0.24731019139289856, -0.22592049837112427, -0.20453080534934998, -0.18314111232757568, -0.1617514193058014, -0.1403617262840271, -0.11897203326225281, -0.09758234769105911, -0.07619265466928482, -0.05480296164751053, -0.033413272351026535, -0.012023581191897392, 0.00936610996723175, 0.030755801126360893, 0.052145492285490036, 0.07353518158197403, 0.09492487460374832, 0.11631456762552261, 0.1377042531967163, 0.1590939462184906, 0.1804836392402649, 0.20187333226203918, 0.22326302528381348, 0.24465271830558777, 0.26604241132736206, 0.28743210434913635, 0.30882179737091064, 0.33021149039268494, 0.35160118341445923, 0.37299084663391113, 0.3943805396556854, 0.4157702326774597, 0.437159925699234, 0.4585496187210083, 0.4799393117427826, 0.5013290047645569, 0.5227186679840088, 0.5441083908081055, 0.5654980540275574, 0.586887776851654, 0.608277440071106, 0.6296671628952026, 0.6510568261146545, 0.6724465489387512, 0.6938362121582031, 0.7152259349822998, 0.7366155982017517, 0.7580053210258484, 0.7793949842453003, 0.800784707069397, 0.8221743702888489, 0.8435640931129456, 0.8649537563323975]}, "train_loss_d1": 11.533059120178223, "train_H_d1": 10.7647066116333, "test_loss_d1": 11.428871154785156, "test_H_d1": 10.685017585754395, "_runtime": 870.6836249828339, "_step": 4, "_wandb": {"runtime": 870}}