{"train_loss": 0.10278148949146271, "train_grad": 0.003281810786575079, "test_loss": 0.10270227491855621, "test_grad": 0.0028917044401168823, "_timestamp": 1717543957.5790105, "_runtime": 6.311365604400635, "_step": 2, "_wandb": {"runtime": 7}}