{"train_loss": 43.148834228515625, "train_grad": 3.5604658126831055, "train_H": 39.52560043334961, "test_loss": 46.833744049072266, "test_grad": 3.768359422683716, "test_H": 43.0338249206543, "_timestamp": 1719430046.1142907, "_runtime": 1344.0154507160187, "_step": 79, "_wandb": {"runtime": 1343}}