{"train_loss": 11.947699546813965, "test_loss": 11.821645736694336, "_timestamp": 1717444127.168003, "_runtime": 19.62394118309021, "_step": 99, "gradients/net.4.bias": {"_type": "histogram", "values": [1.0, 0.0, 0.0, 0.0, 0.0, 0.0, 0.0, 0.0, 0.0, 0.0, 0.0, 0.0, 0.0, 0.0, 0.0, 0.0, 0.0, 0.0, 0.0, 0.0, 0.0, 0.0, 0.0, 0.0, 1.0, 0.0, 0.0, 0.0, 1.0, 1.0, 0.0, 1.0, 0.0, 0.0, 0.0, 0.0, 0.0, 0.0, 0.0, 1.0, 0.0, 1.0, 0.0, 1.0, 1.0, 0.0, 0.0, 0.0, 0.0, 0.0, 0.0, 1.0, 0.0, 0.0, 0.0, 1.0, 0.0, 0.0, 0.0, 0.0, 0.0, 0.0, 0.0, 1.0], "bins": [-0.04932686313986778, -0.048075657337903976, -0.04682444781064987, -0.045573242008686066, -0.04432203248143196, -0.043070826679468155, -0.04181961715221405, -0.040568411350250244, -0.03931720182299614, -0.03806599602103233, -0.03681478649377823, -0.03556358069181442, -0.03431237116456032, -0.03306116536259651, -0.03180995583534241, -0.0305587500333786, -0.029307542368769646, -0.02805633470416069, -0.026805127039551735, -0.02555391937494278, -0.024302711710333824, -0.02305150404572487, -0.021800298243761063, -0.020549088716506958, -0.019297882914543152, -0.018046675249934196, -0.01679546758532524, -0.015544259920716286, -0.01429305225610733, -0.013041844591498375, -0.011790637858211994, -0.010539430193603039, -0.009288223460316658, -0.008037015795707703, -0.006785808131098747, -0.005534600932151079, -0.004283393267542124, -0.0030321856029331684, -0.0017809784039855003, -0.000529770739376545, 0.0007214369252324104, 0.001972644589841366, 0.0032238520216196775, 0.004475059453397989, 0.005726267118006945, 0.0069774747826159, 0.008228681981563568, 0.009479889646172523, 0.010731097310781479, 0.011982304975390434, 0.01323351263999939, 0.014484720304608345, 0.0157359279692173, 0.016987135633826256, 0.01823834329843521, 0.019489549100399017, 0.020740758627653122, 0.021991966292262077, 0.023243173956871033, 0.024494381621479988, 0.025745589286088943, 0.0269967969506979, 0.028248004615306854, 0.02949921041727066, 0.030750418081879616]}, "gradients/net.4.weight": {"_type": "histogram", "values": [130.0, 11.0, 0.0, 0.0, 0.0, 0.0, 134.0, 0.0, 3.0, 133.0, 0.0, 0.0, 0.0, 0.0, 0.0, 0.0, 14.0, 101.0, 96.0, 7.0, 0.0, 154.0, 45.0, 172.0, 0.0, 92.0, 156.0, 0.0, 49.0, 201.0, 0.0, 111.0, 115.0, 2.0, 0.0, 153.0, 0.0, 0.0, 102.0, 0.0, 161.0, 0.0, 128.0, 0.0, 0.0, 262.0, 127.0, 29.0, 132.0, 152.0, 0.0, 0.0, 0.0, 0.0, 0.0, 0.0, 0.0, 0.0, 0.0, 0.0, 0.0, 0.0, 9.0, 91.0], "bins": [-0.03808809816837311, -0.0368834063410759, -0.035678714513778687, -0.034474022686481476, -0.033269330859184265, -0.03206464275717735, -0.030859950929880142, -0.02965525910258293, -0.02845056727528572, -0.02724587544798851, -0.0260411836206913, -0.024836493656039238, -0.023631801828742027, -0.022427110001444817, -0.021222420036792755, -0.020017728209495544, -0.018813036382198334, -0.017608344554901123, -0.016403652727603912, -0.015198962762951851, -0.01399427093565464, -0.01278957910835743, -0.011584888212382793, -0.010380197316408157, -0.009175505489110947, -0.007970813661813736, -0.0067661227658391, -0.0055614314042031765, -0.004356740042567253, -0.0031520486809313297, -0.0019473573192954063, -0.0007426664233207703, 0.0004620291292667389, 0.0016667204909026623, 0.0028714118525385857, 0.004076103214174509, 0.0052807945758104324, 0.006485485937446356, 0.007690177299082279, 0.008894868195056915, 0.010099560022354126, 0.011304251849651337, 0.012508942745625973, 0.013713633641600609, 0.01491832546889782, 0.01612301729619503, 0.01732770726084709, 0.018532399088144302, 0.019737090915441513, 0.020941782742738724, 0.022146474570035934, 0.023351164534687996, 0.024555856361985207, 0.025760548189282417, 0.02696523815393448, 0.02816992998123169, 0.0293746218085289, 0.03057931363582611, 0.03178400546312332, 0.03298869729042053, 0.03419338911771774, 0.035398077219724655, 0.036602769047021866, 0.03780746087431908, 0.03901215270161629]}, "gradients/net.2.bias": {"_type": "histogram", "values": [3.0, 1.0, 1.0, 1.0, 4.0, 6.0, 3.0, 3.0, 6.0, 6.0, 11.0, 11.0, 8.0, 14.0, 11.0, 8.0, 11.0, 8.0, 1.0, 7.0, 3.0, 3.0, 0.0, 6.0, 1.0, 0.0, 0.0, 0.0, 0.0, 0.0, 0.0, 0.0, 0.0, 0.0, 0.0, 0.0, 0.0, 0.0, 0.0, 1.0, 3.0, 1.0, 2.0, 3.0, 10.0, 1.0, 6.0, 11.0, 6.0, 7.0, 8.0, 8.0, 11.0, 8.0, 8.0, 7.0, 6.0, 2.0, 1.0, 2.0, 3.0, 1.0, 2.0, 1.0], "bins": [-0.018261132761836052, -0.0176888145506382, -0.017116494476795197, -0.016544176265597343, -0.01597185805439949, -0.015399537980556488, -0.014827219769358635, -0.014254900626838207, -0.01368258148431778, -0.013110262341797352, -0.012537943199276924, -0.011965624988079071, -0.011393305845558643, -0.010820986703038216, -0.010248668491840363, -0.009676349349319935, -0.009104030206799507, -0.00853171106427908, -0.007959391921758652, -0.007387073710560799, -0.006814754568040371, -0.006242435425519943, -0.005670116748660803, -0.0050977980718016624, -0.004525478929281235, -0.003953159786760807, -0.0033808411099016666, -0.0028085222002118826, -0.0022362032905220985, -0.0016638843808323145, -0.0010915654711425304, -0.00051924679428339, 5.307421088218689e-05, 0.0006253931205719709, 0.001197712030261755, 0.001770030939951539, 0.002342349849641323, 0.002914668759331107, 0.003486987669020891, 0.004059306345880032, 0.004631625488400459, 0.005203944630920887, 0.005776263307780027, 0.006348581984639168, 0.0069209011271595955, 0.007493220269680023, 0.008065538480877876, 0.008637857623398304, 0.009210176765918732, 0.00978249590843916, 0.010354815050959587, 0.01092713326215744, 0.011499452404677868, 0.012071771547198296, 0.012644089758396149, 0.013216408900916576, 0.013788728043437004, 0.014361047185957432, 0.01493336632847786, 0.015505684539675713, 0.016078002750873566, 0.016650322824716568, 0.01722264103591442, 0.017794959247112274, 0.018367279320955276]}, "gradients/net.2.weight": {"_type": "histogram", "values": [29.0, 2930.0, 29581.0, 215.0, 3.0, 0.0, 0.0, 0.0, 0.0, 0.0, 0.0, 0.0, 0.0, 0.0, 0.0, 0.0, 0.0, 0.0, 0.0, 0.0, 0.0, 0.0, 0.0, 0.0, 0.0, 0.0, 0.0, 0.0, 0.0, 0.0, 0.0, 0.0, 0.0, 0.0, 0.0, 0.0, 0.0, 0.0, 0.0, 0.0, 0.0, 0.0, 0.0, 0.0, 0.0, 0.0, 0.0, 0.0, 0.0, 0.0, 0.0, 0.0, 0.0, 0.0, 0.0, 0.0, 0.0, 0.0, 0.0, 4.0, 323.0, 30443.0, 1993.0, 15.0], "bins": [-0.01075679250061512, -0.010420287027955055, -0.010083780623972416, -0.009747275151312351, -0.009410769678652287, -0.009074264205992222, -0.008737757802009583, -0.008401252329349518, -0.008064746856689453, -0.007728240918368101, -0.007391735445708036, -0.007055229507386684, -0.00671872403472662, -0.006382218096405268, -0.006045712158083916, -0.005709206685423851, -0.005372700747102499, -0.005036194808781147, -0.004699689336121082, -0.00436318339779973, -0.004026677925139666, -0.0036901719868183136, -0.0033536662813276052, -0.003017160575836897, -0.0026806548703461885, -0.00234414916485548, -0.002007643459364772, -0.0016711376374587417, -0.0013346319319680333, -0.000998126226477325, -0.0006616204045712948, -0.00032511469908058643, 1.1391006410121918e-05, 0.0003478967410046607, 0.0006844024755991995, 0.0010209082392975688, 0.0013574139447882771, 0.0016939196502789855, 0.0020304254721850157, 0.002366931177675724, 0.0027034368831664324, 0.0030399425886571407, 0.003376448294147849, 0.0037129539996385574, 0.0040494599379599094, 0.004385965410619974, 0.004722471348941326, 0.005058976821601391, 0.005395482759922743, 0.005731988698244095, 0.0060684941709041595, 0.0064050001092255116, 0.006741505581885576, 0.007078011520206928, 0.007414516992866993, 0.007751022931188345, 0.008087528869509697, 0.008424034342169762, 0.008760540746152401, 0.009097046218812466, 0.00943355169147253, 0.009770057164132595, 0.010106563568115234, 0.010443069040775299, 0.010779574513435364]}, "gradients/net.0.bias": {"_type": "histogram",