{"parameters/net.0.fc.weight": {"_type": "histogram", "values": [1.0, 0.0, 0.0, 0.0, 0.0, 0.0, 2.0, 0.0, 0.0, 1.0, 0.0, 5.0, 0.0, 2.0, 0.0, 4.0, 7.0, 1.0, 1.0, 3.0, 1.0, 3.0, 1.0, 8.0, 7.0, 3.0, 3.0, 10.0, 3.0, 5.0, 12.0, 7.0, 3.0, 12.0, 4.0, 4.0, 10.0, 9.0, 6.0, 9.0, 16.0, 8.0, 6.0, 14.0, 10.0, 5.0, 4.0, 6.0, 8.0, 5.0, 1.0, 2.0, 1.0, 4.0, 1.0, 5.0, 2.0, 1.0, 1.0, 3.0, 2.0, 1.0, 1.0, 2.0], "bins": [-0.5470899343490601, -0.5320926904678345, -0.5170954465866089, -0.5020982027053833, -0.4871009588241577, -0.47210371494293213, -0.45710647106170654, -0.44210922718048096, -0.42711198329925537, -0.4121147096157074, -0.3971174657344818, -0.3821202218532562, -0.36712297797203064, -0.35212573409080505, -0.33712849020957947, -0.3221312463283539, -0.3071340024471283, -0.2921367585659027, -0.2771395146846771, -0.26214227080345154, -0.24714502692222595, -0.23214776813983917, -0.2171505242586136, -0.202153280377388, -0.18715603649616241, -0.17215879261493683, -0.15716154873371124, -0.14216430485248566, -0.12716704607009888, -0.11216980963945389, -0.0971725583076477, -0.08217531442642212, -0.06717810034751892, -0.052180856466293335, -0.03718360885977745, -0.022186363115906715, -0.00718911737203598, 0.007808128371834755, 0.02280537411570549, 0.037802621722221375, 0.05279986560344696, 0.06779710948467255, 0.08279435336589813, 0.09779160469770432, 0.1127888485789299, 0.12778609991073608, 0.14278334379196167, 0.15778058767318726, 0.17277783155441284, 0.18777507543563843, 0.202772319316864, 0.2177695631980896, 0.23276680707931519, 0.24776406586170197, 0.26276129484176636, 0.27775853872299194, 0.29275578260421753, 0.3077530562877655, 0.3227503001689911, 0.3377475440502167, 0.35274478793144226, 0.36774203181266785, 0.38273927569389343, 0.397736519575119, 0.4127337634563446]}, "_timestamp": 1722950161.3308122, "parameters/net.0.attn_fc.weight": {"_type": "histogram", "values": [2.0, 1.0, 0.0, 2.0, 0.0, 0.0, 0.0, 0.0, 1.0, 2.0, 2.0, 1.0, 2.0, 1.0, 3.0, 5.0, 4.0, 2.0, 2.0, 11.0, 5.0, 6.0, 5.0, 3.0, 4.0, 7.0, 6.0, 8.0, 7.0, 5.0, 2.0, 14.0, 7.0, 10.0, 4.0, 7.0, 10.0, 5.0, 12.0, 7.0, 4.0, 5.0, 6.0, 10.0, 10.0, 6.0, 6.0, 2.0, 7.0, 2.0, 3.0, 4.0, 3.0, 2.0, 1.0, 0.0, 0.0, 2.0, 3.0, 2.0, 1.0, 0.0, 1.0, 1.0], "bins": [-0.37781384587287903, -0.36617177724838257, -0.3545297086238861, -0.34288763999938965, -0.3312455713748932, -0.31960350275039673, -0.3079614043235779, -0.2963193356990814, -0.28467726707458496, -0.2730351984500885, -0.26139312982559204, -0.24975106120109558, -0.23810899257659912, -0.22646692395210266, -0.214824840426445, -0.20318277180194855, -0.1915407031774521, -0.17989863455295563, -0.16825656592845917, -0.1566144824028015, -0.14497241377830505, -0.1333303451538086, -0.12168827652931213, -0.11004620045423508, -0.09840413182973862, -0.08676206320524216, -0.0751199871301651, -0.06347791850566864, -0.05183584615588188, -0.04019377380609512, -0.028551703318953514, -0.016909632831811905, -0.0052675604820251465, 0.006374510936439037, 0.01801658235490322, 0.02965865284204483, 0.04130072519183159, 0.05294279754161835, 0.06458486616611481, 0.07622694224119186, 0.08786901086568832, 0.09951107949018478, 0.11115315556526184, 0.1227952241897583, 0.13443729281425476, 0.14607936143875122, 0.15772144496440887, 0.16936351358890533, 0.1810055822134018, 0.19264765083789825, 0.20428971946239471, 0.21593180298805237, 0.22757387161254883, 0.2392159402370453, 0.25085800886154175, 0.2625000774860382, 0.27414214611053467, 0.28578421473503113, 0.2974262833595276, 0.30906838178634644, 0.3207104504108429, 0.33235251903533936, 0.3439945876598358, 0.3556366562843323, 0.36727872490882874]}, "parameters/net.2.fc.weight": {"_type": "histogram", "values": [2.0, 0.0, 0.0, 2.0, 0.0, 0.0, 2.0, 1.0, 2.0, 3.0, 3.0, 1.0, 3.0, 4.0, 4.0, 9.0, 5.0, 13.0, 9.0, 9.0, 16.0, 20.0, 12.0, 27.0, 15.0, 25.0, 15.0, 23.0, 27.0, 29.0, 31.0, 28.0, 33.0, 28.0, 38.0, 16.0, 24.0, 23.0, 36.0, 21.0, 16.0, 23.0, 25.0, 24.0, 21.0, 11.0, 15.0, 16.0, 9.0, 10.0, 5.0, 6.0, 6.0, 4.0, 1.0, 7.0, 3.0, 3.0, 0.0, 0.0, 1.0, 2.0, 0.0, 1.0], "bins": [-0.5777585506439209, -0.5605815649032593, -0.5434045791625977, -0.5262276530265808, -0.5090506672859192, -0.49187368154525757, -0.47469672560691833, -0.4575197696685791, -0.4403427839279175, -0.42316579818725586, -0.4059888422489166, -0.3888118863105774, -0.37163490056991577, -0.35445791482925415, -0.3372809588909149, -0.3201040029525757, -0.30292701721191406, -0.28575003147125244, -0.2685730755329132, -0.251396119594574, -0.23421913385391235, -0.21704216301441193, -0.1998651921749115, -0.18268822133541107, -0.16551125049591064, -0.14833427965641022, -0.1311573088169098, -0.11398033797740936, -0.09680336713790894, -0.07962639629840851, -0.06244942545890808, -0.045272454619407654, -0.02809542417526245, -0.010918453335762024, 0.006258517503738403, 0.02343548834323883, 0.04061245918273926, 0.057789430022239685, 0.07496640086174011, 0.09214337170124054, 0.10932034254074097, 0.1264973133802414, 0.14367428421974182, 0.16085125505924225, 0.17802822589874268, 0.1952051967382431, 0.21238216757774353, 0.22955913841724396, 0.24673610925674438, 0.263913094997406, 0.28109005093574524, 0.2982670068740845, 0.3154439926147461, 0.3326209783554077, 0.34979793429374695, 0.3669748902320862, 0.3841518759727478, 0.4013288617134094, 0.41850581765174866, 0.4356827735900879, 0.4528597593307495, 0.47003674507141113, 0.48721370100975037, 0.5043906569480896, 0.5215676426887512]}, "parameters/net.2.attn_fc.weight": {"_type": "histogram", "values": [1.0, 0.0, 0.0, 0.0, 0.0, 0.0, 0.0, 0.0, 0.0, 0.0, 0.0, 0.0, 0.0, 0.0, 0.0, 0.0, 0.0, 0.0, 1.0, 0.0, 0.0, 0.0, 0.0, 0.0, 2.0, 0.0, 0.0, 2.0, 0.0, 1.0, 0.0, 0.0, 0.0, 0.0, 0.0, 0.0, 0.0, 0.0, 0.0, 0.0, 0.0, 0.0, 1.0, 0.0, 2.0, 0.0, 1.0, 0.0, 0.0, 0.0, 0.0, 0.0, 0.0, 0.0, 0.0, 0.0, 0.0, 0.0, 0.0, 0.0, 0.0, 0.0, 0.0, 1.0], "bins": [-1.3564856052398682, -1.3154971599578857, -1.2745087146759033, -1.2335203886032104, -1.192531943321228, -1.1515434980392456, -1.1105550527572632, -1.0695667266845703, -1.028578281402588, -0.9875898361206055, -0.946601390838623, -0.9056130051612854, -0.864624559879303, -0.8236361742019653, -0.7826477289199829, -0.7416593432426453, -0.7006708979606628, -0.6596824526786804, -0.6186940670013428, -0.5777056217193604, -0.5367172360420227, -0.4957287907600403, -0.45474037528038025, -0.4137519598007202, -0.3727635443210602, -0.33177512884140015, -0.2907867133617401, -0.24979828298091888, -0.20880986750125885, -0.16782145202159882, -0.1268330216407776, -0.08584460616111755, -0.04485619068145752, -0.003867771476507187, 0.037120647728443146, 0.07810907065868378, 0.11909748613834381, 0.16008590161800385, 0.20107433199882507, 0.2420627474784851, 0.28305116295814514, 0.3240395784378052, 0.3650279939174652, 0.40601640939712524, 0.44700485467910767, 0.4879932701587677, 0.5289816856384277, 0.5699700713157654, 0.6109585165977478, 0.6519469618797302, 0.6929353475570679, 0.7339237928390503, 0.7749121785163879, 0.8159006237983704, 0.856889009475708, 0.8978774547576904, 0.9388659000396729, 0.9798542857170105, 1.0208426713943481, 1.0618311166763306, 1.102819561958313, 1.1438080072402954, 1.1847963333129883, 1.2257847785949707, 1.2667732238769531]}, "train_loss_d3": 47.695411682128906, "train_H_d3": 45.52349090576172, "test_loss_d3": 54.29169845581055, "test_H_d3": 52.12498092651367, "_runtime": 936.2094480991364, "_step": 4, "_wandb": {"runtime": 936}}