{"train_loss": 11.837224960327148, "test_loss": 11.702779769897461, "_timestamp": 1717445015.3593454, "_runtime": 23.40595054626465, "_step": 99, "gradients/net.4.bias": {"_type": "histogram", "values": [1.0, 0.0, 0.0, 0.0, 0.0, 0.0, 0.0, 0.0, 0.0, 0.0, 1.0, 0.0, 0.0, 0.0, 0.0, 0.0, 0.0, 0.0, 0.0, 0.0, 0.0, 0.0, 0.0, 0.0, 0.0, 1.0, 0.0, 0.0, 0.0, 0.0, 1.0, 0.0, 0.0, 0.0, 0.0, 0.0, 0.0, 0.0, 0.0, 0.0, 0.0, 1.0, 0.0, 0.0, 0.0, 1.0, 2.0, 0.0, 0.0, 0.0, 1.0, 0.0, 0.0, 0.0, 1.0, 0.0, 0.0, 0.0, 0.0, 1.0, 0.0, 0.0, 0.0, 1.0], "bins": [-0.055120062083005905, -0.05363745987415314, -0.05215485766530037, -0.0506722554564476, -0.04918965324759483, -0.047707051038742065, -0.046224452555179596, -0.04474184662103653, -0.04325924813747406, -0.04177664592862129, -0.040294043719768524, -0.038811441510915756, -0.03732883930206299, -0.03584623709321022, -0.03436363488435745, -0.03288103640079498, -0.031398430466651917, -0.02991582825779915, -0.02843322604894638, -0.026950623840093613, -0.025468021631240845, -0.023985419422388077, -0.022502819076180458, -0.02102021686732769, -0.019537614658474922, -0.018055012449622154, -0.016572410240769386, -0.015089808963239193, -0.013607206754386425, -0.012124604545533657, -0.010642003268003464, -0.009159401059150696, -0.007676795125007629, -0.0061941929161548615, -0.004711591172963381, -0.0032289894297719, -0.0017463872209191322, -0.0002637850120663643, 0.001218816265463829, 0.002701418474316597, 0.004184020683169365, 0.005666622892022133, 0.0071492246352136135, 0.008631826378405094, 0.010114428587257862, 0.01159703079611063, 0.013079632073640823, 0.014562234282493591, 0.01604483649134636, 0.017527438700199127, 0.019010040909051895, 0.020492643117904663, 0.02197524532675743, 0.0234578475356102, 0.024940447881817818, 0.026423050090670586, 0.027905652299523354, 0.02938825450837612, 0.03087085671722889, 0.03235345706343651, 0.033836059272289276, 0.035318661481142044, 0.03680126368999481, 0.03828386589884758, 0.03976646810770035]}, "gradients/net.4.weight": {"_type": "histogram", "values": [71.0, 44.0, 0.0, 0.0, 0.0, 0.0, 0.0, 0.0, 0.0, 50.0, 102.0, 110.0, 3.0, 0.0, 0.0, 0.0, 0.0, 36.0, 105.0, 0.0, 0.0, 0.0, 0.0, 0.0, 0.0, 0.0, 94.0, 110.0, 212.0, 223.0, 263.0, 5.0, 0.0, 0.0, 0.0, 0.0, 0.0, 132.0, 0.0, 0.0, 0.0, 25.0, 61.0, 164.0, 0.0, 304.0, 135.0, 129.0, 200.0, 0.0, 0.0, 0.0, 0.0, 0.0, 103.0, 21.0, 0.0, 0.0, 2.0, 163.0, 5.0, 0.0, 16.0, 184.0], "bins": [-0.042249683290719986, -0.04110095649957657, -0.03995223343372345, -0.03880350664258003, -0.037654779851436615, -0.036506056785583496, -0.03535732999444008, -0.03420860320329666, -0.03305988013744354, -0.031911153346300125, -0.030762428417801857, -0.02961370348930359, -0.02846497856080532, -0.027316253632307053, -0.026167526841163635, -0.025018801912665367, -0.02387007512152195, -0.02272135019302368, -0.021572623401880264, -0.020423898473381996, -0.019275173544883728, -0.01812644675374031, -0.016977721825242043, -0.015828996896743774, -0.014680271036922932, -0.013531545177102089, -0.01238282024860382, -0.011234094388782978, -0.010085368528962135, -0.008936643600463867, -0.0077879177406430244, -0.006639192812144756, -0.005490466952323914, -0.004341741558164358, -0.003193015931174159, -0.00204429030418396, -0.0008955649100244045, 0.0002531604841351509, 0.0014018863439559937, 0.0025506112724542618, 0.0036993371322751045, 0.00484806252643466, 0.005996787920594215, 0.007145513780415058, 0.008294239640235901, 0.009442964568734169, 0.010591690428555012, 0.01174041535705328, 0.012889141216874123, 0.014037867076694965, 0.015186592005193233, 0.016335317865014076, 0.017484042793512344, 0.01863276958465576, 0.01978149451315403, 0.020930219441652298, 0.022078946232795715, 0.023227671161293983, 0.0243763979524374, 0.02552512288093567, 0.026673847809433937, 0.027822572737932205, 0.028971299529075623, 0.03012002445757389, 0.03126874938607216]}, "gradients/net.2.bias": {"_type": "histogram", "values": [1.0, 0.0, 0.0, 1.0, 1.0, 3.0, 4.0, 6.0, 7.0, 4.0, 6.0, 11.0, 12.0, 10.0, 10.0, 7.0, 6.0, 11.0, 5.0, 4.0, 7.0, 6.0, 4.0, 2.0, 2.0, 1.0, 0.0, 1.0, 1.0, 0.0, 0.0, 0.0, 0.0, 0.0, 0.0, 0.0, 1.0, 0.0, 0.0, 2.0, 0.0, 1.0, 3.0, 7.0, 2.0, 6.0, 12.0, 5.0, 10.0, 9.0, 10.0, 10.0, 5.0, 9.0, 10.0, 4.0, 2.0, 1.0, 2.0, 5.0, 4.0, 1.0, 0.0, 2.0], "bins": [-0.017827611416578293, -0.017281999811530113, -0.016736386343836784, -0.016190774738788605, -0.015645161271095276, -0.015099548734724522, -0.014553936198353767, -0.014008324593305588, -0.013462711125612259, -0.012917098589241505, -0.01237148605287075, -0.011825873516499996, -0.011280260980129242, -0.010734648443758488, -0.010189035907387733, -0.009643424302339554, -0.0090978117659688, -0.008552199229598045, -0.008006586693227291, -0.007460974156856537, -0.006915361620485783, -0.006369749084115028, -0.0058241370134055614, -0.005278524477034807, -0.004732911940664053, -0.004187299404293299, -0.0036416868679225445, -0.003096074564382434, -0.0025504620280116796, -0.0020048494916409254, -0.0014592371881008148, -0.0009136246517300606, -0.00036801211535930634, 0.000177600362803787, 0.0007232128409668803, 0.0012688252609223127, 0.001814437797293067, 0.0023600503336638212, 0.002905662637203932, 0.003451275173574686, 0.00399688770994544, 0.0045425002463161945, 0.005088112782686949, 0.005633724853396416, 0.00617933738976717, 0.006724949926137924, 0.0072705624625086784, 0.007816174998879433, 0.008361787535250187, 0.008907400071620941, 0.009453012607991695, 0.00999862514436245, 0.010544237680733204, 0.011089850217103958, 0.011635461822152138, 0.012181075289845467, 0.012726686894893646, 0.0132722994312644, 0.013817911967635155, 0.014363524504005909, 0.014909137040376663, 0.015454749576747417, 0.01600036211311817, 0.01654597371816635, 0.01709158718585968]}, "gradients/net.2.weight": {"_type": "histogram", "values": [210.0, 26136.0, 6428.0, 75.0, 0.0, 0.0, 0.0, 0.0, 0.0, 0.0, 0.0, 0.0, 0.0, 0.0, 0.0, 0.0, 0.0, 0.0, 0.0, 0.0, 0.0, 0.0, 0.0, 0.0, 0.0, 0.0, 0.0, 0.0, 0.0, 0.0, 0.0, 0.0, 0.0, 0.0, 0.0, 0.0, 0.0, 0.0, 0.0, 0.0, 0.0, 0.0, 0.0, 0.0, 0.0, 0.0, 0.0, 0.0, 0.0, 0.0, 0.0, 0.0, 0.0, 0.0, 0.0, 0.0, 0.0, 0.0, 0.0, 0.0, 60.0, 3832.0, 28480.0, 315.0], "bins": [-0.010620242916047573, -0.010288816876709461, -0.009957389906048775, -0.009625963866710663, -0.009294537827372551, -0.008963110856711864, -0.008631684817373753, -0.008300257846713066, -0.007968831807374954, -0.007637405302375555, -0.007305978797376156, -0.006974552758038044, -0.006643126253038645, -0.006311699748039246, -0.005980273708701134, -0.0056488472037017345, -0.005317420698702335, -0.004985994193702936, -0.004654567688703537, -0.004323141649365425, -0.003991715144366026, -0.0036602886393666267, -0.003328862367197871, -0.0029974360950291157, -0.0026660095900297165, -0.0023345830850303173, -0.0020031568128615618, -0.0016717304242774844, -0.001340304035693407, -0.0010088776471093297, -0.0006774512585252523, -0.0003460249863564968, -1.4598481357097626e-05, 0.00031682790722697973, 0.0006482542958110571, 0.0009796806843951344, 0.0013111070729792118, 0.0016425334615632892, 0.0019739598501473665, 0.002305386122316122, 0.0026368126273155212, 0.0029682391323149204, 0.003299665404483676, 0.0036310916766524315, 0.003962518181651831, 0.00429394468665123, 0.004625370725989342, 0.004956797230988741, 0.00528822373598814, 0.005619650240987539, 0.0059510767459869385, 0.00628250278532505, 0.0066139292903244495, 0.006945355795323849, 0.007276781834661961, 0.00760820833966136, 0.007939634844660759, 0.00827106088399887, 0.008602487854659557, 0.00893391389399767, 0.009265340864658356, 0.009596766903996468, 0.00992819294333458, 0.010259618982672691, 0.010591045953333378]}, "gradients/net.0.bias": {"_type": "histogram",