{"_wandb": {"runtime": 161}, "parameters/net.0.fc.weight": {"_type": "histogram", "values": [2.0, 2.0, 1.0, 0.0, 2.0, 3.0, 3.0, 4.0, 3.0, 1.0, 5.0, 2.0, 5.0, 7.0, 5.0, 7.0, 4.0, 5.0, 5.0, 5.0, 6.0, 6.0, 7.0, 10.0, 6.0, 6.0, 6.0, 5.0, 8.0, 4.0, 12.0, 6.0, 4.0, 9.0, 8.0, 7.0, 4.0, 8.0, 10.0, 7.0, 2.0, 3.0, 3.0, 4.0, 2.0, 4.0, 5.0, 1.0, 2.0, 2.0, 7.0, 2.0, 4.0, 0.0, 0.0, 2.0, 0.0, 2.0, 0.0, 0.0, 0.0, 0.0, 0.0, 1.0], "bins": [-0.40365925431251526, -0.3897554278373718, -0.3758516013622284, -0.36194777488708496, -0.34804394841194153, -0.3341401219367981, -0.32023632526397705, -0.3063324987888336, -0.2924286723136902, -0.27852484583854675, -0.2646210193634033, -0.2507171928882599, -0.23681336641311646, -0.22290953993797302, -0.20900572836399078, -0.19510190188884735, -0.18119807541370392, -0.16729424893856049, -0.15339042246341705, -0.13948661088943481, -0.12558278441429138, -0.11167895793914795, -0.09777513146400452, -0.08387131243944168, -0.06996748596429825, -0.056063663214445114, -0.04215984046459198, -0.028256013989448547, -0.014352191239595413, -0.00044836755841970444, 0.013455456122756004, 0.027359280735254288, 0.04126310348510742, 0.055166926234960556, 0.06907074898481369, 0.08297457545995712, 0.09687839448451996, 0.11078222095966339, 0.12468604743480682, 0.13858987390995026, 0.1524936854839325, 0.16639751195907593, 0.18030133843421936, 0.1942051649093628, 0.20810899138450623, 0.22201281785964966, 0.2359166294336319, 0.24982045590877533, 0.26372426748275757, 0.277628093957901, 0.29153192043304443, 0.30543574690818787, 0.3193395733833313, 0.33324339985847473, 0.34714722633361816, 0.3610510528087616, 0.37495487928390503, 0.38885870575904846, 0.4027625322341919, 0.41666632890701294, 0.43057015538215637, 0.4444739818572998, 0.45837780833244324, 0.47228163480758667, 0.4861854612827301]}, "_timestamp": 1722942511.7206593, "parameters/net.0.attn_fc.weight": {"_type": "histogram", "values": [1.0, 0.0, 0.0, 0.0, 1.0, 0.0, 3.0, 0.0, 3.0, 0.0, 1.0, 1.0, 2.0, 1.0, 4.0, 3.0, 6.0, 6.0, 3.0, 7.0, 11.0, 8.0, 12.0, 11.0, 10.0, 16.0, 12.0, 13.0, 12.0, 5.0, 11.0, 11.0, 3.0, 11.0, 11.0, 15.0, 6.0, 5.0, 4.0, 1.0, 5.0, 2.0, 1.0, 2.0, 4.0, 2.0, 3.0, 3.0, 1.0, 0.0, 1.0, 0.0, 0.0, 0.0, 1.0, 0.0, 0.0, 0.0, 0.0, 0.0, 0.0, 0.0, 0.0, 1.0], "bins": [-0.39125892519950867, -0.3777170479297638, -0.3641751706600189, -0.35063326358795166, -0.3370913863182068, -0.3235495090484619, -0.31000763177871704, -0.29646575450897217, -0.2829238772392273, -0.26938197016716003, -0.25584009289741516, -0.2422982156276703, -0.22875633835792542, -0.21521444618701935, -0.20167256891727448, -0.1881306767463684, -0.17458879947662354, -0.16104692220687866, -0.1475050300359726, -0.13396315276622772, -0.12042126804590225, -0.10687938332557678, -0.09333750605583191, -0.07979562133550644, -0.06625373661518097, -0.0527118518948555, -0.03916997089982033, -0.025628088042140007, -0.012086205184459686, 0.0014556776732206345, 0.014997560530900955, 0.028539443388581276, 0.0420813262462616, 0.05562321096658707, 0.06916509568691254, 0.08270697295665741, 0.09624885767698288, 0.10979074239730835, 0.12333261966705322, 0.1368745118379593, 0.15041638910770416, 0.16395826637744904, 0.1775001585483551, 0.19104203581809998, 0.20458391308784485, 0.21812580525875092, 0.2316676825284958, 0.24520957469940186, 0.25875145196914673, 0.2722933292388916, 0.2858352065086365, 0.29937711358070374, 0.3129189908504486, 0.3264608681201935, 0.34000274538993835, 0.3535446226596832, 0.3670865297317505, 0.38062840700149536, 0.39417028427124023, 0.4077121615409851, 0.42125403881073, 0.43479591608047485, 0.4483378231525421, 0.461879700422287, 0.47542157769203186]}, "parameters/net.2.fc.weight": {"_type": "histogram", "values": [2.0, 1.0, 0.0, 1.0, 0.0, 0.0, 1.0, 2.0, 3.0, 3.0, 6.0, 4.0, 1.0, 5.0, 5.0, 8.0, 10.0, 7.0, 4.0, 15.0, 15.0, 14.0, 17.0, 20.0, 20.0, 18.0, 27.0, 26.0, 22.0, 19.0, 23.0, 19.0, 29.0, 25.0, 25.0, 26.0, 29.0, 32.0, 28.0, 26.0, 22.0, 30.0, 21.0, 15.0, 16.0, 13.0, 15.0, 12.0, 9.0, 16.0, 10.0, 10.0, 10.0, 7.0, 3.0, 6.0, 6.0, 3.0, 1.0, 0.0, 1.0, 2.0, 1.0, 1.0], "bins": [-0.5249125957489014, -0.5095711946487427, -0.494229793548584, -0.4788883924484253, -0.4635469913482666, -0.4482055902481079, -0.4328641891479492, -0.4175227880477905, -0.40218138694763184, -0.38683998584747314, -0.37149858474731445, -0.35615718364715576, -0.34081578254699707, -0.3254743814468384, -0.3101329803466797, -0.294791579246521, -0.2794501781463623, -0.264108806848526, -0.24876739084720612, -0.23342598974704742, -0.21808458864688873, -0.20274318754673004, -0.18740178644657135, -0.17206038534641266, -0.15671899914741516, -0.14137759804725647, -0.12603619694709778, -0.11069478839635849, -0.0953533947467804, -0.0800119936466217, -0.06467059254646301, -0.04932919144630432, -0.03398779034614563, -0.01864638924598694, -0.0033049900084733963, 0.01203641016036272, 0.027377810329198837, 0.04271921142935753, 0.05806060880422592, 0.07340200990438461, 0.0887434110045433, 0.104084812104702, 0.11942621320486069, 0.13476760685443878, 0.15010900795459747, 0.16545040905475616, 0.18079181015491486, 0.19613321125507355, 0.21147461235523224, 0.22681601345539093, 0.24215741455554962, 0.2574988007545471, 0.2728402018547058, 0.2881816029548645, 0.3035230040550232, 0.3188644051551819, 0.3342058062553406, 0.34954720735549927, 0.36488860845565796, 0.38023000955581665, 0.39557141065597534, 0.41091281175613403, 0.4262542128562927, 0.4415956139564514, 0.4569370150566101]}, "parameters/net.2.attn_fc.weight": {"_type": "histogram", "values": [1.0, 0.0, 0.0, 0.0, 0.0, 0.0, 0.0, 0.0, 0.0, 0.0, 1.0, 1.0, 0.0, 0.0, 0.0, 0.0, 0.0, 0.0, 0.0, 0.0, 0.0, 0.0, 0.0, 0.0, 1.0, 0.0, 0.0, 0.0, 0.0, 0.0, 1.0, 0.0, 0.0, 0.0, 0.0, 0.0, 0.0, 0.0, 0.0, 0.0, 0.0, 1.0, 0.0, 1.0, 0.0, 0.0, 0.0, 0.0, 1.0, 0.0, 0.0, 0.0, 0.0, 2.0, 0.0, 0.0, 0.0, 0.0, 0.0, 0.0, 0.0, 1.0, 0.0, 1.0], "bins": [-1.0926296710968018, -1.065053939819336, -1.0374782085418701, -1.0099025964736938, -0.982326865196228, -0.9547511339187622, -0.9271754622459412, -0.8995997309684753, -0.8720240592956543, -0.8444483280181885, -0.8168725967407227, -0.7892969250679016, -0.7617211937904358, -0.7341455221176147, -0.7065697908401489, -0.6789941191673279, -0.6514183878898621, -0.6238426566123962, -0.5962669849395752, -0.5686912536621094, -0.5411155819892883, -0.5135398507118225, -0.4859641492366791, -0.45838844776153564, -0.4308127462863922, -0.4032370448112488, -0.37566134333610535, -0.3480856418609619, -0.3205099105834961, -0.29293420910835266, -0.26535850763320923, -0.2377828061580658, -0.21020710468292236, -0.18263140320777893, -0.1550557017326355, -0.12747998535633087, -0.09990428388118744, -0.072328582406044, -0.04475287348031998, -0.017177168279886246, 0.010398536920547485, 0.037974242120981216, 0.06554994732141495, 0.09312565624713898, 0.12070135772228241, 0.14827705919742584, 0.17585277557373047, 0.2034284770488739, 0.23100417852401733, 0.25857987999916077, 0.2861555814743042, 0.31373128294944763, 0.34130698442459106, 0.3688827157020569, 0.3964584171772003, 0.42403411865234375, 0.4516098201274872, 0.4791855216026306, 0.5067612528800964, 0.5343369245529175, 0.5619126558303833, 0.5894883275032043, 0.6170640587806702, 0.6446397304534912, 0.672215461730957]}, "_runtime": 157.48447823524475, "_step": 0}