{"train_loss": 0.07852967083454132, "test_loss": 0.09198947250843048, "_timestamp": 1717436596.5679533, "_runtime": 11.435883283615112, "_step": 99, "gradients/net.4.bias": {"_type": "histogram", "values": [1.0, 0.0, 0.0, 1.0, 0.0, 0.0, 0.0, 0.0, 0.0, 0.0, 0.0, 0.0, 0.0, 0.0, 0.0, 0.0, 0.0, 0.0, 0.0, 0.0, 0.0, 0.0, 1.0, 0.0, 1.0, 0.0, 0.0, 1.0, 0.0, 0.0, 0.0, 0.0, 1.0, 1.0, 0.0, 0.0, 1.0, 0.0, 0.0, 0.0, 0.0, 1.0, 0.0, 0.0, 0.0, 0.0, 0.0, 0.0, 0.0, 0.0, 0.0, 0.0, 1.0, 0.0, 0.0, 0.0, 0.0, 1.0, 0.0, 0.0, 0.0, 0.0, 0.0, 1.0], "bins": [-0.4016379415988922, -0.3900037109851837, -0.3783694803714752, -0.3667352795600891, -0.3551010489463806, -0.3434668183326721, -0.3318325877189636, -0.3201983571052551, -0.30856412649154663, -0.29692989587783813, -0.28529566526412964, -0.27366143465042114, -0.26202723383903503, -0.25039300322532654, -0.23875877261161804, -0.22712454199790955, -0.21549034118652344, -0.20385611057281494, -0.19222189486026764, -0.18058766424655914, -0.16895344853401184, -0.15731921792030334, -0.14568498730659485, -0.13405075669288635, -0.12241654098033905, -0.11078231781721115, -0.09914809465408325, -0.08751386404037476, -0.07587964087724686, -0.06424541771411896, -0.05261118710041046, -0.04097696393728256, -0.029342710971832275, -0.017708485946059227, -0.006074260920286179, 0.005559965968132019, 0.017194189131259918, 0.028828412294387817, 0.040462642908096313, 0.05209686607122421, 0.06373108923435211, 0.07536531239748001, 0.08699953556060791, 0.0986337661743164, 0.1102679893374443, 0.1219022125005722, 0.1335364431142807, 0.145170658826828, 0.1568048894405365, 0.168439120054245, 0.1800733357667923, 0.1917075663805008, 0.2033417820930481, 0.2149760127067566, 0.2266102433204651, 0.23824447393417358, 0.2498786896467209, 0.2615129053592682, 0.2731471359729767, 0.2847813665866852, 0.2964155972003937, 0.3080497980117798, 0.3196840286254883, 0.3313182592391968, 0.3429524898529053]}, "gradients/net.4.weight": {"_type": "histogram", "values": [1.0, 0.0, 1.0, 1.0, 0.0, 0.0, 0.0, 0.0, 0.0, 1.0, 0.0, 0.0, 0.0, 0.0, 1.0, 7.0, 16.0, 25.0, 72.0, 90.0, 32.0, 34.0, 84.0, 230.0, 170.0, 166.0, 215.0, 72.0, 63.0, 76.0, 56.0, 43.0, 26.0, 19.0, 17.0, 2.0, 7.0, 2.0, 1.0, 2.0, 0.0, 0.0, 0.0, 0.0, 0.0, 0.0, 0.0, 1.0, 0.0, 0.0, 0.0, 0.0, 1.0, 0.0, 0.0, 0.0, 0.0, 1.0, 0.0, 0.0, 0.0, 0.0, 0.0, 1.0], "bins": [-1.1170673370361328, -1.073036789894104, -1.0290062427520752, -0.9849756956100464, -0.9409451484680176, -0.8969146013259888, -0.8528841137886047, -0.8088535666465759, -0.7648230195045471, -0.7207924723625183, -0.6767619252204895, -0.6327314376831055, -0.5887008905410767, -0.5446703433990479, -0.500639796257019, -0.45660924911499023, -0.4125787019729614, -0.3685481548309326, -0.3245176076889038, -0.2804870903491974, -0.23645654320716858, -0.19242599606513977, -0.14839547872543335, -0.10436493158340454, -0.06033438444137573, -0.01630384474992752, 0.02772669494152069, 0.0717572271823883, 0.11578777432441711, 0.15981832146644592, 0.20384883880615234, 0.24787938594818115, 0.2919100522994995, 0.3359405994415283, 0.37997114658355713, 0.42400166392326355, 0.46803221106529236, 0.5120627880096436, 0.5560932755470276, 0.6001238226890564, 0.6441543698310852, 0.688184916973114, 0.7322154641151428, 0.7762459516525269, 0.8202764987945557, 0.8643070459365845, 0.9083375930786133, 0.9523681402206421, 0.9963986873626709, 1.0404292345046997, 1.0844597816467285, 1.1284903287887573, 1.1725208759307861, 1.216551423072815, 1.2605819702148438, 1.304612398147583, 1.3486430644989014, 1.3926736116409302, 1.436704158782959, 1.4807347059249878, 1.5247652530670166, 1.5687958002090454, 1.6128263473510742, 1.6568567752838135, 1.7008873224258423]}, "gradients/net.2.bias": {"_type": "histogram", "values": [1.0, 0.0, 1.0, 1.0, 1.0, 1.0, 0.0, 0.0, 0.0, 1.0, 2.0, 1.0, 2.0, 2.0, 2.0, 9.0, 2.0, 10.0, 3.0, 1.0, 5.0, 1.0, 2.0, 4.0, 2.0, 0.0, 9.0, 3.0, 3.0, 3.0, 3.0, 6.0, 7.0, 3.0, 1.0, 4.0, 5.0, 3.0, 3.0, 3.0, 3.0, 2.0, 2.0, 0.0, 0.0, 2.0, 0.0, 1.0, 1.0, 1.0, 0.0, 1.0, 0.0, 1.0, 0.0, 0.0, 0.0, 2.0, 0.0, 1.0, 0.0, 0.0, 0.0, 1.0], "bins": [-0.08664235472679138, -0.0832929015159607, -0.07994344830513, -0.07659398764371872, -0.07324453443288803, -0.06989508122205734, -0.06654562056064606, -0.06319616734981537, -0.05984671413898468, -0.05649726092815399, -0.053147803992033005, -0.04979834705591202, -0.04644889384508133, -0.04309944063425064, -0.039749983698129654, -0.03640052676200867, -0.03305107355117798, -0.02970161847770214, -0.026352163404226303, -0.023002708330750465, -0.019653253257274628, -0.01630379818379879, -0.012954343110322952, -0.009604888036847115, -0.006255432963371277, -0.002905977889895439, 0.00044347718358039856, 0.0037929322570562363, 0.007142387330532074, 0.010491842404007912, 0.01384129747748375, 0.017190752550959587, 0.020540207624435425, 0.023889662697911263, 0.0272391177713871, 0.030588572844862938, 0.033938027918338776, 0.037287481129169464, 0.04063693806529045, 0.04398639500141144, 0.047335848212242126, 0.050685301423072815, 0.0540347583591938, 0.05738421529531479, 0.06073366850614548, 0.06408312171697617, 0.06743258237838745, 0.07078203558921814, 0.07413148880004883, 0.07748094201087952, 0.0808303952217102, 0.08417985588312149, 0.08752930909395218, 0.09087876230478287, 0.09422822296619415, 0.09757767617702484, 0.10092712938785553, 0.10427658259868622, 0.1076260358095169, 0.11097549647092819, 0.11432494968175888, 0.11767440289258957, 0.12102386355400085, 0.12437331676483154, 0.12772276997566223]}, "gradients/net.2.weight": {"_type": "histogram", "values": [1.0, 0.0, 0.0, 1.0, 0.0, 0.0, 1.0, 0.0, 1.0, 0.0, 3.0, 4.0, 4.0, 4.0, 8.0, 7.0, 20.0, 22.0, 18.0, 23.0, 51.0, 43.0, 76.0, 83.0, 118.0, 135.0, 189.0, 284.0, 382.0, 510.0, 807.0, 1145.0, 1971.0, 2964.0, 2438.0, 1598.0, 1031.0, 659.0, 458.0, 329.0, 234.0, 163.0, 125.0, 109.0, 94.0, 65.0, 43.0, 32.0, 32.0, 22.0, 16.0, 15.0, 11.0, 10.0, 2.0, 6.0, 5.0, 5.0, 2.0, 2.0, 2.0, 0.0, 0.0, 1.0], "bins": [-0.11147741973400116, -0.10818033665418625, -0.10488324612379074, -0.10158616304397583, -0.09828907996416092, -0.09499199688434601, -0.0916949063539505, -0.08839782327413559, -0.08510074019432068, -0.08180365711450577, -0.07850656658411026, -0.07520948350429535, -0.07191240042448044, -0.06861531734466553, -0.06531822681427002, -0.06202114373445511, -0.0587240569293499, -0.05542697012424469, -0.05212988704442978, -0.04883280023932457, -0.04553571715950966, -0.04223863035440445, -0.03894154727458954, -0.03564446046948433, -0.03234737366437912, -0.02905028872191906, -0.025753203779459, -0.02245611697435379, -0.01915903389453888, -0.01586194708943367, -0.01256486214697361, -0.00926777720451355, -0.005970694124698639, -0.002673608949407935, 0.0006234762258827686, 0.003920561634004116, 0.007217646576464176, 0.010514732450246811, 0.013811817392706871, 0.01710890233516693, 0.02040598727762699, 0.02370307222008705, 0.02700015716254711, 0.03029724210500717, 0.03359432891011238, 0.03689141571521759, 0.0401884987950325, 0.04348558187484741, 0.04678266867995262, 0.05007975548505783, 0.05337683856487274, 0.05667392536997795, 0.05997100844979286, 0.06326809525489807, 0.06656517833471298, 0.0698622614145279, 0.0731593519449234, 0.07645643502473831, 0.07975352555513382, 0.08305060863494873, 0.08634769171476364, 0.08964477479457855, 0.09294186532497406, 0.09623894840478897, 0.09953603148460388]}, "gradients/net.0.bias": {"_type": "histogram", "values": [1.0, 0.0, 0.0, 0.0, 0.0, 1.0, 1.0, 1.0, 0.0, 0.0, 0.0, 1.0, 2.0, 2.0, 2.0, 0.0, 1.0, 1.0, 2.0, 4.0, 3.0, 3.0, 4.0, 3.0, 1.0, 1.0, 4.0, 2.0, 3.0, 2.0, 3.0, 1.0, 3.0, 2.0, 7.0, 4.0, 4.0, 5.0, 2.0, 3.0, 3.0, 2.0, 3.0, 2.0, 2.0, 4.0, 6.0, 3.0, 0.0, 5.0, 1.0, 4.0, 1.0, 0.0, 2.0, 1.0, 1.0, 4.0, 0.0, 3.0, 0.0, 1.0, 0.0, 1.0],