{"train_loss": 51.921016693115234, "train_grad": 3.574815034866333, "train_H": 48.27613830566406, "test_loss": 32.52033233642578, "test_grad": 3.575073719024658, "test_H": 28.9367733001709, "_timestamp": 1719428320.649913, "_runtime": 1381.9459080696106, "_step": 79, "_wandb": {"runtime": 1381}}