{"train_loss": 0.013784714974462986, "test_loss": 0.015029309317469597, "_timestamp": 1717437343.3713675, "_runtime": 17.527411460876465, "_step": 174, "gradients/net.4.bias": {"_type": "histogram", "values": [1.0, 0.0, 0.0, 1.0, 0.0, 0.0, 1.0, 0.0, 0.0, 0.0, 0.0, 0.0, 0.0, 0.0, 0.0, 0.0, 0.0, 0.0, 0.0, 0.0, 0.0, 0.0, 0.0, 0.0, 0.0, 0.0, 0.0, 0.0, 0.0, 1.0, 2.0, 0.0, 0.0, 0.0, 0.0, 0.0, 0.0, 0.0, 0.0, 0.0, 0.0, 0.0, 0.0, 3.0, 1.0, 1.0, 0.0, 0.0, 0.0, 0.0, 0.0, 0.0, 0.0, 0.0, 0.0, 0.0, 0.0, 0.0, 0.0, 0.0, 0.0, 0.0, 0.0, 1.0], "bins": [-0.4197459816932678, -0.40743935108184814, -0.39513275027275085, -0.3828261196613312, -0.3705194890499115, -0.3582128882408142, -0.34590625762939453, -0.33359962701797485, -0.32129302620887756, -0.3089863955974579, -0.2966797947883606, -0.2843731641769409, -0.27206653356552124, -0.25975993275642395, -0.24745330214500427, -0.2351466864347458, -0.2228400558233261, -0.21053344011306763, -0.19822680950164795, -0.18592019379138947, -0.17361357808113098, -0.1613069474697113, -0.14900033175945282, -0.13669371604919434, -0.12438709288835526, -0.11208046972751617, -0.09977385401725769, -0.08746723085641861, -0.07516060769557953, -0.06285399198532104, -0.050547368824481964, -0.03824075311422348, -0.0259341299533844, -0.013627509586513042, -0.0013208892196416855, 0.010985732078552246, 0.02329235151410103, 0.03559897094964981, 0.04790559411048889, 0.060212209820747375, 0.07251883298158646, 0.08482545614242554, 0.09713207185268402, 0.1094386950135231, 0.12174531817436218, 0.13405193388462067, 0.14635854959487915, 0.15866518020629883, 0.1709717959165573, 0.1832784116268158, 0.19558504223823547, 0.20789165794849396, 0.22019827365875244, 0.23250490427017212, 0.2448115199804306, 0.2571181356906891, 0.26942476630210876, 0.28173139691352844, 0.29403799772262573, 0.3063446283340454, 0.3186512589454651, 0.3309578597545624, 0.34326449036598206, 0.35557109117507935, 0.367877721786499]}, "gradients/net.4.weight": {"_type": "histogram", "values": [1.0, 1.0, 2.0, 1.0, 3.0, 2.0, 5.0, 3.0, 4.0, 15.0, 7.0, 21.0, 16.0, 27.0, 32.0, 34.0, 31.0, 43.0, 39.0, 24.0, 31.0, 23.0, 19.0, 8.0, 2.0, 9.0, 8.0, 19.0, 22.0, 25.0, 40.0, 58.0, 88.0, 57.0, 37.0, 35.0, 40.0, 60.0, 109.0, 124.0, 82.0, 73.0, 43.0, 36.0, 18.0, 14.0, 16.0, 7.0, 14.0, 17.0, 18.0, 19.0, 8.0, 13.0, 11.0, 12.0, 3.0, 1.0, 0.0, 2.0, 1.0, 1.0, 0.0, 2.0], "bins": [-0.5226340889930725, -0.5072816014289856, -0.4919291138648987, -0.47657662630081177, -0.46122413873672485, -0.44587165117263794, -0.430519163608551, -0.4151666760444641, -0.3998141884803772, -0.3844617009162903, -0.36910921335220337, -0.35375672578811646, -0.33840423822402954, -0.3230517506599426, -0.3076992630958557, -0.2923467755317688, -0.2769942581653595, -0.2616417706012726, -0.24628928303718567, -0.23093679547309875, -0.21558430790901184, -0.20023182034492493, -0.18487931787967682, -0.1695268303155899, -0.154174342751503, -0.13882185518741608, -0.12346936762332916, -0.10811687260866165, -0.09276438504457474, -0.07741189748048782, -0.06205940246582031, -0.0467069149017334, -0.03135445713996887, -0.01600196771323681, -0.0006494782865047455, 0.014703013002872467, 0.03005550056695938, 0.045407988131046295, 0.060760483145713806, 0.07611297070980072, 0.09146545827388763, 0.10681794583797455, 0.12217043340206146, 0.13752293586730957, 0.15287542343139648, 0.1682279109954834, 0.1835803985595703, 0.19893288612365723, 0.21428537368774414, 0.22963786125183105, 0.24499034881591797, 0.2603428363800049, 0.2756953239440918, 0.2910478115081787, 0.3064002990722656, 0.32175278663635254, 0.33710527420043945, 0.35245776176452637, 0.3678102493286133, 0.3831627368927002, 0.3985152244567871, 0.413867712020874, 0.42922019958496094, 0.44457268714904785, 0.45992520451545715]}, "gradients/net.2.bias": {"_type": "histogram", "values": [1.0, 0.0, 0.0, 1.0, 1.0, 1.0, 0.0, 0.0, 1.0, 0.0, 0.0, 0.0, 0.0, 3.0, 1.0, 0.0, 3.0, 3.0, 3.0, 1.0, 3.0, 3.0, 3.0, 4.0, 4.0, 3.0, 2.0, 4.0, 5.0, 4.0, 6.0, 2.0, 3.0, 7.0, 5.0, 2.0, 4.0, 3.0, 1.0, 2.0, 2.0, 2.0, 7.0, 1.0, 3.0, 4.0, 3.0, 4.0, 1.0, 1.0, 1.0, 2.0, 2.0, 1.0, 2.0, 0.0, 1.0, 1.0, 0.0, 0.0, 0.0, 0.0, 0.0, 1.0], "bins": [-0.11003287136554718, -0.10666781663894653, -0.10330275446176529, -0.09993769228458405, -0.0965726375579834, -0.09320758283138275, -0.08984252065420151, -0.08647745847702026, -0.08311240375041962, -0.07974734902381897, -0.07638228684663773, -0.07301722466945648, -0.06965216994285583, -0.06628711521625519, -0.06292205303907394, -0.059556994587183, -0.05619193613529205, -0.05282687768340111, -0.04946181923151016, -0.04609676077961922, -0.04273170232772827, -0.039366643875837326, -0.03600158542394638, -0.032636526972055435, -0.02927146852016449, -0.025906410068273544, -0.0225413516163826, -0.019176293164491653, -0.015811234712600708, -0.012446176260709763, -0.009081117808818817, -0.005716059356927872, -0.0023510009050369263, 0.0010140575468540192, 0.004379115998744965, 0.00774417445063591, 0.011109232902526855, 0.014474291354417801, 0.017839349806308746, 0.021204408258199692, 0.024569466710090637, 0.027934525161981583, 0.03129958361387253, 0.034664642065763474, 0.03802970051765442, 0.041394758969545364, 0.04475981742143631, 0.048124875873327255, 0.0514899343252182, 0.054854992777109146, 0.05822005122900009, 0.06158510968089104, 0.06495016813278198, 0.06831522285938263, 0.07168028503656387, 0.07504534721374512, 0.07841040194034576, 0.08177545666694641, 0.08514051884412766, 0.0885055810213089, 0.09187063574790955, 0.09523569047451019, 0.09860075265169144, 0.10196581482887268, 0.10533086955547333]}, "gradients/net.2.weight": {"_type": "histogram", "values": [2.0, 0.0, 1.0, 6.0, 1.0, 2.0, 4.0, 7.0, 8.0, 6.0, 10.0, 18.0, 16.0, 15.0, 16.0, 21.0, 35.0, 43.0, 65.0, 76.0, 76.0, 105.0, 162.0, 178.0, 240.0, 305.0, 367.0, 496.0, 637.0, 824.0, 1038.0, 1347.0, 1679.0, 1745.0, 1435.0, 1150.0, 883.0, 713.0, 576.0, 451.0, 333.0, 279.0, 200.0, 164.0, 148.0, 115.0, 84.0, 68.0, 46.0, 42.0, 33.0, 32.0, 16.0, 17.0, 10.0, 8.0, 9.0, 5.0, 4.0, 5.0, 3.0, 1.0, 0.0, 3.0], "bins": [-0.048645321279764175, -0.047180816531181335, -0.045716311782598495, -0.044251807034015656, -0.04278729856014252, -0.04132279381155968, -0.03985828906297684, -0.038393784314394, -0.03692927956581116, -0.03546477481722832, -0.03400027006864548, -0.03253576532006264, -0.031071258708834648, -0.029606753960251808, -0.02814224734902382, -0.02667774260044098, -0.02521323785185814, -0.0237487331032753, -0.02228422835469246, -0.02081972174346447, -0.01935521699488163, -0.01789071224629879, -0.0164262056350708, -0.01496170088648796, -0.01349719613790512, -0.012032691389322281, -0.010568185709416866, -0.009103680029511452, -0.007639175280928612, -0.0061746700666844845, -0.004710164852440357, -0.0032456591725349426, -0.0017811506986618042, -0.0003166454844176769, 0.0011478597298264503, 0.0026123649440705776, 0.004076870158314705, 0.005541375372558832, 0.0070058805868029594, 0.008470386266708374, 0.009934891015291214, 0.011399395763874054, 0.012863901443779469, 0.014328407123684883, 0.015792911872267723, 0.017257416620850563, 0.018721923232078552, 0.020186427980661392, 0.021650932729244232, 0.023115437477827072, 0.024579942226409912, 0.0260444488376379, 0.02750895358622074, 0.02897345833480358, 0.03043796494603157, 0.03190246969461441, 0.03336697444319725, 0.03483147919178009, 0.03629598394036293, 0.03776048868894577, 0.03922499716281891, 0.04068950191140175, 0.04215400665998459, 0.04361851140856743, 0.04508301615715027]}, "gradients/net.0.bias": {"_type": "histogram", "values": [1.0, 0.0, 0.0, 0.0, 0.0, 0.0, 0.0, 0.0, 0.0, 1.0, 0.0, 0.0, 0.0, 0.0, 0.0, 2.0, 0.0, 1.0, 1.0, 1.0, 1.0, 2.0, 2.0, 2.0, 5.0, 5.0, 1.0, 3.0, 6.0, 1.0, 2.0, 4.0, 4.0, 4.0, 3.0, 2.0, 5.0, 5.0, 6.0, 5.0, 2.0, 4.0, 3.0, 9.0, 2.0, 6.0, 3.0, 5.0, 0.0, 0.0, 5.0, 2.0, 1.0, 3.0, 1.0, 1.0, 2.0, 1.0, 1.0, 0.0, 1.0, 0.0, 0.0, 1.0],