{"train_loss": 11.953202247619629, "test_loss": 11.815042495727539, "_timestamp": 1717445157.251165, "_runtime": 18.564217805862427, "_step": 99, "gradients/net.4.bias": {"_type": "histogram", "values": [1.0, 0.0, 0.0, 0.0, 0.0, 0.0, 0.0, 0.0, 0.0, 0.0, 0.0, 0.0, 2.0, 0.0, 1.0, 1.0, 0.0, 1.0, 0.0, 0.0, 0.0, 0.0, 0.0, 0.0, 0.0, 0.0, 0.0, 1.0, 0.0, 0.0, 0.0, 0.0, 1.0, 0.0, 0.0, 0.0, 0.0, 0.0, 0.0, 0.0, 0.0, 0.0, 0.0, 0.0, 0.0, 1.0, 0.0, 1.0, 0.0, 0.0, 1.0, 0.0, 0.0, 0.0, 0.0, 0.0, 0.0, 0.0, 0.0, 0.0, 0.0, 0.0, 0.0, 1.0], "bins": [-0.027966391295194626, -0.026927243918180466, -0.025888098403811455, -0.024848951026797295, -0.023809805512428284, -0.022770658135414124, -0.021731510758399963, -0.020692363381385803, -0.019653217867016792, -0.018614070490002632, -0.01757492497563362, -0.01653577759861946, -0.015496631152927876, -0.01445748470723629, -0.01341833733022213, -0.012379190884530544, -0.011340044438838959, -0.010300897993147373, -0.009261751547455788, -0.008222604170441628, -0.007183457724750042, -0.006144311279058456, -0.005105164367705584, -0.004066017456352711, -0.003026871010661125, -0.001987724332138896, -0.0009485776536166668, 9.05690249055624e-05, 0.0011297157034277916, 0.002168862149119377, 0.00320800906047225, 0.004247155971825123, 0.00528629869222641, 0.0063254451379179955, 0.007364592049270868, 0.008403738960623741, 0.009442885406315327, 0.010482031852006912, 0.011521179229021072, 0.012560325674712658, 0.013599472120404243, 0.014638618566095829, 0.015677765011787415, 0.016716912388801575, 0.017756059765815735, 0.018795205280184746, 0.019834352657198906, 0.020873498171567917, 0.021912645548582077, 0.022951792925596237, 0.023990938439965248, 0.025030085816979408, 0.02606923133134842, 0.02710837870836258, 0.02814752608537674, 0.0291866734623909, 0.03022581897675991, 0.03126496449112892, 0.03230411186814308, 0.03334325924515724, 0.0343824066221714, 0.035421550273895264, 0.036460697650909424, 0.037499845027923584, 0.038538992404937744]}, "gradients/net.4.weight": {"_type": "histogram", "values": [120.0, 72.0, 125.0, 0.0, 0.0, 107.0, 8.0, 0.0, 0.0, 0.0, 0.0, 0.0, 0.0, 0.0, 0.0, 153.0, 0.0, 0.0, 0.0, 126.0, 0.0, 0.0, 130.0, 76.0, 245.0, 0.0, 133.0, 267.0, 129.0, 0.0, 74.0, 174.0, 0.0, 0.0, 0.0, 0.0, 0.0, 103.0, 0.0, 0.0, 11.0, 204.0, 0.0, 0.0, 0.0, 0.0, 0.0, 0.0, 95.0, 138.0, 147.0, 0.0, 72.0, 192.0, 0.0, 0.0, 0.0, 0.0, 0.0, 0.0, 0.0, 0.0, 8.0, 163.0], "bins": [-0.027652012184262276, -0.026746908202767372, -0.02584180422127247, -0.024936700239777565, -0.024031594395637512, -0.02312649041414261, -0.022221386432647705, -0.0213162824511528, -0.020411178469657898, -0.019506074488162994, -0.01860097050666809, -0.017695866525173187, -0.016790762543678284, -0.01588565856218338, -0.014980552718043327, -0.014075448736548424, -0.01317034475505352, -0.012265240773558617, -0.011360136792063713, -0.010455031879246235, -0.009549927897751331, -0.008644823916256428, -0.007739719469100237, -0.006834615021944046, -0.0059295110404491425, -0.005024407058954239, -0.004119302611798048, -0.003214198397472501, -0.0023090941831469536, -0.00140399020165205, -0.0004988857544958591, 0.0004062186926603317, 0.0013113226741552353, 0.0022164268884807825, 0.0031215311028063297, 0.004026635549962521, 0.004931739531457424, 0.005836843512952328, 0.006741947960108519, 0.0076470524072647095, 0.008552156388759613, 0.009457260370254517, 0.01036236435174942, 0.011267469264566898, 0.012172573246061802, 0.013077677227556705, 0.013982782140374184, 0.014887886121869087, 0.01579299010336399, 0.016698094084858894, 0.017603198066353798, 0.0185083020478487, 0.019413407891988754, 0.020318511873483658, 0.02122361585497856, 0.022128719836473465, 0.02303382381796837, 0.023938927799463272, 0.024844031780958176, 0.02574913576245308, 0.026654239743947983, 0.027559343725442886, 0.02846444956958294, 0.029369553551077843, 0.030274657532572746]}, "gradients/net.2.bias": {"_type": "histogram", "values": [2.0, 1.0, 0.0, 1.0, 4.0, 8.0, 3.0, 8.0, 9.0, 11.0, 12.0, 11.0, 10.0, 14.0, 15.0, 3.0, 12.0, 2.0, 2.0, 0.0, 1.0, 0.0, 0.0, 0.0, 0.0, 0.0, 0.0, 0.0, 0.0, 0.0, 0.0, 0.0, 0.0, 0.0, 0.0, 0.0, 0.0, 0.0, 0.0, 0.0, 0.0, 0.0, 1.0, 0.0, 0.0, 2.0, 0.0, 3.0, 14.0, 8.0, 8.0, 12.0, 7.0, 10.0, 11.0, 10.0, 4.0, 4.0, 12.0, 6.0, 7.0, 4.0, 2.0, 2.0], "bins": [-0.01620490662753582, -0.015708547085523605, -0.01521218940615654, -0.014715829864144325, -0.014219471253454685, -0.013723112642765045, -0.01322675310075283, -0.01273039449006319, -0.01223403587937355, -0.01173767726868391, -0.01124131865799427, -0.010744959115982056, -0.010248600505292416, -0.009752241894602776, -0.009255882352590561, -0.008759523741900921, -0.00826316513121128, -0.007766806520521641, -0.007270447444170713, -0.006774088367819786, -0.006277729757130146, -0.005781371146440506, -0.005285012070089579, -0.004788652993738651, -0.004292294383049011, -0.0037959355395287275, -0.003299576696008444, -0.00280321785248816, -0.0023068590089678764, -0.0018105001654475927, -0.001314141321927309, -0.0008177824784070253, -0.00032142456620931625, 0.00017493427731096745, 0.0006712931208312511, 0.0011676519643515348, 0.0016640108078718185, 0.0021603696513921022, 0.002656728494912386, 0.0031530873384326696, 0.0036494461819529533, 0.004145804792642593, 0.004642163868993521, 0.005138522945344448, 0.005634881556034088, 0.006131240166723728, 0.0066275992430746555, 0.007123958319425583, 0.007620316930115223, 0.008116675540804863, 0.008613035082817078, 0.009109393693506718, 0.009605752304196358, 0.010102110914885998, 0.010598469525575638, 0.011094829067587852, 0.011591187678277493, 0.012087546288967133, 0.012583905830979347, 0.013080264441668987, 0.013576623052358627, 0.014072981663048267, 0.014569340273737907, 0.015065699815750122, 0.015562058426439762]}, "gradients/net.2.weight": {"_type": "histogram", "values": [40.0, 20742.0, 11772.0, 29.0, 0.0, 0.0, 0.0, 0.0, 0.0, 0.0, 0.0, 0.0, 0.0, 0.0, 0.0, 0.0, 0.0, 0.0, 0.0, 0.0, 0.0, 0.0, 0.0, 0.0, 0.0, 0.0, 0.0, 0.0, 0.0, 0.0, 0.0, 0.0, 0.0, 0.0, 0.0, 0.0, 0.0, 0.0, 0.0, 0.0, 0.0, 0.0, 0.0, 0.0, 0.0, 0.0, 0.0, 0.0, 0.0, 0.0, 0.0, 0.0, 0.0, 0.0, 0.0, 0.0, 0.0, 0.0, 0.0, 0.0, 0.0, 705.0, 32071.0, 177.0], "bins": [-0.010654322803020477, -0.01032324694097042, -0.009992171078920364, -0.009661096148192883, -0.009330020286142826, -0.00899894442409277, -0.008667869493365288, -0.008336793631315231, -0.008005717769265175, -0.007674641907215118, -0.007343566510826349, -0.00701249111443758, -0.006681415252387524, -0.006350339390337467, -0.006019263993948698, -0.005688188597559929, -0.0053571127355098724, -0.005026036873459816, -0.004694961477071047, -0.004363886080682278, -0.004032810218632221, -0.0037017345894128084, -0.0033706589601933956, -0.003039583330973983, -0.00270850770175457, -0.002377432072535157, -0.0020463564433157444, -0.0017152808140963316, -0.0013842051848769188, -0.001053129555657506, -0.0007220539264380932, -0.0003909782972186804, -5.990173667669296e-05, 0.00027117389254271984, 0.0006022495217621326, 0.0009333251509815454, 0.0012644007802009583, 0.001595476409420371, 0.0019265520386397839, 0.0022576276678591967, 0.0025887032970786095, 0.0029197789262980223, 0.003250854555517435, 0.003581930184736848, 0.003913005813956261, 0.004244081676006317, 0.004575157072395086, 0.0049062324687838554, 0.005237308330833912, 0.005568384192883968, 0.0058994595892727375, 0.006230534985661507, 0.006561610847711563, 0.00689268670976162, 0.007223762106150389, 0.007554837502539158, 0.007885913364589214, 0.00821698922663927, 0.008548064157366753, 0.008879140019416809, 0.009210215881466866, 0.009541291743516922, 0.009872367605566978, 0.01020344253629446, 0.010534518398344517]}, "gradients/net.0.bias": {"_type": "histogram",