{"train_loss": 5.690701073035598e-05, "train_grad": 0.0003020268050022423, "train_H": 0.0007544379332102835, "test_loss": 0.0005062812124378979, "test_grad": 0.001875711721368134, "test_h": 0, "test_H": 0.0008947564056143165, "_timestamp": 1717581495.3920975, "_runtime": 21.672699451446533, "_step": 499, "gradients/NN.net.2.bias": {"_type": "histogram", "values": [0.0, 0.0, 0.0, 0.0, 0.0, 0.0, 0.0, 0.0, 0.0, 0.0, 0.0, 0.0, 0.0, 0.0, 0.0, 0.0, 0.0, 0.0, 0.0, 0.0, 0.0, 0.0, 0.0, 0.0, 0.0, 0.0, 0.0, 0.0, 0.0, 0.0, 0.0, 0.0, 1.0, 0.0, 0.0, 0.0, 0.0, 0.0, 0.0, 0.0, 0.0, 0.0, 0.0, 0.0, 0.0, 0.0, 0.0, 0.0, 0.0, 0.0, 0.0, 0.0, 0.0, 0.0, 0.0, 0.0, 0.0, 0.0, 0.0, 0.0, 0.0, 0.0, 0.0, 0.0], "bins": [-7.659025868633762e-06, -7.659025868633762e-06, -7.659025868633762e-06, -7.659025868633762e-06, -7.659025868633762e-06, -7.659025868633762e-06, -7.659025868633762e-06, -7.659025868633762e-06, -7.659025868633762e-06, -7.659025868633762e-06, -7.659025868633762e-06, -7.659025868633762e-06, -7.659025868633762e-06, -7.659025868633762e-06, -7.659025868633762e-06, -7.659025868633762e-06, -7.659025868633762e-06, -7.659025868633762e-06, -7.659025868633762e-06, -7.659025868633762e-06, -7.659025868633762e-06, -7.659025868633762e-06, -7.659025868633762e-06, -7.659025868633762e-06, -7.659025868633762e-06, -7.659025868633762e-06, -7.659025868633762e-06, -7.659025868633762e-06, -7.659025868633762e-06, -7.659025868633762e-06, -7.659025868633762e-06, -7.659025868633762e-06, -7.659025868633762e-06, -7.659025868633762e-06, -7.659025868633762e-06, -7.659025868633762e-06, -7.659025868633762e-06, -7.659025868633762e-06, -7.659025868633762e-06, -7.659025868633762e-06, -7.659025868633762e-06, -7.659025868633762e-06, -7.659025868633762e-06, -7.659025868633762e-06, -7.659025868633762e-06, -7.659025868633762e-06, -7.659025868633762e-06, -7.659025868633762e-06, -7.659025868633762e-06, -7.659025868633762e-06, -7.659025868633762e-06, -7.659025868633762e-06, -7.659025868633762e-06, -7.659025868633762e-06, -7.659025868633762e-06, -7.659025868633762e-06, -7.659025868633762e-06, -7.659025868633762e-06, -7.659025868633762e-06, -7.659025868633762e-06, -7.659025868633762e-06, -7.659025868633762e-06, -7.659025868633762e-06, -7.659025868633762e-06, -7.659025868633762e-06]}, "gradients/NN.net.2.weight": {"_type": "histogram", "values": [1.0, 0.0, 0.0, 1.0, 2.0, 0.0, 0.0, 0.0, 1.0, 1.0, 0.0, 0.0, 4.0, 5.0, 4.0, 6.0, 6.0, 8.0, 12.0, 9.0, 10.0, 6.0, 17.0, 14.0, 20.0, 18.0, 18.0, 25.0, 32.0, 39.0, 32.0, 27.0, 20.0, 32.0, 18.0, 16.0, 16.0, 19.0, 7.0, 9.0, 12.0, 9.0, 9.0, 2.0, 6.0, 4.0, 3.0, 1.0, 4.0, 2.0, 0.0, 2.0, 1.0, 0.0, 0.0, 0.0, 0.0, 0.0, 0.0, 0.0, 0.0, 0.0, 0.0, 2.0], "bins": [-0.00029492395697161555, -0.0002849528973456472, -0.00027498186682350934, -0.000265010807197541, -0.0002550397766754031, -0.0002450687170494348, -0.00023509767197538167, -0.00022512662690132856, -0.00021515558182727545, -0.00020518453675322235, -0.00019521349167916924, -0.00018524244660511613, -0.0001752713869791478, -0.0001653003564570099, -0.00015532929683104157, -0.00014535825175698847, -0.00013538720668293536, -0.00012541616160888225, -0.00011544511653482914, -0.00010547406418481842, -9.550301911076531e-05, -8.55319740367122e-05, -7.556092168670148e-05, -6.558987661264837e-05, -5.561883153859526e-05, -4.564778646454215e-05, -3.5676737752510235e-05, -2.5705690859467722e-05, -1.573464396642521e-05, -5.7635988923721015e-06, 4.207449819659814e-06, 1.417849853169173e-05, 2.4149514501914382e-05, 3.412055957596749e-05, 4.4091608287999406e-05, 5.406265700003132e-05, 6.403370207408443e-05, 7.400474714813754e-05, 8.397579949814826e-05, 9.394684457220137e-05, 0.00010391788964625448, 0.00011388893472030759, 0.0001238599797943607, 0.0001338310248684138, 0.00014380208449438214, 0.00015377311501652002, 0.00016374417464248836, 0.00017371521971654147, 0.00018368626479059458, 0.0001936573098646477, 0.0002036283549387008, 0.0002135994000127539, 0.000223570445086807, 0.00023354150471277535, 0.00024351254978682846, 0.00025348359486088157, 0.00026345462538301945, 0.0002734256850089878, 0.00028339671553112566, 0.000293367775157094, 0.0003033388056792319, 0.0003133098653052002, 0.0003232808958273381, 0.00033325195545330644, 0.0003432230150792748]}, "gradients/NN.net.0.bias": {"_type": "histogram", "values": [1.0, 0.0, 0.0, 0.0, 1.0, 0.0, 0.0, 2.0, 2.0, 0.0, 1.0, 0.0, 0.0, 0.0, 4.0, 3.0, 4.0, 2.0, 4.0, 5.0, 1.0, 8.0, 9.0, 11.0, 9.0, 5.0, 14.0, 13.0, 24.0, 34.0, 28.0, 57.0, 49.0, 36.0, 27.0, 24.0, 29.0, 18.0, 15.0, 11.0, 6.0, 9.0, 9.0, 2.0, 6.0, 5.0, 3.0, 1.0, 2.0, 0.0, 1.0, 5.0, 3.0, 2.0, 0.0, 2.0, 0.0, 1.0, 0.0, 1.0, 0.0, 0.0, 2.0, 1.0], "bins": [-3.497576472000219e-05, -3.388735422049649e-05, -3.279894372099079e-05, -3.171053322148509e-05, -3.0622122721979395e-05, -2.9533712222473696e-05, -2.8445301722967997e-05, -2.73568912234623e-05, -2.62684807239566e-05, -2.51800702244509e-05, -2.4091659724945202e-05, -2.3003249225439504e-05, -2.1914838725933805e-05, -2.0826428226428106e-05, -1.9738017726922408e-05, -1.864960722741671e-05, -1.756119672791101e-05, -1.6472786228405312e-05, -1.5384375728899613e-05, -1.4295965229393914e-05, -1.3207554729888216e-05, -1.2119144230382517e-05, -1.1030733730876818e-05, -9.94232323137112e-06, -8.853912731865421e-06, -7.765502232359722e-06, -6.6770917328540236e-06, -5.588681233348325e-06, -4.500270733842626e-06, -3.4118602343369275e-06, -2.323449734831229e-06, -1.2350392353255302e-06, -1.466250978410244e-07, 9.417854016646743e-07, 2.030195901170373e-06, 3.1186064006760716e-06, 4.20701690018177e-06, 5.295427399687469e-06, 6.383837899193168e-06, 7.472248398698866e-06, 8.560658898204565e-06, 9.649069397710264e-06, 1.0737479897215962e-05, 1.1825890396721661e-05, 1.291430089622736e-05, 1.4002711395733058e-05, 1.5091121895238757e-05, 1.6179532394744456e-05, 1.7267942894250154e-05, 1.8356353393755853e-05, 1.9444763893261552e-05, 2.053317439276725e-05, 2.162158489227295e-05, 2.2709995391778648e-05, 2.3798405891284347e-05, 2.4886816390790045e-05, 2.5975226890295744e-05, 2.7063637389801443e-05, 2.815204788930714e-05, 2.924045838881284e-05, 3.032886888831854e-05, 3.141727938782424e-05, 3.2505689887329936e-05, 3.3594100386835635e-05, 3.4682510886341333e-05]}, "gradients/NN.net.0.weight": {"_type": "histogram", "values": [2.0, 0.0, 0.0, 0.0, 2.0, 3.0, 3.0, 2.0, 1.0, 8.0, 4.0, 4.0, 7.0, 9.0, 14.0, 8.0, 15.0, 15.0, 28.0, 24.0, 26.0, 27.0, 58.0, 68.0, 72.0, 113.0, 160.0, 247.0, 350.0, 631.0, 1688.0, 991.0, 483.0, 292.0, 191.0, 142.0, 80.0, 75.0, 46.0, 50.0, 39.0, 26.0, 25.0, 24.0, 14.0, 16.0, 8.0, 15.0, 6.0, 5.0, 7.0, 8.0, 1.0, 3.0, 0.0, 2.0, 0.0, 0.0, 1.0, 2.0, 1.0, 1.0, 0.0, 1.0],