{"train_loss": 0.008439102210104465, "train_grad": 0.001873609027825296, "test_loss": 0.007754762656986713, "test_grad": 0.001563439378514886, "_timestamp": 1717544050.8874311, "_runtime": 38.2878851890564, "_step": 23, "_wandb": {"runtime": 39}}