{"train_loss": 4.079154014587402, "test_loss": 4.060879230499268, "_timestamp": 1717525770.0560074, "_runtime": 1309.0348584651947, "_step": 149, "parameters/net.layer1.NN.weight": {"_type": "histogram", "values": [1.0, 0.0, 0.0, 2.0, 1.0, 1.0, 1.0, 0.0, 1.0, 1.0, 1.0, 2.0, 3.0, 1.0, 2.0, 2.0, 2.0, 1.0, 0.0, 3.0, 6.0, 9.0, 7.0, 7.0, 6.0, 5.0, 4.0, 8.0, 11.0, 11.0, 4.0, 4.0, 9.0, 11.0, 9.0, 9.0, 7.0, 8.0, 7.0, 6.0, 10.0, 7.0, 8.0, 5.0, 3.0, 2.0, 7.0, 7.0, 5.0, 5.0, 1.0, 4.0, 0.0, 1.0, 4.0, 2.0, 4.0, 0.0, 4.0, 1.0, 0.0, 1.0, 1.0, 1.0], "bins": [-0.2829287648200989, -0.2746181786060333, -0.26630762219429016, -0.2579970359802246, -0.24968644976615906, -0.2413758784532547, -0.23306530714035034, -0.2247547209262848, -0.21644414961338043, -0.20813357830047607, -0.19982299208641052, -0.19151242077350616, -0.1832018494606018, -0.17489126324653625, -0.1665806919336319, -0.15827012062072754, -0.149959534406662, -0.14164896309375763, -0.13333837687969208, -0.12502780556678772, -0.11671722680330276, -0.10840664803981781, -0.10009607672691345, -0.0917854979634285, -0.08347491919994354, -0.07516434043645859, -0.06685376167297363, -0.058543190360069275, -0.05023261159658432, -0.041922032833099365, -0.03361145779490471, -0.025300882756710052, -0.01699031889438629, -0.008679741993546486, -0.0003691650927066803, 0.007941411808133125, 0.01625198870897293, 0.024562567472457886, 0.03287314251065254, 0.0411837175488472, 0.04949429631233215, 0.05780487507581711, 0.06611545383930206, 0.07442602515220642, 0.08273660391569138, 0.09104718267917633, 0.09935775399208069, 0.10766833275556564, 0.1159789115190506, 0.12428949028253555, 0.1326000690460205, 0.14091064035892487, 0.14922121167182922, 0.15753179788589478, 0.16584236919879913, 0.1741529405117035, 0.18246352672576904, 0.1907740980386734, 0.19908468425273895, 0.2073952555656433, 0.21570584177970886, 0.22401641309261322, 0.23232698440551758, 0.24063757061958313, 0.2489481419324875]}, "parameters/net.layer1.NN.bias": {"_type": "histogram", "values": [1.0, 0.0, 0.0, 0.0, 0.0, 0.0, 1.0, 0.0, 0.0, 1.0, 0.0, 1.0, 1.0, 0.0, 1.0, 1.0, 0.0, 1.0, 4.0, 3.0, 2.0, 4.0, 2.0, 3.0, 7.0, 3.0, 8.0, 5.0, 6.0, 2.0, 1.0, 2.0, 0.0, 1.0, 3.0, 1.0, 0.0, 1.0, 0.0, 1.0, 5.0, 4.0, 3.0, 1.0, 3.0, 4.0, 4.0, 2.0, 4.0, 2.0, 2.0, 1.0, 3.0, 6.0, 2.0, 5.0, 5.0, 0.0, 0.0, 3.0, 0.0, 0.0, 1.0, 1.0], "bins": [-0.08524282276630402, -0.08292094618082047, -0.08059906959533691, -0.07827719300985336, -0.07595531642436981, -0.07363344728946686, -0.0713115707039833, -0.06898969411849976, -0.0666678175330162, -0.06434594094753265, -0.0620240643620491, -0.05970219150185585, -0.0573803149163723, -0.05505843833088875, -0.052736565470695496, -0.050414688885211945, -0.048092812299728394, -0.04577093571424484, -0.04344905912876129, -0.04112718626856804, -0.03880530968308449, -0.03648343309760094, -0.034161560237407684, -0.03183968365192413, -0.029517807066440582, -0.02719593048095703, -0.02487405575811863, -0.022552181035280228, -0.020230304449796677, -0.017908427864313126, -0.015586553141474724, -0.013264678418636322, -0.010942801833152771, -0.008620926178991795, -0.006299050524830818, -0.003977174870669842, -0.0016552992165088654, 0.000666576437652111, 0.0029884520918130875, 0.005310326814651489, 0.00763220340013504, 0.009954079054296017, 0.012275954708456993, 0.01459783036261797, 0.016919706016778946, 0.019241582602262497, 0.0215634573251009, 0.0238853320479393, 0.02620720863342285, 0.028529085218906403, 0.030850959941744804, 0.033172834664583206, 0.03549471125006676, 0.03781658783555031, 0.04013846069574356, 0.04246033728122711, 0.04478221386671066, 0.047104090452194214, 0.049425967037677765, 0.05174783989787102, 0.05406971648335457, 0.05639159306883812, 0.05871346592903137, 0.06103534251451492, 0.06335721909999847]}, "parameters/net.layer2.NN.weight": {"_type": "histogram", "values": [1.0, 0.0, 1.0, 1.0, 4.0, 3.0, 5.0, 11.0, 16.0, 16.0, 20.0, 30.0, 47.0, 68.0, 92.0, 105.0, 147.0, 180.0, 209.0, 284.0, 306.0, 358.0, 410.0, 500.0, 532.0, 590.0, 674.0, 736.0, 781.0, 812.0, 819.0, 782.0, 811.0, 767.0, 775.0, 734.0, 661.0, 581.0, 521.0, 550.0, 448.0, 403.0, 325.0, 251.0, 211.0, 193.0, 144.0, 118.0, 99.0, 75.0, 55.0, 28.0, 29.0, 26.0, 14.0, 9.0, 4.0, 1.0, 2.0, 1.0, 3.0, 0.0, 2.0, 3.0], "bins": [-0.40146884322166443, -0.38878268003463745, -0.37609654664993286, -0.3634103834629059, -0.3507242202758789, -0.3380380868911743, -0.32535192370414734, -0.31266576051712036, -0.29997962713241577, -0.2872934639453888, -0.2746073305606842, -0.2619211673736572, -0.24923500418663025, -0.23654885590076447, -0.22386270761489868, -0.2111765444278717, -0.19849038124084473, -0.18580423295497894, -0.17311806976795197, -0.16043192148208618, -0.1477457582950592, -0.13505961000919342, -0.12237346172332764, -0.10968730598688126, -0.09700115025043488, -0.0843149945139885, -0.07162883877754211, -0.05894269049167633, -0.04625653475522995, -0.03357037901878357, -0.020884230732917786, -0.008198074996471405, 0.004488050937652588, 0.01717420481145382, 0.02986035868525505, 0.04254651069641113, 0.05523266643285751, 0.0679188221693039, 0.08060497045516968, 0.09329112619161606, 0.10597728192806244, 0.11866343766450882, 0.1313495934009552, 0.14403574168682098, 0.15672188997268677, 0.16940805315971375, 0.18209420144557953, 0.1947803497314453, 0.2074665129184723, 0.22015266120433807, 0.23283882439136505, 0.24552497267723083, 0.2582111358642578, 0.2708972692489624, 0.2835834324359894, 0.29626959562301636, 0.30895572900772095, 0.3216418921947479, 0.3343280255794525, 0.3470141887664795, 0.35970035195350647, 0.37238651514053345, 0.38507264852523804, 0.397758811712265, 0.410444974899292]}, "parameters/net.layer2.NN.bias": {"_type": "histogram", "values": [1.0, 0.0, 0.0, 0.0, 1.0, 1.0, 1.0, 0.0, 0.0, 0.0, 0.0, 4.0, 2.0, 2.0, 3.0, 3.0, 4.0, 4.0, 6.0, 6.0, 6.0, 4.0, 0.0, 5.0, 10.0, 5.0, 4.0, 1.0, 3.0, 1.0, 2.0, 0.0, 0.0, 0.0, 1.0, 1.0, 0.0, 0.0, 1.0, 0.0, 0.0, 0.0, 1.0, 0.0, 2.0, 2.0, 1.0, 2.0, 3.0, 0.0, 5.0, 2.0, 7.0, 2.0, 3.0, 4.0, 3.0, 1.0, 0.0, 3.0, 2.0, 0.0, 1.0, 2.0], "bins": [-0.060948632657527924, -0.05938655138015747, -0.057824473828077316, -0.05626239255070686, -0.05470031499862671, -0.053138233721256256, -0.0515761524438858, -0.05001407116651535, -0.048451993614435196, -0.04688991233706474, -0.04532783478498459, -0.043765753507614136, -0.04220367223024368, -0.04064159467816353, -0.039079513400793076, -0.03751743584871292, -0.03595535457134247, -0.034393273293972015, -0.03283119574189186, -0.03126911446452141, -0.029707035049796104, -0.0281449556350708, -0.026582874357700348, -0.025020794942975044, -0.02345871552824974, -0.021896636113524437, -0.020334556698799133, -0.01877247542142868, -0.017210396006703377, -0.015648316591978073, -0.014086236245930195, -0.012524155899882317, -0.010962072759866714, -0.00939999334514141, -0.007837912999093533, -0.006275833118706942, -0.004713753238320351, -0.0031516733579337597, -0.0015895934775471687, -2.7513131499290466e-05, 0.0015345662832260132, 0.003096646163612604, 0.004658726043999195, 0.006220805924385786, 0.007782885804772377, 0.00934496521949768, 0.010907045565545559, 0.012469125911593437, 0.01403120532631874, 0.015593284741044044, 0.017155364155769348, 0.0187174454331398, 0.020279524847865105, 0.02184160426259041, 0.02340368553996086, 0.024965764954686165, 0.02652784436941147, 0.028089923784136772, 0.029652003198862076, 0.03121408447623253, 0.03277616202831268, 0.034338243305683136, 0.03590032458305359, 0.03746240586042404, 0.039024483412504196]}, "parameters/net.layer3.NN.weight": {"_type": "histogram", "values": [2.0, 0.0, 1.0, 0.0, 0.0, 0.0, 0.0, 0.0, 1.0, 2.0, 4.0, 1.0, 3.0, 6.0, 1.0, 3.0, 4.0, 7.0, 6.0, 6.0, 2.0, 6.0, 4.0, 5.0, 6.0, 18.0, 9.0, 14.0, 7.0, 10.0, 11.0, 7.0, 12.0, 8.0, 5.0, 7.0, 4.0, 4.0, 6.0, 8.0, 5.0, 10.0, 5.0, 4.0, 5.0, 6.0, 6.0, 3.0, 3.0, 2.0, 1.0, 2.0, 0.0, 1.0, 0.0, 0.0, 0.0, 0.0, 0.0, 1.0, 0.0, 0.0, 0.0, 2.0],