{"gradients/net.0.weight": {"_type": "histogram", "values": [2.0, 1.0, 0.0, 3.0, 2.0, 9.0, 8.0, 1.0, 5.0, 10.0, 10.0, 14.0, 11.0, 21.0, 25.0, 32.0, 23.0, 45.0, 59.0, 58.0, 66.0, 65.0, 76.0, 87.0, 125.0, 138.0, 125.0, 112.0, 152.0, 161.0, 154.0, 162.0, 154.0, 153.0, 108.0, 115.0, 108.0, 98.0, 90.0, 67.0, 75.0, 69.0, 46.0, 43.0, 41.0, 31.0, 18.0, 16.0, 17.0, 15.0, 9.0, 9.0, 6.0, 6.0, 4.0, 2.0, 2.0, 3.0, 1.0, 1.0, 0.0, 2.0, 0.0, 1.0], "bins": [-7.389829988824204e-05, -7.147939322749153e-05, -6.90604792907834e-05, -6.66415726300329e-05, -6.422266596928239e-05, -6.180375203257427e-05, -5.938484537182376e-05, -5.696593871107325e-05, -5.4547028412343934e-05, -5.212811811361462e-05, -4.970921145286411e-05, -4.7290301154134795e-05, -4.487139085540548e-05, -4.245248419465497e-05, -4.0033573895925656e-05, -3.761466723517515e-05, -3.519575693644583e-05, -3.277684663771652e-05, -3.035793997696601e-05, -2.7939029678236693e-05, -2.552012119849678e-05, -2.310121271875687e-05, -2.0682302420027554e-05, -1.8263393940287642e-05, -1.584448546054773e-05, -1.3425576980807818e-05, -1.1006667591573205e-05, -8.587758202338591e-06, -6.168849722598679e-06, -3.7499407881114166e-06, -1.3310318536241539e-06, 1.0878770808631089e-06, 3.5067932913079858e-06, 5.9257022257952485e-06, 8.344611160282511e-06, 1.0763520549517125e-05, 1.3182429029257037e-05, 1.560133750899695e-05, 1.8020247807726264e-05, 2.0439156287466176e-05, 2.2858064767206088e-05, 2.5276973246946e-05, 2.769588172668591e-05, 3.0114792025415227e-05, 3.253370232414454e-05, 3.495260898489505e-05, 3.7371519283624366e-05, 3.9790425944374874e-05, 4.220933624310419e-05, 4.4628246541833505e-05, 4.704715320258401e-05, 4.946606350131333e-05, 5.188497016206384e-05, 5.430388046079315e-05, 5.672279075952247e-05, 5.9141697420272976e-05, 6.15606113569811e-05, 6.397951801773161e-05, 6.639842467848212e-05, 6.881733133923262e-05, 7.123624527594075e-05, 7.365515193669125e-05, 7.607405859744176e-05, 7.849297253414989e-05, 8.09118791949004e-05]}, "_timestamp": 1720043470.6126215, "gradients/net.2.weight": {"_type": "histogram", "values": [1.0, 1.0, 1.0, 3.0, 2.0, 2.0, 1.0, 3.0, 6.0, 3.0, 7.0, 13.0, 23.0, 26.0, 34.0, 38.0, 69.0, 85.0, 127.0, 153.0, 230.0, 314.0, 438.0, 552.0, 791.0, 1110.0, 1590.0, 2292.0, 3270.0, 4616.0, 6919.0, 9992.0, 9934.0, 6917.0, 4631.0, 3237.0, 2241.0, 1573.0, 1216.0, 813.0, 620.0, 417.0, 337.0, 224.0, 185.0, 120.0, 116.0, 72.0, 39.0, 34.0, 32.0, 15.0, 18.0, 8.0, 8.0, 5.0, 4.0, 1.0, 1.0, 2.0, 0.0, 1.0, 1.0, 2.0], "bins": [-4.490448554861359e-05, -4.3501811887836084e-05, -4.2099138227058575e-05, -4.0696464566281065e-05, -3.9293790905503556e-05, -3.789111724472605e-05, -3.648844358394854e-05, -3.508576992317103e-05, -3.368309262441471e-05, -3.22804189636372e-05, -3.0877745302859694e-05, -2.9475073461071588e-05, -2.8072397981304675e-05, -2.6669724320527166e-05, -2.5267050659749657e-05, -2.3864376998972148e-05, -2.246170333819464e-05, -2.105902967741713e-05, -1.965635601663962e-05, -1.825368235586211e-05, -1.68510086950846e-05, -1.544833321531769e-05, -1.404565955454018e-05, -1.264298589376267e-05, -1.1240312232985161e-05, -9.837638572207652e-06, -8.434964911430143e-06, -7.032290341157932e-06, -5.629616680380423e-06, -4.226943019602913e-06, -2.8242689040780533e-06, -1.4215950159268687e-06, -1.8921127775684e-08, 1.3837527603755007e-06, 2.7864266485266853e-06, 4.189100764051545e-06, 5.591774424829055e-06, 6.994448085606564e-06, 8.397122655878775e-06, 9.799796316656284e-06, 1.1202469977433793e-05, 1.2605143638211302e-05, 1.4007817298988812e-05, 1.541049095976632e-05, 1.6813166439533234e-05, 1.8215840100310743e-05, 1.9618513761088252e-05, 2.102118742186576e-05, 2.242386108264327e-05, 2.382653474342078e-05, 2.522920840419829e-05, 2.6631882064975798e-05, 2.8034555725753307e-05, 2.943723120552022e-05, 3.0839903047308326e-05, 3.2242576708085835e-05, 3.3645250368863344e-05, 3.504792766761966e-05, 3.645060132839717e-05, 3.785327498917468e-05, 3.925594864995219e-05, 4.06586223107297e-05, 4.2061295971507207e-05, 4.3463969632284716e-05, 4.4866643293062225e-05]}, "gradients/net.4.bias": {"_type": "histogram", "values": [1.0, 0.0, 0.0, 0.0, 0.0, 0.0, 0.0, 0.0, 0.0, 0.0, 0.0, 0.0, 0.0, 0.0, 0.0, 0.0, 0.0, 0.0, 0.0, 1.0, 0.0, 1.0, 0.0, 0.0, 0.0, 0.0, 0.0, 0.0, 0.0, 0.0, 0.0, 0.0, 0.0, 0.0, 0.0, 1.0, 0.0, 1.0, 1.0, 1.0, 0.0, 0.0, 0.0, 0.0, 0.0, 0.0, 0.0, 0.0, 0.0, 0.0, 0.0, 0.0, 0.0, 0.0, 0.0, 1.0, 0.0, 1.0, 0.0, 0.0, 1.0, 0.0, 1.0, 1.0], "bins": [-0.00021078999270685017, -0.00020398246124386787, -0.00019717492978088558, -0.0001903674128698185, -0.0001835598814068362, -0.00017675234994385391, -0.00016994483303278685, -0.00016313730156980455, -0.00015632977010682225, -0.00014952223864383996, -0.00014271470718085766, -0.0001359071902697906, -0.0001290996588068083, -0.000122292127343826, -0.00011548460315680131, -0.00010867707896977663, -0.00010186954750679433, -9.506201604381204e-05, -8.825449185678735e-05, -8.144696766976267e-05, -7.463943620678037e-05, -6.783190474379808e-05, -6.1024380556773394e-05, -5.4216852731769904e-05, -4.7409324906766415e-05, -4.0601797081762925e-05, -3.3794269256759435e-05, -2.6986741431755945e-05, -2.0179213606752455e-05, -1.3371685781748965e-05, -6.5641579567454755e-06, 2.433698682580143e-07, 7.050897693261504e-06, 1.3858425518264994e-05, 2.0665953343268484e-05, 2.7473481168271974e-05, 3.4281008993275464e-05, 4.1088536818278953e-05, 4.789606464328244e-05, 5.470359246828593e-05, 6.151112029328942e-05, 6.831865175627172e-05, 7.51261759432964e-05, 8.193370013032109e-05, 8.874123159330338e-05, 9.554876305628568e-05, 0.00010235628724331036, 0.00010916381143033504, 0.00011597134289331734, 0.00012277887435629964, 0.00012958640581928194, 0.000136393922730349, 0.0001432014541933313, 0.0001500089856563136, 0.00015681650256738067, 0.00016362403403036296, 0.00017043156549334526, 0.00017723909695632756, 0.00018404662841930985, 0.00019085414533037692, 0.00019766167679335922, 0.00020446920825634152, 0.00021127672516740859, 0.00021808425663039088, 0.00022489178809337318]}, "gradients/net.4.weight": {"_type": "histogram", "values": [1.0, 0.0, 0.0, 0.0, 1.0, 1.0, 2.0, 0.0, 0.0, 0.0, 2.0, 0.0, 0.0, 1.0, 1.0, 3.0, 3.0, 8.0, 2.0, 7.0, 7.0, 7.0, 12.0, 15.0, 16.0, 20.0, 16.0, 53.0, 54.0, 87.0, 134.0, 154.0, 174.0, 196.0, 268.0, 194.0, 230.0, 180.0, 193.0, 187.0, 157.0, 138.0, 114.0, 101.0, 72.0, 52.0, 50.0, 28.0, 34.0, 19.0, 21.0, 10.0, 6.0, 13.0, 10.0, 4.0, 2.0, 2.0, 4.0, 0.0, 3.0, 1.0, 1.0, 1.0],